Date,Open,High,Low,Close,Volume
1977-01-03,3.5340,3.6134,3.5340,3.5416,394455
1977-01-04,3.5257,3.5257,3.4622,3.4622,284153
1977-01-05,3.4704,3.5416,3.4704,3.4780,334201
1977-01-06,3.4780,3.4939,3.4539,3.4539,241042
1977-01-07,3.4539,3.4780,3.4069,3.4069,206578
1977-01-10,3.4069,3.4145,3.3434,3.3669,408142
1977-01-11,3.3510,3.3510,3.2798,3.2798,349607
1977-01-12,3.2716,3.2716,3.2004,3.2398,318617
1977-01-13,3.2716,3.2875,3.2716,3.2716,418526
1977-01-14,3.2716,3.3192,3.2481,3.3116,1317925
1977-01-17,3.3116,3.3275,3.3034,3.3192,1164672
1977-01-18,3.3192,3.3351,3.3192,3.3275,385799
1977-01-19,3.3275,3.3828,3.3275,3.3828,163636
1977-01-20,3.3986,3.4387,3.3986,3.3986,304938
1977-01-21,3.3986,3.4221,3.3904,3.4069,1846922
1977-01-24,3.4069,3.4304,3.3828,3.3986,885542
1977-01-25,3.3986,3.3986,3.3034,3.3034,549613
1977-01-26,3.3034,3.3351,3.2875,3.3034,203292
1977-01-27,3.2557,3.2557,3.1763,3.1922,441039
1977-01-28,3.2081,3.2557,3.2081,3.2398,194636
1977-01-31,3.2398,3.2398,3.1522,3.1922,351344
1977-02-01,3.1922,3.2239,3.1839,3.2081,141124
1977-02-02,3.2081,3.2322,3.1687,3.1687,931948
1977-02-03,3.1687,3.1763,3.1522,3.1522,218698
1977-02-04,3.1522,3.1522,3.0334,3.0492,621818
1977-02-07,3.0492,3.0492,2.9381,2.9381,518445
1977-02-08,2.9381,3.0016,2.9381,2.9781,732120
1977-02-09,2.9781,2.9781,2.9222,2.9222,25799
1977-02-10,2.9222,2.9381,2.8987,2.8987,466838
1977-02-11,2.8987,2.9222,2.8987,2.9222,506494
1977-02-14,2.9222,2.9540,2.8987,2.9540,530565
1977-02-15,2.9540,2.9622,2.9381,2.9381,869958
1977-02-16,2.9381,2.9698,2.9381,2.9540,568484
1977-02-17,2.9381,2.9381,2.8987,2.9063,246234
1977-02-18,2.8904,2.8904,2.7634,2.8504,528828
1977-02-22,2.8504,2.8587,2.8269,2.8428,230819
1977-02-23,2.8428,2.8428,2.8186,2.8269,120517
1977-02-24,2.8186,2.8186,2.7716,2.7793,267010
1977-02-25,2.7793,2.8110,2.7634,2.8110,535757
1977-02-28,2.8034,2.8034,2.7951,2.8034,242770
1977-03-01,2.8034,2.8822,2.8034,2.8822,589091
1977-03-02,2.8822,2.9063,2.8746,2.8822,566756
1977-03-03,2.8904,3.0016,2.8904,2.9857,463374
1977-03-04,2.9857,2.9940,2.9622,2.9940,377143
1977-03-07,3.0016,3.0334,3.0016,3.0334,247961
1977-03-08,3.0334,3.0334,2.9857,2.9940,511685
1977-03-09,2.9698,2.9698,2.9222,2.9305,198091
1977-03-10,2.9305,2.9540,2.8822,2.9540,458182
1977-03-11,2.9540,2.9698,2.9463,2.9463,160172
1977-03-14,2.9540,3.0334,2.9540,3.0175,303201
1977-03-15,3.0334,3.0810,3.0334,3.0569,516886
1977-03-16,3.0569,3.0886,3.0569,3.0810,416799
1977-03-17,3.0810,3.1287,3.0734,3.1128,461646
1977-03-18,3.1128,3.1445,3.1128,3.1128,347880
1977-03-21,3.1128,3.1204,3.0651,3.0734,561555
1977-03-22,3.0734,3.0810,3.0334,3.0810,303201
1977-03-23,3.0810,3.0810,2.9698,2.9781,334201
1977-03-24,2.9781,3.0175,2.9222,2.9381,535757
1977-03-25,2.9381,2.9381,2.9063,2.9222,282425
1977-03-28,2.9146,2.9146,2.8904,2.8987,325545
1977-03-29,2.8987,2.9381,2.8987,2.8987,415062
1977-03-30,2.8987,2.9463,2.8987,2.8987,365192
1977-03-31,2.8987,2.9381,2.8987,2.9222,117052
1977-04-01,2.9222,2.9540,2.9063,2.9540,282425
1977-04-04,2.9540,2.9698,2.9063,2.9063,206578
1977-04-05,2.9063,2.9222,2.8987,2.9222,225627
1977-04-06,2.9222,2.9222,2.8987,2.8987,296273
1977-04-07,2.8987,2.9063,2.8904,2.8904,160172
1977-04-11,2.8904,2.8987,2.8587,2.8587,751169
1977-04-12,2.8587,2.8587,2.8269,2.8352,265282
1977-04-13,2.8352,2.8428,2.8269,2.8428,156708
1977-04-14,2.8587,2.9381,2.8587,2.9305,992380
1977-04-15,2.9305,2.9381,2.9146,2.9305,199650
1977-04-18,2.9305,2.9305,2.8987,2.9305,242770
1977-04-19,2.9222,2.9222,2.8587,2.8587,210042
1977-04-20,2.8587,2.8904,2.8352,2.8504,630474
1977-04-21,2.8504,2.8504,2.7716,2.7793,263546
1977-04-22,2.7793,2.7793,2.6681,2.6840,415062
1977-04-25,2.6916,2.7399,2.6916,2.7081,289354
1977-04-26,2.7081,2.7234,2.6840,2.6840,210042
1977-04-27,2.6840,2.7634,2.6840,2.7634,372120
1977-04-28,2.7634,2.7716,2.7316,2.7316,570220
1977-04-29,2.7316,2.7634,2.7316,2.7551,185971
1977-05-02,2.7551,2.7793,2.7475,2.7793,356536
1977-05-03,2.7793,2.7793,2.7399,2.7399,728656
1977-05-04,2.7399,2.7869,2.7316,2.7551,2400000
1977-05-05,2.7551,2.8110,2.7551,2.8110,682250
1977-05-06,2.8110,2.8110,2.7869,2.7951,356536
1977-05-09,2.7951,2.8269,2.7951,2.8269,380607
1977-05-10,2.8186,2.8186,2.7869,2.7869,372120
1977-05-11,2.7869,2.8186,2.7793,2.7793,542685
1977-05-12,2.7475,2.7475,2.7157,2.7399,1288662
1977-05-13,2.7475,2.7793,2.7475,2.7793,318617
1977-05-16,2.7793,2.7951,2.7475,2.7869,210042
1977-05-17,2.7869,2.7869,2.7475,2.7634,494373
1977-05-18,2.7634,2.7869,2.7551,2.7869,820088
1977-05-19,2.7869,2.7869,2.7234,2.7475,308402
1977-05-20,2.7475,2.7634,2.7316,2.7316,129181
1977-05-23,2.7316,2.7316,2.6999,2.7081,418526
1977-05-24,2.7081,2.7081,2.6681,2.6840,384071
1977-05-25,2.6764,2.6764,2.5652,2.5728,1178351
1977-05-26,2.5569,2.5569,2.5017,2.5169,1378179
1977-05-27,2.5093,2.5093,2.4299,2.4299,590819
1977-05-31,2.4140,2.4140,2.3028,2.3187,535757
1977-06-01,2.3187,2.3981,2.3187,2.3981,1517753
1977-06-02,2.3981,2.4299,2.3663,2.3898,654545
1977-06-03,2.3981,2.4616,2.3981,2.4458,873422
1977-06-06,2.4458,2.4699,2.3981,2.3981,615068
1977-06-07,2.3981,2.4064,2.3663,2.3898,1193935
1977-06-08,2.4064,2.4458,2.4064,2.4299,814896
1977-06-09,2.4299,2.4699,2.4216,2.4534,721728
1977-06-10,2.4534,2.5093,2.4534,2.5093,739049
1977-06-13,2.5252,2.5728,2.5252,2.5569,714977
1977-06-14,2.5728,2.6363,2.5728,2.6363,759656
1977-06-15,2.6363,2.6522,2.5969,2.6204,459909
1977-06-16,2.6204,2.6764,2.6128,2.6446,802767
1977-06-17,2.6522,2.6840,2.6522,2.6522,561555
1977-06-20,2.6522,2.6522,2.5804,2.6287,406584
1977-06-21,2.6287,2.6522,2.6046,2.6204,959653
1977-06-22,2.6204,2.6287,2.6046,2.6128,391000
1977-06-23,2.6128,2.6605,2.6128,2.6204,720169
1977-06-24,2.6204,2.6204,2.5804,2.5887,1237055
1977-06-27,2.5887,2.6128,2.5728,2.6046,291081
1977-06-28,2.6046,2.6128,2.5728,2.5728,473766
1977-06-29,2.5652,2.5652,2.5252,2.5410,582341
1977-06-30,2.5410,2.5569,2.5093,2.5410,780432
1977-07-01,2.5410,2.5652,2.5410,2.5652,342688
1977-07-05,2.5652,2.5969,2.5569,2.5569,382335
1977-07-06,2.5569,2.5569,2.5334,2.5410,794289
1977-07-07,2.5410,2.5410,2.4934,2.5334,535757
1977-07-08,2.5334,2.5652,2.5334,2.5410,609867
1977-07-11,2.5410,2.5569,2.5410,2.5569,477052
1977-07-12,2.5569,2.5569,2.5334,2.5334,818351
1977-07-13,2.5334,2.5569,2.5169,2.5410,659737
1977-07-15,2.5410,2.6128,2.5334,2.6128,1510994
1977-07-18,2.6287,2.7316,2.6287,2.7316,1057835
1977-07-19,2.7551,2.8269,2.7551,2.7793,1693509
1977-07-20,2.7634,2.7634,2.6764,2.6999,611604
1977-07-21,2.7081,2.7475,2.7081,2.7475,892292
1977-07-22,2.7551,2.7716,2.7551,2.7551,154980
1977-07-25,2.7551,2.7716,2.7475,2.7634,341129
1977-07-26,2.7551,2.7551,2.6999,2.7316,275497
1977-07-27,2.7157,2.7157,2.6522,2.6916,365192
1977-07-28,2.6999,2.7316,2.6999,2.7316,151516
1977-07-29,2.7316,2.7716,2.7157,2.7475,247961
1977-08-01,2.7475,2.7634,2.7399,2.7475,503029
1977-08-02,2.7475,2.7475,2.6999,2.7157,392727
1977-08-03,2.7157,2.7951,2.7157,2.7634,615068
1977-08-04,2.7634,2.8587,2.7634,2.8587,380607
1977-08-05,2.8587,2.8669,2.7793,2.7793,244506
1977-08-08,2.7793,2.7869,2.7234,2.7399,273769
1977-08-09,2.7399,2.7551,2.7157,2.7316,299737
1977-08-10,2.7316,2.7869,2.7157,2.7869,835494
1977-08-11,2.7869,2.8186,2.7793,2.7869,816623
1977-08-12,2.7869,2.8428,2.7793,2.8269,446062
1977-08-15,2.8269,2.9540,2.8269,2.9381,1069786
1977-08-16,2.9222,2.9222,2.8822,2.9222,823374
1977-08-17,2.9222,2.9622,2.9063,2.9305,770039
1977-08-18,2.9305,2.9540,2.9146,2.9146,578876
1977-08-19,2.9146,2.9540,2.8987,2.9146,668402
1977-08-22,2.9146,3.0016,2.9146,2.9540,1640175
1977-08-23,2.9540,3.0016,2.9305,2.9305,635675
1977-08-24,2.9305,2.9305,2.8587,2.8587,1371429
1977-08-25,2.8587,2.8587,2.7634,2.8428,1429955
1977-08-26,2.8428,2.8587,2.8110,2.8587,363464
1977-08-29,2.8587,2.8822,2.8352,2.8587,216971
1977-08-30,2.8587,2.8587,2.7951,2.7951,236019
1977-08-31,2.7951,2.8110,2.7716,2.8110,161909
1977-09-01,2.8110,2.8352,2.8034,2.8034,835494
1977-09-02,2.7951,2.7951,2.7716,2.7793,1063026
1977-09-06,2.7716,2.7716,2.6999,2.7399,504766
1977-09-07,2.7399,2.7634,2.7399,2.7399,439311
1977-09-08,2.7399,2.7551,2.7234,2.7234,475494
1977-09-09,2.7234,2.7316,2.6840,2.6916,298010
1977-09-12,2.6916,2.6916,2.6681,2.6840,156708
1977-09-13,2.6840,2.7234,2.6840,2.7234,251426
1977-09-14,2.7475,2.8034,2.7475,2.8034,79133
1977-09-15,2.8352,2.8746,2.8352,2.8587,990652
1977-09-16,2.8504,2.8504,2.8186,2.8186,222163
1977-09-19,2.7951,2.7951,2.7634,2.7793,192899
1977-09-20,2.7793,2.8186,2.7793,2.7951,267010
1977-09-21,2.8110,2.8746,2.8110,2.8186,236019
1977-09-22,2.8186,2.8428,2.8034,2.8428,236019
1977-09-23,2.8428,2.8746,2.8269,2.8428,670130
1977-09-26,2.8428,2.8904,2.7951,2.8904,403120
1977-09-27,2.8904,2.9146,2.8822,2.9063,418526
1977-09-28,2.9063,2.9463,2.8904,2.8987,632211
1977-09-29,2.8987,2.9305,2.8987,2.9063,1025107
1977-09-30,2.9063,2.9222,2.8822,2.8822,559828
1977-10-03,2.8822,2.8987,2.8269,2.8428,389263
1977-10-04,2.8428,2.8587,2.8110,2.8269,1457490
1977-10-05,2.8110,2.8110,2.7869,2.7951,739049
1977-10-06,2.7951,2.8110,2.7551,2.7793,468574
1977-10-07,2.7793,2.7951,2.7716,2.7951,184243
1977-10-10,2.7951,2.7951,2.7716,2.7869,77406
1977-10-11,2.7869,2.7869,2.7399,2.7475,146324
1977-10-12,2.7316,2.7316,2.6999,2.7234,187708
1977-10-13,2.7234,2.7634,2.7081,2.7316,234283
1977-10-14,2.7316,2.7399,2.6999,2.7157,204850
1977-10-17,2.7234,2.7399,2.7234,2.7316,335929
1977-10-18,2.6522,2.6522,2.5410,2.5487,794289
1977-10-19,2.5487,2.5569,2.4381,2.4699,1419571
1977-10-20,2.4699,2.4775,2.3981,2.4699,1100776
1977-10-21,2.4775,2.4934,2.4775,2.4851,284153
1977-10-24,2.4851,2.4851,2.4299,2.4381,1907185
1977-10-25,2.4140,2.4140,2.2952,2.3428,1765883
1977-10-26,2.3428,2.3822,2.3028,2.3346,1805539
1977-10-27,2.3346,2.3663,2.3346,2.3428,1716013
1977-10-28,2.3428,2.3898,2.3428,2.3587,463374
1977-10-31,2.3587,2.3746,2.3428,2.3746,296273
1977-11-01,2.3663,2.3663,2.3505,2.3587,278961
1977-11-02,2.3587,2.4140,2.3505,2.3822,421990
1977-11-03,2.3822,2.3981,2.3746,2.3898,246234
1977-11-04,2.4299,2.4534,2.4299,2.4534,421990
1977-11-07,2.4534,2.4775,2.4216,2.4216,1872730
1977-11-08,2.4140,2.4140,2.3822,2.3981,165364
1977-11-09,2.3981,2.4064,2.3663,2.4064,503029
1977-11-10,2.4064,2.4458,2.3981,2.4458,2076013
1977-11-11,2.4534,2.5093,2.4534,2.4934,4500263
1977-11-14,2.4934,2.5093,2.4616,2.4699,590819
1977-11-15,2.4699,2.5169,2.4616,2.5093,820088
1977-11-16,2.5017,2.5017,2.4299,2.4299,1087098
1977-11-17,2.4299,2.4381,2.3981,2.4216,346143
1977-11-18,2.4216,2.4381,2.4140,2.4140,236019
1977-11-21,2.4140,2.4140,2.3663,2.3981,728656
1977-11-22,2.3981,2.3981,2.3270,2.3428,497837
1977-11-23,2.3663,2.3981,2.3663,2.3898,2949613
1977-11-25,2.3898,2.3981,2.3746,2.3746,868221
1977-11-28,2.3746,2.3981,2.3746,2.3898,1095754
1977-11-29,2.3746,2.3746,2.3270,2.3428,2139740
1977-11-30,2.3428,2.3428,2.3111,2.3187,664938
1977-12-01,2.3187,2.3270,2.2869,2.3111,1173337
1977-12-02,2.3111,2.3270,2.2711,2.2869,1105977
1977-12-05,2.2869,2.2952,2.2552,2.2711,499565
1977-12-06,2.2711,2.2711,2.1916,2.2152,801039
1977-12-07,2.2152,2.2152,2.1916,2.2152,1031858
1977-12-08,2.2152,2.2152,2.1681,2.1834,1030299
1977-12-09,2.1834,2.2075,2.1681,2.1916,1798611
1977-12-12,2.1916,2.1999,2.1440,2.1681,1903721
1977-12-13,2.1681,2.1681,2.1364,2.1599,360000
1977-12-14,2.1599,2.1758,2.1440,2.1758,1050906
1977-12-15,2.1758,2.1834,2.1440,2.1440,1171432
1977-12-16,2.1440,2.1681,2.1440,2.1681,508221
1977-12-19,2.1681,2.1681,2.1364,2.1599,1038786
1977-12-20,2.1516,2.1516,2.1364,2.1440,366928
1977-12-21,2.1516,2.2317,2.1516,2.2152,1931256
1977-12-22,2.2469,2.2869,2.2469,2.2869,889006
1977-12-23,2.2869,2.3270,2.2787,2.3187,339393
1977-12-27,2.3187,2.3270,2.2869,2.3187,285889
1977-12-28,2.3111,2.3111,2.2787,2.2952,714977
1977-12-29,2.2952,2.3187,2.2711,2.3187,275497
1977-12-30,2.3187,2.3346,2.3028,2.3270,561555
1978-01-03,2.3187,2.3187,2.2869,2.2952,137659
1978-01-04,2.2952,2.3028,2.2317,2.3028,451253
1978-01-05,2.3028,2.3746,2.3028,2.3028,2353416
1978-01-06,2.3028,2.3111,2.2711,2.2869,175587
1978-01-09,2.2869,2.2952,2.2634,2.2711,687442
1978-01-10,2.2711,2.2952,2.2634,2.2711,492637
1978-01-11,2.2711,2.2869,2.2634,2.2634,1626318
1978-01-12,2.2634,2.2869,2.2317,2.2317,156708
1978-01-13,2.2393,2.2869,2.2393,2.2469,766584
1978-01-16,2.2469,2.2552,2.2393,2.2393,225627
1978-01-17,2.2393,2.2552,2.2393,2.2393,1006059
1978-01-18,2.2634,2.3028,2.2634,2.3028,530565
1978-01-19,2.3028,2.3270,2.2869,2.2869,563292
1978-01-20,2.2787,2.2787,2.2469,2.2469,158445
1978-01-23,2.2469,2.2711,2.2393,2.2469,373857
1978-01-24,2.2469,2.3028,2.2393,2.2952,833766
1978-01-25,2.2952,2.3270,2.2634,2.3028,1385107
1978-01-26,2.3028,2.3346,2.2787,2.2869,441039
1978-01-27,2.2869,2.3028,2.2711,2.2711,418526
1978-01-30,2.2711,2.3111,2.2634,2.3111,452990
1978-01-31,2.3111,2.3111,2.2869,2.2952,404847
1978-02-01,2.2952,2.3270,2.2869,2.3270,117052
1978-02-02,2.3270,2.3428,2.3111,2.3270,490909
1978-02-03,2.3028,2.3028,2.2711,2.2711,658010
1978-02-06,2.2711,2.2869,2.2711,2.2869,63727
1978-02-07,2.2869,2.2869,2.2634,2.2787,242770
1978-02-08,2.2787,2.2952,2.2711,2.2787,215234
1978-02-09,2.2787,2.3028,2.2787,2.2787,384071
1978-02-10,2.2869,2.3187,2.2869,2.3028,556364
1978-02-13,2.3028,2.3270,2.3028,2.3111,201555
1978-02-14,2.3028,2.3028,2.2869,2.3028,311688
1978-02-15,2.3028,2.3111,2.2952,2.3028,315153
1978-02-16,2.2952,2.2952,2.2869,2.2952,621818
1978-02-17,2.2952,2.3111,2.2952,2.2952,253162
1978-02-21,2.2952,2.2952,2.2711,2.2869,218698
1978-02-22,2.2869,2.3028,2.2869,2.2952,316880
1978-02-23,2.2952,2.2952,2.2869,2.2952,418526
1978-02-24,2.2952,2.3187,2.2869,2.3187,1009523
1978-02-27,2.3187,2.3346,2.2787,2.2787,234283
1978-02-28,2.2711,2.2711,2.2234,2.2234,864766
1978-03-01,2.2234,2.2634,2.2234,2.2634,227363
1978-03-02,2.2634,2.2711,2.2552,2.2552,201555
1978-03-03,2.2552,2.2787,2.2393,2.2393,216971
1978-03-06,2.2393,2.2552,2.2317,2.2317,153244
1978-03-07,2.2393,2.2552,2.2393,2.2552,413334
1978-03-08,2.2634,2.2869,2.2634,2.2869,561555
1978-03-09,2.2869,2.2869,2.2711,2.2869,566756
1978-03-10,2.2869,2.2869,2.2787,2.2869,561555
1978-03-13,2.3111,2.3428,2.3111,2.3270,391000
1978-03-14,2.3270,2.3898,2.3111,2.3898,397919
1978-03-15,2.3898,2.3898,2.3663,2.3663,382335
1978-03-16,2.3663,2.4299,2.3663,2.4299,511685
1978-03-17,2.4299,2.4458,2.4140,2.4299,289354
1978-03-20,2.4381,2.4699,2.4381,2.4458,580604
1978-03-21,2.4458,2.4616,2.4381,2.4381,725192
1978-03-22,2.4381,2.4699,2.4299,2.4699,882078
1978-03-23,2.4699,2.4775,2.4458,2.4775,790646
1978-03-27,2.4775,2.4775,2.4534,2.4534,618532
1978-03-28,2.4534,2.4534,2.4299,2.4381,361728
1978-03-29,2.4534,2.4934,2.4534,2.4851,597747
1978-03-30,2.4851,2.5017,2.4616,2.5017,246234
1978-03-31,2.5017,2.5017,2.4699,2.4775,627010
1978-04-03,2.4616,2.4616,2.4381,2.4534,275497
1978-04-04,2.4534,2.4699,2.4458,2.4699,633938
1978-04-05,2.4699,2.4934,2.4616,2.4775,1510994
1978-04-06,2.4775,2.5017,2.4534,2.4699,670130
1978-04-07,2.4699,2.4699,2.4299,2.4616,411598
1978-04-10,2.4616,2.4775,2.4616,2.4775,308402
1978-04-11,2.4775,2.4775,2.3981,2.3981,2041558
1978-04-12,2.4216,2.4381,2.4216,2.4299,132637
1978-04-13,2.4299,2.4381,2.4140,2.4299,962948
1978-04-14,2.4299,2.4934,2.4299,2.4458,4781129
1978-04-17,2.4699,2.5410,2.4699,2.5017,3514802
1978-04-18,2.5169,2.6046,2.5169,2.5652,1817659
1978-04-19,2.5804,2.6681,2.5804,2.6522,3809348
1978-04-20,2.6605,2.7475,2.6605,2.6999,2791169
1978-04-21,2.6999,2.7157,2.6605,2.6999,1195672
1978-04-24,2.6999,2.7793,2.6840,2.7716,2058871
1978-04-25,2.8352,2.8987,2.8352,2.8587,2338010
1978-04-26,2.8587,2.8669,2.8269,2.8269,1162945
1978-04-27,2.8186,2.8186,2.7793,2.7793,1988224
1978-04-28,2.7793,2.8428,2.7716,2.8428,961389
1978-05-01,2.8428,2.8822,2.8269,2.8587,1412812
1978-05-02,2.8587,2.8904,2.8186,2.8822,1379915
1978-05-03,2.8746,2.8746,2.8269,2.8352,1221471
1978-05-04,2.8186,2.8186,2.7634,2.8110,2027880
1978-05-05,2.8110,2.8822,2.7793,2.8746,1145624
1978-05-08,2.8746,2.8987,2.8269,2.8269,490909
1978-05-09,2.8269,2.8352,2.7951,2.8034,385799
1978-05-10,2.8034,2.8504,2.7951,2.8352,391000
1978-05-11,2.8352,2.8428,2.8110,2.8428,806231
1978-05-12,2.8904,3.0016,2.8904,3.0016,3552730
1978-05-15,3.0016,3.0734,2.9622,3.0734,1145624
1978-05-16,3.0886,3.1287,3.0886,3.1287,1988224
1978-05-17,3.1287,3.1839,3.0734,3.1445,968140
1978-05-18,3.1128,3.1128,3.0016,3.0016,1142168
1978-05-19,3.0016,3.0251,2.9698,2.9698,935412
1978-05-22,2.9698,3.0492,2.9463,3.0492,694201
1978-05-23,3.0492,3.0569,2.9622,2.9857,532292
1978-05-24,2.9540,2.9540,2.9063,2.9381,1223207
1978-05-25,2.9222,2.9222,2.8428,2.8587,1316188
1978-05-26,2.8587,2.8746,2.8110,2.8587,1006059
1978-05-30,2.8587,2.9146,2.8504,2.9146,480695
1978-05-31,2.9146,2.9622,2.9146,2.9381,992380
1978-06-01,2.9381,2.9857,2.9305,2.9698,1314461
1978-06-02,2.9698,3.0651,2.9698,3.0416,1469610
1978-06-05,3.0651,3.1763,3.0651,3.1763,3233935
1978-06-06,3.2163,3.2957,3.2163,3.2163,3571601
1978-06-07,3.2004,3.2004,3.1287,3.1445,2424071
1978-06-08,3.1445,3.1839,3.1287,3.1369,2272555
1978-06-09,3.1369,3.1522,3.0810,3.0810,1733156
1978-06-12,3.0810,3.1052,2.9857,2.9857,468574
1978-06-13,2.9857,3.0175,2.9622,3.0175,520172
1978-06-14,3.0175,3.0969,2.9381,2.9463,1049178
1978-06-15,2.9463,2.9540,2.8904,2.8904,664938
1978-06-16,2.8904,2.9540,2.8822,2.8822,411598
1978-06-19,2.8822,2.9222,2.8746,2.9063,309961
1978-06-20,2.9146,2.9622,2.9146,2.9146,596019
1978-06-21,2.9146,2.9146,2.8822,2.8987,961389
1978-06-22,2.8987,2.9381,2.8987,2.9381,309961
1978-06-23,2.9381,2.9463,2.8822,2.8822,503029
1978-06-26,2.8822,2.8987,2.8428,2.8504,947532
1978-06-27,2.8504,2.8587,2.8186,2.8587,1522945
1978-06-28,2.8587,2.8822,2.8352,2.8669,585627
1978-06-29,2.8746,2.9222,2.8746,2.9222,999130
1978-06-30,2.9222,2.9463,2.9146,2.9222,1274974
1978-07-03,2.9222,2.9222,2.9063,2.9063,472039
1978-07-05,2.9063,2.9222,2.9063,2.9222,992380
1978-07-06,2.9222,2.9222,2.8822,2.9222,483981
1978-07-07,2.9222,2.9381,2.9063,2.9146,1476539
1978-07-10,2.9146,2.9381,2.9146,2.9222,542685
1978-07-11,2.9381,2.9781,2.9381,2.9622,840695
1978-07-12,2.9698,3.0016,2.9698,2.9940,1054370
1978-07-13,2.9940,3.0016,2.9781,2.9857,496101
1978-07-14,2.9940,3.0651,2.9940,3.0492,2162253
1978-07-17,3.0734,3.0969,3.0734,3.0734,1495409
1978-07-18,3.0651,3.0651,3.0175,3.0175,602948
1978-07-19,3.0334,3.0734,3.0334,3.0734,1292117
1978-07-20,3.0734,3.1052,3.0734,3.0734,728656
1978-07-21,3.0734,3.0734,3.0016,3.0175,1421299
1978-07-24,3.0175,3.0251,2.9857,3.0251,1888315
1978-07-25,3.0416,3.0569,3.0416,3.0569,713250
1978-07-26,3.0569,3.1204,3.0492,3.1052,1404156
1978-07-27,3.1052,3.1369,3.0969,3.1369,323809
1978-07-28,3.1369,3.1604,3.1204,3.1604,911341
1978-07-31,3.1604,3.1839,3.1604,3.1763,1386844
1978-08-01,3.1763,3.1763,3.1204,3.1204,602948
1978-08-02,3.1204,3.2163,3.1128,3.2163,1778013
1978-08-03,3.2716,3.3192,3.2716,3.2875,1865971
1978-08-04,3.2875,3.3828,3.2716,3.3510,1025107
1978-08-07,3.3904,3.4463,3.3904,3.4221,1295581
1978-08-08,3.4221,3.4221,3.3510,3.4069,1018179
1978-08-09,3.4145,3.4857,3.4145,3.4622,668402
1978-08-10,3.4304,3.4304,3.3586,3.3669,1233591
1978-08-11,3.3669,3.3828,3.3351,3.3510,889006
1978-08-14,3.3669,3.3828,3.3669,3.3669,2443120
1978-08-15,3.3669,3.3669,3.2875,3.3034,351344
1978-08-16,3.3034,3.3828,3.3034,3.3669,1397227
1978-08-17,3.3669,3.4069,3.3351,3.3510,2263899
1978-08-18,3.3510,3.3828,3.3116,3.3116,1326581
1978-08-21,3.3116,3.3275,3.2875,3.2957,1281734
1978-08-22,3.2957,3.3034,3.2798,3.2798,249698
1978-08-23,3.2716,3.2716,3.2398,3.2557,2098526
1978-08-24,3.2557,3.2640,3.2004,3.2239,1369701
1978-08-25,3.2163,3.2163,3.1763,3.1763,911341
1978-08-28,3.1763,3.1763,3.1287,3.1287,792383
1978-08-29,3.1287,3.1522,3.0969,3.0969,1281734
1978-08-30,3.0969,3.1287,3.0651,3.0969,1853851
1978-08-31,3.0969,3.1287,3.0969,3.0969,944068
1978-09-01,3.0969,3.1128,3.0810,3.0810,518445
1978-09-05,3.0810,3.1445,3.0810,3.1445,1995153
1978-09-06,3.1604,3.2239,3.1604,3.1922,1898529
1978-09-07,3.1922,3.2239,3.1763,3.1763,291081
1978-09-08,3.2081,3.2957,3.2081,3.2716,952724
1978-09-11,3.2716,3.3192,3.2163,3.2163,590819
1978-09-12,3.2163,3.2163,3.1522,3.1522,1397227
1978-09-13,3.1522,3.1922,3.1522,3.1763,568484
1978-09-14,3.1763,3.2004,3.1204,3.1204,1331773
1978-09-15,3.1052,3.1052,3.0569,3.0569,242770
1978-09-18,3.0569,3.0651,2.9698,2.9698,306496
1978-09-19,2.9698,3.0251,2.9698,3.0016,618532
1978-09-20,3.0016,3.0016,2.9222,2.9222,747705
1978-09-21,2.9222,2.9540,2.8904,2.9222,322081
1978-09-22,2.9222,2.9540,2.8746,2.9063,323809
1978-09-25,2.9063,2.9222,2.8746,2.9063,690737
1978-09-26,2.9063,2.9381,2.9063,2.9146,365192
1978-09-27,2.9146,2.9463,2.8904,2.8987,173851
1978-09-28,2.8987,2.9063,2.8746,2.8904,461646
1978-09-29,2.8904,2.8987,2.8504,2.8504,284153
1978-10-02,2.8504,2.8669,2.8504,2.8669,260091
1978-10-03,2.8669,2.8746,2.8186,2.8186,988916
1978-10-04,2.7793,2.7793,2.7316,2.7316,1333509
1978-10-05,2.7316,2.7793,2.7316,2.7634,1507529
1978-10-06,2.7716,2.8034,2.7716,2.7793,1614376
1978-10-09,2.7793,2.8186,2.7793,2.8110,821815
1978-10-10,2.8110,2.8587,2.8034,2.8428,1614376
1978-10-11,2.8428,2.8904,2.8186,2.8904,849351
1978-10-12,2.8904,2.8987,2.8352,2.8352,756361
1978-10-13,2.8352,2.8428,2.8110,2.8269,509958
1978-10-16,2.8269,2.8269,2.7793,2.7869,270474
1978-10-17,2.7634,2.7634,2.6764,2.6840,689000
1978-10-18,2.6840,2.7081,2.6605,2.6764,706321
1978-10-19,2.6764,2.6916,2.6204,2.6204,1371429
1978-10-20,2.6204,2.6681,2.6204,2.6681,2225971
1978-10-23,2.6681,2.7081,2.6522,2.6764,909613
1978-10-24,2.6999,2.7634,2.6999,2.7157,511685
1978-10-25,2.7157,2.7157,2.6681,2.6681,668402
1978-10-26,2.6605,2.6605,2.5410,2.5487,616796
1978-10-27,2.5487,2.5804,2.5487,2.5569,630474
1978-10-30,2.5569,2.6204,2.5169,2.6204,1031858
1978-10-31,2.6446,2.7157,2.6446,2.6764,709786
1978-11-01,2.7316,2.8428,2.7316,2.7951,1354117
1978-11-02,2.7951,2.8269,2.7081,2.7316,1230127
1978-11-03,2.7316,2.7634,2.7157,2.7316,544413
1978-11-06,2.7234,2.7234,2.6681,2.6681,416799
1978-11-07,2.6681,2.6681,2.5969,2.6046,208315
1978-11-08,2.6046,2.6363,2.5652,2.6363,478958
1978-11-09,2.6363,2.6764,2.6287,2.6363,602948
1978-11-10,2.6522,2.6764,2.6522,2.6522,201555
1978-11-13,2.6522,2.6522,2.5728,2.5804,647795
1978-11-14,2.5804,2.5969,2.4934,2.5252,1824588
1978-11-15,2.5334,2.5728,2.5334,2.5569,366928
1978-11-16,2.5569,2.5728,2.5410,2.5569,425455
1978-11-17,2.5569,2.5652,2.5410,2.5569,148052
1978-11-20,2.5569,2.5887,2.5569,2.5804,346143
1978-11-21,2.5804,2.5969,2.5569,2.5652,413334
1978-11-22,2.5652,2.5652,2.5334,2.5569,933676
1978-11-24,2.5569,2.5728,2.5334,2.5652,294545
1978-11-27,2.5652,2.5804,2.5334,2.5487,316880
1978-11-28,2.5487,2.5652,2.5169,2.5169,618532
1978-11-29,2.5093,2.5093,2.4775,2.4851,838958
1978-11-30,2.4851,2.5334,2.4775,2.5334,375415
1978-12-01,2.5410,2.6046,2.5410,2.5969,1421299
1978-12-04,2.5969,2.6204,2.5728,2.6204,1205886
1978-12-05,2.6204,2.7081,2.5969,2.7081,306496
1978-12-06,2.7157,2.7716,2.7157,2.7399,926925
1978-12-07,2.7399,2.7793,2.7316,2.7475,1274974
1978-12-08,2.7316,2.7316,2.6681,2.6764,549613
1978-12-11,2.6605,2.6605,2.6046,2.6287,1354117
1978-12-12,2.6046,2.6046,2.5410,2.5410,1772812
1978-12-13,2.5410,2.5804,2.5410,2.5569,551172
1978-12-14,2.5410,2.5410,2.5093,2.5410,745977
1978-12-15,2.5410,2.5569,2.5410,2.5410,213506
1978-12-18,2.4934,2.4934,2.4381,2.4851,489181
1978-12-19,2.4851,2.5169,2.4616,2.5093,1047442
1978-12-20,2.5093,2.5410,2.5093,2.5252,933676
1978-12-21,2.5252,2.5410,2.5093,2.5252,566756
1978-12-22,2.5252,2.5334,2.5093,2.5252,475494
1978-12-26,2.5252,2.5487,2.5093,2.5410,514980
1978-12-27,2.5334,2.5334,2.5093,2.5169,329000
1978-12-28,2.5169,2.5334,2.5017,2.5169,365192
1978-12-29,2.5169,2.5334,2.5017,2.5334,459909
1979-01-02,2.5334,2.5410,2.5252,2.5410,444325
1979-01-03,2.5410,2.5569,2.5410,2.5569,1238614
1979-01-04,2.5569,2.6128,2.5410,2.6046,1535065
1979-01-05,2.6046,2.6522,2.5728,2.6363,647795
1979-01-08,2.5887,2.5887,2.5487,2.5728,1716013
1979-01-09,2.5728,2.5804,2.5487,2.5569,718442
1979-01-10,2.5569,2.5652,2.5252,2.5252,504766
1979-01-11,2.5252,2.5487,2.4934,2.5334,666666
1979-01-12,2.5887,2.6681,2.5887,2.6605,2460263
1979-01-15,2.6605,2.6681,2.6287,2.6605,1228399
1979-01-16,2.6522,2.6522,2.5410,2.5569,1398964
1979-01-17,2.5569,2.5804,2.5410,2.5804,384071
1979-01-18,2.5804,2.5804,2.5410,2.5410,325545
1979-01-19,2.5410,2.5410,2.5169,2.5252,330737
1979-01-22,2.5252,2.5252,2.4616,2.5169,763120
1979-01-23,2.5169,2.5410,2.5093,2.5252,654545
1979-01-24,2.5252,2.5334,2.4934,2.5017,962948
1979-01-25,2.5017,2.5569,2.4934,2.5410,1865971
1979-01-26,2.5410,2.5652,2.5252,2.5410,1021643
1979-01-29,2.5410,2.5410,2.5093,2.5093,652818
1979-01-30,2.5093,2.5487,2.5017,2.5252,1014715
1979-01-31,2.5252,2.5410,2.5252,2.5252,468574
1979-02-01,2.5252,2.5410,2.5169,2.5410,141124
1979-02-02,2.5410,2.5652,2.5093,2.5169,544413
1979-02-05,2.5093,2.5093,2.4699,2.4775,1095754
1979-02-06,2.4775,2.4934,2.4616,2.4616,1038786
1979-02-07,2.4381,2.4381,2.3663,2.3822,396191
1979-02-08,2.3822,2.4140,2.3663,2.4140,858007
1979-02-09,2.4140,2.4299,2.4140,2.4140,36013
1979-02-12,2.4140,2.4140,2.3898,2.4140,280689
1979-02-13,2.4140,2.4299,2.3981,2.3981,1097490
1979-02-14,2.3981,2.4140,2.3346,2.3505,854542
1979-02-15,2.3505,2.3663,2.3187,2.3663,1161208
1979-02-16,2.3587,2.3587,2.3270,2.3346,1378179
1979-02-20,2.3346,2.3505,2.3270,2.3270,1355844
1979-02-21,2.3270,2.3428,2.3028,2.3028,899221
1979-02-22,2.3028,2.3346,2.2869,2.3111,823374
1979-02-23,2.3111,2.3187,2.2952,2.3187,752896
1979-02-26,2.3187,2.3346,2.3028,2.3346,177315
1979-02-27,2.3187,2.3187,2.2869,2.3028,1285198
1979-02-28,2.3028,2.3028,2.2869,2.3028,492637
1979-03-01,2.3187,2.3587,2.3187,2.3428,403120
1979-03-02,2.3587,2.3822,2.3587,2.3746,692465
1979-03-05,2.3822,2.4064,2.3822,2.3822,1395500
1979-03-06,2.3822,2.3898,2.3346,2.3505,377143
1979-03-07,2.3505,2.3663,2.3505,2.3587,1012987
1979-03-08,2.3587,2.3663,2.3346,2.3663,639130
1979-03-09,2.3663,2.3981,2.3663,2.3981,723464
1979-03-12,2.3822,2.3822,2.3505,2.3663,663201
1979-03-13,2.3663,2.4140,2.3505,2.4064,1074977
1979-03-14,2.4064,2.4064,2.3587,2.3822,244506
1979-03-15,2.3822,2.3898,2.3746,2.3746,702857
1979-03-16,2.3746,2.4140,2.3746,2.3981,558091
1979-03-19,2.4064,2.4381,2.4064,2.4299,315153
1979-03-20,2.4299,2.4534,2.4216,2.4458,1390299
1979-03-21,2.4458,2.4616,2.4299,2.4616,882078
1979-03-22,2.4616,2.4775,2.4458,2.4534,642594
1979-03-23,2.4534,2.4775,2.4458,2.4534,2250042
1979-03-26,2.4534,2.4534,2.4299,2.4458,1026844
1979-03-27,2.4458,2.4699,2.4140,2.4458,1510994
1979-03-28,2.4458,2.4699,2.4299,2.4381,1769348
1979-03-29,2.4381,2.4699,2.4216,2.4534,883806
1979-03-30,2.4534,2.4616,2.4381,2.4381,511685
1979-04-02,2.4381,2.4616,2.4299,2.4534,740776
1979-04-03,2.4534,2.4934,2.4458,2.4616,973331
1979-04-04,2.4616,2.5093,2.4616,2.4616,1836539
1979-04-05,2.4616,2.5017,2.4616,2.4775,1254198
1979-04-06,2.4775,2.5169,2.4616,2.4699,521909
1979-04-09,2.4699,2.4934,2.4458,2.4775,575412
1979-04-10,2.4775,2.4934,2.4699,2.4934,606403
1979-04-11,2.5252,2.5410,2.5252,2.5252,692465
1979-04-12,2.5252,2.5569,2.5252,2.5334,837230
1979-04-16,2.5334,2.5569,2.5252,2.5334,216971
1979-04-17,2.5334,2.5887,2.5252,2.5728,1467883
1979-04-18,2.5728,2.6999,2.5728,2.6840,2263899
1979-04-19,2.6840,2.6916,2.6522,2.6522,1123289
1979-04-20,2.6522,2.6916,2.6204,2.6204,1038786
1979-04-23,2.6204,2.6999,2.6046,2.6999,410039
1979-04-24,2.6999,2.6999,2.6764,2.6764,466838
1979-04-25,2.6764,2.6840,2.6681,2.6681,408142
1979-04-26,2.6681,2.6840,2.6681,2.6764,132637
1979-04-27,2.6764,2.7081,2.6605,2.6999,303201
1979-04-30,2.6999,2.7157,2.6681,2.7157,344416
1979-05-01,2.7157,2.7234,2.6840,2.6840,311688
1979-05-02,2.6840,2.6999,2.6681,2.6916,675322
1979-05-03,2.6916,2.7157,2.6840,2.6999,373857
1979-05-04,2.6916,2.6916,2.6681,2.6681,540948
1979-05-07,2.6681,2.6681,2.6446,2.6446,842422
1979-05-08,2.6446,2.6681,2.6363,2.6681,391000
1979-05-09,2.6681,2.6840,2.6681,2.6764,180779
1979-05-10,2.6764,2.6764,2.6522,2.6605,701129
1979-05-11,2.6605,2.6840,2.6522,2.6681,913078
1979-05-14,2.6681,2.6840,2.6681,2.6764,778704
1979-05-15,2.6764,2.6916,2.6681,2.6840,766584
1979-05-16,2.6840,2.6840,2.6681,2.6840,203292
1979-05-17,2.6840,2.7551,2.6681,2.7399,573676
1979-05-18,2.7316,2.7316,2.6999,2.7157,404847
1979-05-21,2.7157,2.8352,2.6916,2.8269,759656
1979-05-22,2.8110,2.8110,2.7475,2.8034,1738357
1979-05-23,2.8034,2.8110,2.7316,2.7316,1131945
1979-05-24,2.7234,2.7234,2.6916,2.7157,606403
1979-05-25,2.7157,2.7399,2.7157,2.7234,273769
1979-05-29,2.7234,2.7475,2.7234,2.7399,191172
1979-05-30,2.7234,2.7234,2.6764,2.6840,366928
1979-05-31,2.6916,2.7634,2.6916,2.7634,794289
1979-06-01,2.7793,2.8110,2.7793,2.7951,372120
1979-06-04,2.7951,2.8034,2.7716,2.7793,225627
1979-06-05,2.7793,2.9222,2.7793,2.9222,725192
1979-06-06,2.9222,2.9222,2.8746,2.8822,1328309
1979-06-07,2.8822,2.9146,2.8746,2.8822,699393
1979-06-08,2.8822,2.8987,2.8110,2.8428,1352380
1979-06-11,2.8428,2.8504,2.7951,2.8504,360000
1979-06-12,2.8504,2.9463,2.8504,2.9381,1271341
1979-06-13,2.9381,2.9463,2.8746,2.8822,697665
1979-06-14,2.8822,2.8904,2.8428,2.8428,1254198
1979-06-15,2.8428,2.8904,2.8352,2.8746,468574
1979-06-18,2.8587,2.8587,2.8269,2.8269,313416
1979-06-19,2.8269,2.8504,2.7951,2.8428,225627
1979-06-20,2.8428,2.8669,2.8352,2.8504,489181
1979-06-21,2.8587,2.8904,2.8587,2.8746,814896
1979-06-22,2.8822,2.9146,2.8822,2.9063,651259
1979-06-25,2.9063,2.9146,2.8669,2.8987,866494
1979-06-26,2.8987,2.9222,2.8428,2.8822,882078
1979-06-27,2.8822,2.9146,2.8822,2.9063,664938
1979-06-28,2.9063,2.9305,2.8987,2.9222,1043987
1979-06-29,2.9222,2.9305,2.8904,2.8987,1130217
1979-07-02,2.8987,2.9146,2.8587,2.8904,887270
1979-07-03,2.8904,2.8904,2.8669,2.8746,627010
1979-07-05,2.8746,2.8822,2.8669,2.8746,160172
1979-07-06,2.8746,2.8987,2.8587,2.8587,5313591
1979-07-09,2.8587,2.8904,2.8587,2.8587,1841731
1979-07-10,2.8587,2.8746,2.8269,2.8587,721728
1979-07-11,2.8587,2.8587,2.8428,2.8428,344416
1979-07-12,2.8428,2.8587,2.8034,2.8110,399656
1979-07-13,2.7716,2.7716,2.7081,2.7081,527101
1979-07-16,2.7081,2.7316,2.6999,2.7081,154980
1979-07-17,2.6999,2.6999,2.5969,2.6204,663201
1979-07-18,2.6204,2.6681,2.5410,2.6681,785624
1979-07-19,2.6681,2.6999,2.6681,2.6916,566756
1979-07-20,2.6840,2.6840,2.6522,2.6522,931948
1979-07-23,2.6522,2.6605,2.6363,2.6446,337665
1979-07-24,2.6446,2.6605,2.6363,2.6363,646059
1979-07-25,2.6363,2.6363,2.5969,2.6363,730393
1979-07-26,2.6363,2.6764,2.6363,2.6681,1143896
1979-07-27,2.6681,2.7475,2.6681,2.7399,315153
1979-07-30,2.7399,2.7634,2.7234,2.7475,442767
1979-07-31,2.7551,2.8186,2.7551,2.8034,247961
1979-08-01,2.8034,2.8428,2.8034,2.8428,439311
1979-08-02,2.8428,2.8904,2.8428,2.8746,1202422
1979-08-03,2.8746,2.8904,2.8269,2.8428,563292
1979-08-06,2.8428,2.9063,2.8269,2.9063,694201
1979-08-07,2.9063,3.0099,2.8904,2.9622,969867
1979-08-08,2.9781,3.0175,2.9781,3.0016,2136454
1979-08-09,3.0016,3.0016,2.9381,2.9698,988916
1979-08-10,2.9698,2.9781,2.9463,2.9698,1450562
1979-08-13,2.9857,3.0334,2.9857,3.0099,1219743
1979-08-14,3.0099,3.0334,2.9940,3.0334,1068049
1979-08-15,3.0334,3.1052,3.0175,3.0969,1671166
1979-08-16,3.0969,3.1445,3.0886,3.0969,2715322
1979-08-17,3.0969,3.1445,3.0886,3.1445,1562600
1979-08-20,3.1445,3.2081,3.1204,3.2081,914805
1979-08-21,3.2081,3.2322,3.1522,3.1687,637403
1979-08-22,3.1445,3.1445,3.1128,3.1369,413334
1979-08-23,3.1369,3.1369,3.0810,3.0969,583899
1979-08-24,3.0969,3.1204,3.0886,3.1052,658010
1979-08-27,3.1287,3.1687,3.1287,3.1445,380607
1979-08-28,3.1445,3.1445,3.1052,3.1128,191172
1979-08-29,3.1128,3.1204,3.0969,3.0969,549613
1979-08-30,3.0969,3.1052,3.0492,3.0492,740776
1979-08-31,3.0651,3.0969,3.0651,3.0886,583899
1979-09-04,3.0886,3.0886,3.0492,3.0651,489181
1979-09-05,3.0651,3.0651,3.0099,3.0492,1279997
1979-09-06,3.0492,3.0651,3.0334,3.0651,813159
1979-09-07,3.0651,3.1052,3.0334,3.0810,887270
1979-09-10,3.0810,3.1128,3.0569,3.1128,1212815
1979-09-11,3.0969,3.0969,3.0569,3.0569,1784932
1979-09-12,3.0569,3.1128,3.0492,3.0810,1597055
1979-09-13,3.0810,3.1763,3.0734,3.1604,2324153
1979-09-14,3.1604,3.1922,3.1445,3.1763,935412
1979-09-17,3.1763,3.2322,3.1522,3.1604,1431691
1979-09-18,3.1604,3.1763,3.1204,3.1522,394455
1979-09-19,3.1369,3.1369,3.1052,3.1052,671858
1979-09-20,3.1052,3.2239,3.0492,3.2239,720169
1979-09-21,3.2239,3.2798,3.2163,3.2557,1654023
1979-09-24,3.2557,3.2640,3.2398,3.2398,666666
1979-09-25,3.2398,3.3192,3.2163,3.2875,1843467
1979-09-26,3.2875,3.2957,3.2640,3.2716,985452
1979-09-27,3.2716,3.3351,3.2557,3.3275,1505802
1979-09-28,3.3275,3.3275,3.3034,3.3116,370393
1979-10-01,3.3034,3.3034,3.2163,3.2716,992380
1979-10-02,3.2716,3.3986,3.2557,3.3986,3671519
1979-10-03,3.4069,3.4622,3.4069,3.4463,2746321
1979-10-04,3.4463,3.5098,3.4221,3.5022,1958961
1979-10-05,3.5022,3.5257,3.4539,3.4622,966403
1979-10-08,3.4622,3.4704,3.3510,3.3510,792383
1979-10-09,3.3275,3.3275,3.1445,3.1445,2563636
1979-10-10,3.1445,3.1687,3.0175,3.1687,1633247
1979-10-11,3.1687,3.2322,3.1128,3.1287,1178351
1979-10-12,3.1287,3.1522,3.0492,3.0492,1283461
1979-10-15,3.0492,3.0886,3.0492,3.0492,1838266
1979-10-16,3.0492,3.0651,2.9857,2.9857,618532
1979-10-17,2.9857,3.0334,2.9381,2.9781,2515494
1979-10-18,2.9781,3.0099,2.9622,2.9940,757919
1979-10-19,2.9540,2.9540,2.8186,2.8186,1595328
1979-10-22,2.8110,2.8110,2.7081,2.8110,2582685
1979-10-23,2.8110,2.8504,2.7869,2.8428,906149
1979-10-24,2.8587,2.9222,2.8587,2.8904,668402
1979-10-25,2.8904,2.9381,2.8746,2.9305,551172
1979-10-26,2.9381,2.9781,2.9381,2.9781,175587
1979-10-29,2.9857,3.0492,2.9857,3.0416,396191
1979-10-30,3.0569,3.1204,3.0569,3.1128,844159
1979-10-31,3.1128,3.1287,3.0492,3.0492,844159
1979-11-01,3.0492,3.0734,3.0334,3.0569,137659
1979-11-02,3.0569,3.0810,3.0569,3.0810,511685
1979-11-05,3.0569,3.0569,3.0175,3.0175,547877
1979-11-06,3.0175,3.0175,2.9622,2.9698,458182
1979-11-07,2.9698,2.9698,2.9063,2.9146,456454
1979-11-08,2.9305,2.9781,2.9305,2.9381,132637
1979-11-09,2.9540,3.0251,2.9540,3.0251,468574
1979-11-12,3.0569,3.1763,3.0569,3.1522,621818
1979-11-13,3.1522,3.1687,3.1128,3.1204,451253
1979-11-14,3.1204,3.1287,3.0734,3.1128,1057835
1979-11-15,3.1128,3.1604,3.1128,3.1128,1166409
1979-11-16,3.1128,3.1369,3.0492,3.1128,494373
1979-11-19,3.1128,3.1204,3.0886,3.0969,222163
1979-11-20,3.0969,3.1052,3.0492,3.0492,685545
1979-11-21,3.0492,3.0492,2.9857,3.0492,523636
1979-11-23,3.0651,3.1204,3.0651,3.1128,299737
1979-11-26,3.1287,3.1604,3.1287,3.1369,1423026
1979-11-27,3.1369,3.1687,3.1287,3.1287,389263
1979-11-28,3.1287,3.1445,3.0886,3.1128,1870994
1979-11-29,3.1128,3.1287,3.0810,3.1204,1709094
1979-11-30,3.1204,3.1839,3.1052,3.1522,1114633
1979-12-03,3.1522,3.1522,3.1287,3.1287,606403
1979-12-04,3.1369,3.2398,3.1369,3.2398,2019224
1979-12-05,3.2398,3.3116,3.2398,3.2875,1745285
1979-12-06,3.2875,3.2875,3.2398,3.2716,1211078
1979-12-07,3.2716,3.2957,3.2398,3.2398,1378179
1979-12-10,3.2398,3.2481,3.1922,3.2081,2170909
1979-12-11,3.2081,3.2239,3.1839,3.1922,1331773
1979-12-12,3.1922,3.2163,3.1687,3.1839,483981
1979-12-13,3.1839,3.1839,3.1287,3.1687,820088
1979-12-14,3.1687,3.3034,3.1687,3.2716,1019915
1979-12-17,3.2716,3.3586,3.2716,3.3034,1102682
1979-12-18,3.3034,3.3034,3.2239,3.2239,930220
1979-12-19,3.2239,3.2875,3.2239,3.2798,754455
1979-12-20,3.2957,3.3192,3.2957,3.3116,761383
1979-12-21,3.3116,3.3351,3.2957,3.2957,523636
1979-12-24,3.2957,3.3034,3.2798,3.2875,473766
1979-12-26,3.2875,3.2875,3.2398,3.2875,511685
1979-12-27,3.2875,3.2957,3.2716,3.2716,184243
1979-12-28,3.2716,3.2875,3.2398,3.2716,253162
1979-12-31,3.2716,3.2798,3.2481,3.2481,198091
1980-01-02,3.2481,3.2557,3.0492,3.0492,1807276
1980-01-03,3.0416,3.0416,2.9540,2.9857,1759133
1980-01-04,2.9857,3.1128,2.9857,3.0810,868221
1980-01-07,3.0810,3.2081,3.0810,3.1604,528828
1980-01-08,3.2239,3.4622,3.2239,3.4463,1228399
1980-01-09,3.4463,3.4622,3.3986,3.4145,2113941
1980-01-10,3.4145,3.4704,3.3904,3.4622,937140
1980-01-11,3.4622,3.4780,3.3828,3.3986,962948
1980-01-14,3.3986,3.4221,3.3669,3.4221,959653
1980-01-15,3.4221,3.4857,3.3904,3.4857,2251779
1980-01-16,3.5575,3.5975,3.5575,3.5733,2925542
1980-01-17,3.5733,3.5892,3.5181,3.5416,1147360
1980-01-18,3.5416,3.5575,3.5257,3.5340,861302
1980-01-21,3.5340,3.6134,3.5257,3.6134,718442
1980-01-22,3.6134,3.6686,3.5657,3.5657,1685023
1980-01-23,3.5657,3.5975,3.5416,3.5816,1364500
1980-01-24,3.5816,3.5816,3.5022,3.5098,4563981
1980-01-25,3.5098,3.5575,3.4704,3.5575,1378179
1980-01-28,3.5733,3.7639,3.5733,3.7639,4712211
1980-01-29,3.7639,3.8751,3.7322,3.7957,4019568
1980-01-30,3.7957,3.7957,3.7163,3.7163,3311519
1980-01-31,3.7322,3.8116,3.7322,3.7322,2553422
1980-02-01,3.7322,3.7639,3.6845,3.7480,2372465
1980-02-04,3.7480,3.7798,3.7480,3.7639,1045714
1980-02-05,3.7639,3.7798,3.7322,3.7722,926925
1980-02-06,3.7874,3.9227,3.7874,3.9227,1938185
1980-02-07,3.9310,4.0422,3.9310,3.9310,2655068
1980-02-08,3.9310,3.9628,3.8833,3.9151,804503
1980-02-11,3.9151,3.9386,3.8198,3.8274,532292
1980-02-12,3.8274,3.8357,3.7163,3.7557,1624591
1980-02-13,3.8592,3.9469,3.8592,3.9069,2584413
1980-02-14,3.9069,3.9628,3.7480,3.7798,3719831
1980-02-15,3.7798,3.7874,3.7322,3.7480,1023380
1980-02-19,3.7404,3.7404,3.6604,3.6845,1726237
1980-02-20,3.6845,3.7004,3.6527,3.6686,830302
1980-02-21,3.6845,3.7639,3.6845,3.7004,2415584
1980-02-22,3.7086,3.7722,3.7086,3.7480,449526
1980-02-25,3.7239,3.7239,3.6845,3.6845,1157753
1980-02-26,3.6845,3.6921,3.6527,3.6604,909613
1980-02-27,3.6604,3.6845,3.5575,3.5575,849351
1980-02-28,3.5575,3.5892,3.5098,3.5498,671858
1980-02-29,3.5498,3.5733,3.5022,3.5733,771776
1980-03-03,3.5733,3.5892,3.5257,3.5257,913078
1980-03-04,3.5257,3.5416,3.4704,3.4939,1914114
1980-03-05,3.4939,3.4939,3.4069,3.4069,2057143
1980-03-06,3.4069,3.4387,3.3904,3.4221,651259
1980-03-07,3.4304,3.4780,3.4304,3.4622,1505802
1980-03-10,3.4704,3.5257,3.4704,3.5257,575412
1980-03-11,3.5498,3.6921,3.5498,3.6921,413334
1980-03-12,3.6921,3.7163,3.5733,3.5975,551172
1980-03-13,3.5975,3.6527,3.5340,3.5575,590819
1980-03-14,3.5575,3.6686,3.4939,3.5733,856279
1980-03-17,3.5575,3.5575,3.4221,3.4304,1989961
1980-03-18,3.4221,3.4221,3.3116,3.3828,1846922
1980-03-19,3.3828,3.4069,3.3434,3.3669,718442
1980-03-20,3.3586,3.3586,3.3034,3.3351,1436883
1980-03-21,3.3116,3.3116,3.2640,3.2640,1193935
1980-03-24,3.2398,3.2398,3.1204,3.1204,1066491
1980-03-25,3.1204,3.1922,3.1052,3.1604,1373156
1980-03-26,3.1763,3.2481,3.1763,3.1763,1654023
1980-03-27,3.1128,3.1128,2.9940,3.0969,1038786
1980-03-28,3.1128,3.3034,3.1128,3.2957,776968
1980-03-31,3.3034,3.3828,3.3034,3.3116,1467883
1980-04-01,3.2875,3.2875,3.2081,3.2398,849351
1980-04-02,3.2398,3.2481,3.1763,3.2322,494373
1980-04-03,3.2322,3.2716,3.2239,3.2481,468574
1980-04-07,3.2239,3.2239,2.9622,2.9622,1466146
1980-04-08,2.9622,3.0886,2.9622,3.0651,1293854
1980-04-09,3.0810,3.1369,3.0810,3.0969,2091598
1980-04-10,3.0969,3.1287,3.0969,3.1287,659737
1980-04-11,3.1287,3.1287,3.0734,3.0734,1833075
1980-04-14,3.0569,3.0569,3.0016,3.0175,361728
1980-04-15,3.0175,3.0492,3.0099,3.0099,482253
1980-04-16,3.0099,3.0334,2.8904,2.9063,1035322
1980-04-17,2.9063,2.9063,2.8504,2.8587,1288662
1980-04-18,2.8587,2.8746,2.6999,2.7316,1519650
1980-04-21,2.6999,2.6999,2.6128,2.6287,997572
1980-04-22,2.6999,2.7793,2.6999,2.7634,2031344
1980-04-23,2.7951,2.9222,2.7951,2.8587,4755322
1980-04-24,2.8587,2.9381,2.8352,2.9381,1679831
1980-04-25,2.9381,2.9463,2.8746,2.9463,527101
1980-04-28,2.9463,3.1369,2.9463,3.0569,1345452
1980-04-29,3.0492,3.0492,3.0175,3.0251,849351
1980-04-30,3.0251,3.0492,3.0175,3.0416,456454
1980-05-01,3.0416,3.0416,2.9381,2.9381,1174896
1980-05-02,2.9381,2.9381,2.9146,2.9305,718442
1980-05-05,2.9305,2.9381,2.8822,2.9381,1283461
1980-05-06,2.9381,2.9940,2.9146,2.9222,1019915
1980-05-07,2.9222,2.9698,2.8669,2.9463,1057835
1980-05-08,2.9463,2.9698,2.8587,2.8587,499565
1980-05-09,2.8587,2.8746,2.8110,2.8269,1195672
1980-05-12,2.8269,2.8428,2.7951,2.8428,652818
1980-05-13,2.8587,2.9540,2.8587,2.9381,2077750
1980-05-14,2.9381,2.9463,2.8746,2.8904,363464
1980-05-15,2.8987,2.9857,2.8987,2.9463,552899
1980-05-16,2.9463,2.9463,2.9222,2.9305,1040522
1980-05-19,2.9305,2.9540,2.9222,2.9381,1359308
1980-05-20,2.9622,2.9940,2.9622,2.9781,833766
1980-05-21,2.9781,2.9781,2.9540,2.9540,346143
1980-05-22,2.9540,2.9940,2.9540,2.9940,873422
1980-05-23,2.9940,3.0175,2.9698,2.9857,3103026
1980-05-27,2.9857,3.0099,2.9622,2.9857,871685
1980-05-28,2.9857,3.0569,2.9540,3.0492,4605364
1980-05-29,3.0492,3.0651,2.9622,2.9622,1765883
1980-05-30,2.9622,3.0099,2.9305,3.0099,947532
1980-06-02,3.0099,3.0734,3.0016,3.0251,315153
1980-06-03,3.0251,3.0810,2.9781,2.9781,771776
1980-06-04,2.9781,3.0734,2.9622,3.0734,1397227
1980-06-05,3.0734,3.0886,3.0099,3.0099,1202422
1980-06-06,3.0099,3.0251,2.9781,2.9781,1237055
1980-06-09,2.9698,2.9698,2.9222,2.9463,770039
1980-06-10,2.9463,3.0492,2.9063,3.0175,1140432
1980-06-11,3.0175,3.1128,3.0175,3.0810,1028571
1980-06-12,3.0810,3.0969,3.0492,3.0969,1102682
1980-06-13,3.0969,3.1204,3.0810,3.1204,513244
1980-06-16,3.1204,3.1204,3.0886,3.1052,503029
1980-06-17,3.1052,3.1052,3.0734,3.0810,757919
1980-06-18,3.0810,3.0886,3.0492,3.0651,878614
1980-06-19,3.0651,3.0810,2.9940,2.9940,465110
1980-06-20,2.9940,3.0099,2.9463,3.0099,1012987
1980-06-23,3.0099,3.0251,2.9940,3.0099,135932
1980-06-24,3.0099,3.0492,3.0016,3.0416,992380
1980-06-25,3.0492,3.1128,3.0492,3.1128,513244
1980-06-26,3.1128,3.1522,3.1128,3.1204,956188
1980-06-27,3.1052,3.1052,3.0569,3.1052,1419571
1980-06-30,3.1052,3.1128,3.0569,3.0569,801039
1980-07-01,3.0734,3.1445,3.0734,3.1204,678786
1980-07-02,3.1287,3.1922,3.1287,3.1687,987188
1980-07-03,3.1687,3.2557,3.1445,3.2557,4465799
1980-07-07,3.2716,3.3192,3.2716,3.2875,1314461
1980-07-08,3.2875,3.3192,3.2640,3.2716,1323117
1980-07-09,3.2716,3.3510,3.2716,3.2875,771776
1980-07-10,3.2875,3.3510,3.2798,3.3351,814896
1980-07-11,3.3351,3.3828,3.3192,3.3669,1247270
1980-07-14,3.3669,3.4304,3.3510,3.4304,2112205
1980-07-15,3.4304,3.4387,3.3510,3.3510,1279997
1980-07-16,3.3510,3.3904,3.3351,3.3510,1100776
1980-07-17,3.3510,3.4387,3.3510,3.4387,1168137
1980-07-18,3.4939,3.5733,3.4939,3.5657,2498182
1980-07-21,3.5575,3.5575,3.4622,3.5098,2238091
1980-07-22,3.5098,3.5257,3.4857,3.5022,1857315
1980-07-23,3.4780,3.4780,3.3986,3.4145,2217315
1980-07-24,3.4145,3.4304,3.3510,3.3669,1283461
1980-07-25,3.3669,3.3986,3.3510,3.3828,501302
1980-07-28,3.3828,3.4221,3.3669,3.3904,1810740
1980-07-29,3.4069,3.4304,3.4069,3.4304,1793419
1980-07-30,3.4304,3.4939,3.4304,3.4539,5859740
1980-07-31,3.4539,3.5257,3.3669,3.4463,2811776
1980-08-01,3.4221,3.4221,3.3434,3.3586,2239828
1980-08-04,3.3510,3.3510,3.3034,3.3192,2780776
1980-08-05,3.3192,3.3510,3.3116,3.3192,2210387
1980-08-06,3.3192,3.3828,3.3116,3.3828,2100263
1980-08-07,3.3828,3.4145,3.3828,3.3986,4128142
1980-08-08,3.4539,3.5340,3.4539,3.4939,5273935
1980-08-11,3.4939,3.6134,3.4704,3.6051,1965711
1980-08-12,3.6527,3.7957,3.6527,3.7004,2394808
1980-08-13,3.6845,3.6845,3.5733,3.5816,3900610
1980-08-14,3.5816,3.7480,3.5733,3.7322,2379393
1980-08-15,3.7322,3.7957,3.7322,3.7798,1712558
1980-08-18,3.7798,3.7874,3.6527,3.6527,2978876
1980-08-19,3.6527,3.6845,3.5892,3.6051,1107705
1980-08-20,3.6369,3.7322,3.6369,3.7239,1483289
1980-08-21,3.7239,3.7798,3.7239,3.7722,983724
1980-08-22,3.8116,3.9863,3.8116,3.9069,5584065
1980-08-25,3.9069,3.9069,3.7874,3.8116,1156016
1980-08-26,3.8116,3.9227,3.7957,3.8592,1840003
1980-08-27,3.8592,3.8751,3.8039,3.8039,2134718
1980-08-28,3.7874,3.7874,3.6527,3.6604,1421299
1980-08-29,3.6527,3.6527,3.6051,3.6210,2839311
1980-09-02,3.6210,3.6210,3.5892,3.6134,1729701
1980-09-03,3.6134,3.7163,3.6051,3.7004,2150133
1980-09-04,3.7239,3.8357,3.7239,3.7480,2389607
1980-09-05,3.7557,3.8357,3.7557,3.7957,933676
1980-09-08,3.7957,3.8039,3.6210,3.6210,861302
1980-09-09,3.6210,3.7163,3.5575,3.6921,1476539
1980-09-10,3.7163,3.8039,3.7163,3.7798,2431000
1980-09-11,3.7798,3.8039,3.7639,3.7798,845886
1980-09-12,3.7798,3.7798,3.6845,3.7322,1590127
1980-09-15,3.7322,3.7957,3.6451,3.7798,740776
1980-09-16,3.8039,3.9227,3.8039,3.8992,2444847
1980-09-17,3.9386,4.0339,3.9386,4.0180,1059571
1980-09-18,4.0574,4.1768,4.0574,4.0892,3082250
1980-09-19,4.0892,4.2645,4.0739,4.2645,2391344
1980-09-22,4.2645,4.4468,4.1292,4.3992,2303546
1980-09-23,4.3992,4.4233,4.1927,4.2404,1605711
1980-09-24,4.2404,4.2880,4.1768,4.2486,1205886
1980-09-25,4.2486,4.2880,4.1216,4.1610,1703893
1980-09-26,4.1057,4.1057,3.9545,3.9545,2401728
1980-09-29,3.9310,3.9310,3.8592,3.8592,1629783
1980-09-30,3.8751,4.0339,3.8751,4.0339,1779740
1980-10-01,4.0256,4.0256,3.8910,3.9863,1634974
1980-10-02,3.9863,4.0422,3.9863,4.0422,1783204
1980-10-03,4.0498,4.1851,4.0498,4.1610,852815
1980-10-06,4.1927,4.3674,4.1927,4.3674,1107705
1980-10-07,4.3674,4.4309,4.3274,4.3674,1352380
1980-10-08,4.3674,4.3992,4.3198,4.3592,1187016
1980-10-09,4.3592,4.3757,4.2645,4.2645,1014715
1980-10-10,4.2645,4.2804,4.2169,4.2327,807967
1980-10-13,4.2327,4.2562,4.1768,4.2562,478958
1980-10-14,4.2562,4.3439,4.2562,4.2645,1405883
1980-10-15,4.2645,4.4151,4.2486,4.4151,1159481
1980-10-16,4.4710,4.5739,4.4710,4.4710,3092643
1980-10-17,4.4710,4.4945,4.3992,4.4151,1550649
1980-10-20,4.3909,4.3909,4.3198,4.3909,1031858
1980-10-21,4.3909,4.4710,4.3833,4.4151,2051951
1980-10-22,4.4151,4.5262,4.4151,4.5103,1481731
1980-10-23,4.5103,4.5739,4.3909,4.3909,1052643
1980-10-24,4.3757,4.3757,4.3121,4.3357,1031858
1980-10-27,4.3357,4.3357,4.2880,4.3121,1328309
1980-10-28,4.3121,4.3121,4.2245,4.2404,2162253
1980-10-29,4.2562,4.3039,4.2562,4.2804,1118097
1980-10-30,4.2086,4.2086,3.9386,3.9386,2098526
1980-10-31,3.9786,4.1451,3.9786,4.1133,2443120
1980-11-03,4.1374,4.3198,4.1374,4.3039,720169
1980-11-05,4.4551,4.8280,4.4551,4.5103,5699568
1980-11-06,4.4786,4.4786,4.3833,4.4074,1655581
1980-11-07,4.4074,4.4233,4.3674,4.3757,1243806
1980-11-10,4.3592,4.3592,4.2880,4.3592,873422
1980-11-11,4.3757,4.4151,4.3757,4.3833,568484
1980-11-12,4.3833,4.5898,4.3515,4.5739,3054715
1980-11-13,4.5898,4.7168,4.5898,4.7168,2544766
1980-11-14,4.7168,4.8439,4.6215,4.7645,3428571
1980-11-17,4.7645,4.8915,4.6774,4.8915,1324845
1980-11-18,4.9391,5.0503,4.9391,5.0427,1330045
1980-11-19,5.0427,5.1297,4.9944,5.0503,1438611
1980-11-20,5.0503,5.0745,4.9709,5.0745,1560864
1980-11-21,5.0745,5.1138,5.0262,5.0262,1972640
1980-11-24,5.0262,5.0745,4.9309,5.0745,1023380
1980-11-25,5.0745,5.1933,5.0745,5.1297,1288662
1980-11-26,5.1297,5.3362,5.0903,5.3044,1073250
1980-11-28,5.2727,5.2727,5.1774,5.2174,866494
1980-12-01,5.2091,5.2091,5.0186,5.0186,1178351
1980-12-02,5.0186,5.0821,4.8756,4.9391,1703893
1980-12-03,4.8915,4.8915,4.8280,4.8439,1156016
1980-12-04,4.8439,4.8839,4.7886,4.7962,1149088
1980-12-05,4.7962,4.8121,4.7486,4.7645,1286925
1980-12-08,4.7092,4.7092,4.5421,4.5421,1483289
1980-12-09,4.5262,4.5262,4.4468,4.5262,3383724
1980-12-10,4.5262,4.5821,4.4468,4.4468,1185279
1980-12-11,4.4468,4.4945,4.3515,4.4074,3482075
1980-12-12,4.4392,4.5898,4.4392,4.5739,1192208
1980-12-15,4.6056,4.6850,4.6056,4.6215,1094026
1980-12-16,4.6215,4.6927,4.4786,4.5504,2198445
1980-12-17,4.4786,4.4786,4.3833,4.4710,2296626
1980-12-18,4.4710,4.5103,4.4468,4.4468,2160517
1980-12-19,4.4392,4.4392,4.3439,4.3592,2858351
1980-12-22,4.3592,4.3992,4.3198,4.3909,2162253
1980-12-23,4.3833,4.3833,4.3198,4.3357,751169
1980-12-24,4.3674,4.4074,4.3674,4.3992,437575
1980-12-26,4.4468,4.5898,4.4468,4.5898,327273
1980-12-29,4.5898,4.5898,4.4627,4.4627,278961
1980-12-30,4.4627,4.5663,4.4627,4.5663,540948
1980-12-31,4.5739,4.6374,4.5739,4.6374,615068
1981-01-02,4.6374,4.6374,4.5739,4.5898,644331
1981-01-05,4.5898,4.6215,4.5580,4.5739,980260
1981-01-06,4.5739,4.5739,4.4392,4.4786,1760692
1981-01-07,4.4151,4.4151,4.3439,4.3757,3285542
1981-01-08,4.3757,4.3833,4.3274,4.3357,1028571
1981-01-09,4.3357,4.3833,4.2880,4.2880,1397227
1981-01-12,4.2880,4.3274,4.1768,4.2010,4083286
1981-01-13,4.1692,4.1692,4.1133,4.1374,1836539
1981-01-14,4.1374,4.1851,4.1292,4.1292,709786
1981-01-15,4.1292,4.1451,4.1057,4.1451,472039
1981-01-16,4.1451,4.1927,4.1451,4.1768,368656
1981-01-19,4.1768,4.1927,4.1374,4.1374,852815
1981-01-20,4.1374,4.1927,4.1292,4.1292,596019
1981-01-21,4.1292,4.1451,4.0815,4.1216,859565
1981-01-22,4.1216,4.1451,4.1057,4.1292,890734
1981-01-23,4.1292,4.2169,4.1292,4.2010,627010
1981-01-26,4.2010,4.2010,4.1292,4.2010,628747
1981-01-27,4.2169,4.2645,4.2169,4.2562,470302
1981-01-28,4.2880,4.3121,4.2880,4.2956,325545
1981-01-29,4.2880,4.2880,4.2562,4.2645,454718
1981-01-30,4.2562,4.2562,4.0974,4.0974,332465
1981-02-02,4.0657,4.0657,3.9939,4.0021,859565
1981-02-03,4.0021,4.1451,4.0021,4.1451,964845
1981-02-04,4.1451,4.1927,4.1133,4.1692,988916
1981-02-05,4.1692,4.3198,4.1692,4.2804,1028571
1981-02-06,4.3274,4.4074,4.3274,4.3833,1395500
1981-02-09,4.3833,4.4151,4.3515,4.3592,344416
1981-02-10,4.3592,4.3833,4.3274,4.3592,330737
1981-02-11,4.3357,4.3357,4.2956,4.3039,566756
1981-02-12,4.3039,4.3198,4.2486,4.2880,713250
1981-02-13,4.2721,4.2721,4.2245,4.2486,733857
1981-02-17,4.2486,4.2804,4.2245,4.2245,1009523
1981-02-18,4.2086,4.2086,4.1292,4.1374,1367964
1981-02-19,4.1374,4.1451,3.9863,3.9863,1905458
1981-02-20,3.9863,3.9863,3.8433,3.8592,1828052
1981-02-23,3.8592,3.8910,3.8433,3.8910,1693509
1981-02-24,3.8910,3.9469,3.8910,3.8910,625282
1981-02-25,3.8910,3.8992,3.6134,3.8198,4040344
1981-02-26,3.8198,3.8910,3.7957,3.8675,3404500
1981-02-27,3.9151,4.0021,3.9151,3.9939,1603984
1981-03-02,3.9939,4.0815,3.9939,4.0574,690737
1981-03-03,4.0574,4.0739,3.9310,3.9310,549613
1981-03-04,3.9310,3.9545,3.8592,3.8592,1767620
1981-03-05,3.8592,3.8833,3.8116,3.8116,2689354
1981-03-06,3.8116,3.9069,3.7957,3.9069,1012987
1981-03-09,3.9069,4.0339,3.9069,3.9939,647795
1981-03-10,3.9939,4.0974,3.9939,4.0657,1361036
1981-03-11,4.0574,4.0574,4.0021,4.0339,720169
1981-03-12,4.0574,4.2404,4.0574,4.2327,685545
1981-03-13,4.2327,4.3039,4.1533,4.1533,1824588
1981-03-16,4.1533,4.2880,4.1374,4.2880,747705
1981-03-17,4.2880,4.3121,4.1927,4.2562,914805
1981-03-18,4.2562,4.3992,4.2169,4.3757,1469610
1981-03-19,4.3757,4.4468,4.3357,4.3515,1428227
1981-03-20,4.3515,4.4233,4.3515,4.3674,975068
1981-03-23,4.3674,4.3833,4.3357,4.3674,1283461
1981-03-24,4.3992,4.4710,4.3992,4.4233,1974376
1981-03-25,4.4309,4.5186,4.4309,4.5103,714977
1981-03-26,4.5103,4.5663,4.4468,4.4710,988916
1981-03-27,4.4710,4.4945,4.3674,4.4309,961389
1981-03-30,4.4309,4.4468,4.3674,4.4233,677058
1981-03-31,4.4309,4.6533,4.4309,4.5898,2103549
1981-04-01,4.5898,4.6215,4.5345,4.5974,759656
1981-04-02,4.5974,4.6215,4.5739,4.5821,1031858
1981-04-03,4.5821,4.5974,4.5504,4.5663,1398964
1981-04-06,4.5663,4.5739,4.5027,4.5421,1143896
1981-04-07,4.5421,4.5580,4.5186,4.5421,973331
1981-04-08,4.5898,4.7092,4.5898,4.7009,1965711
1981-04-09,4.7009,4.8280,4.6692,4.8121,1719478
1981-04-10,4.8121,4.9709,4.8045,4.9709,1821124
1981-04-13,4.9709,5.1138,4.8839,5.0427,2572292
1981-04-14,5.0427,5.0503,4.9792,5.0186,3711166
1981-04-15,5.0027,5.0027,4.9309,4.9792,740776
1981-04-16,4.9792,4.9944,4.9233,4.9550,1033763
1981-04-20,4.9550,5.1297,4.9309,5.1138,1822860
1981-04-21,5.1138,5.2250,5.0903,5.1297,1102682
1981-04-22,5.1297,5.3203,5.1062,5.3127,2126062
1981-04-23,5.3997,5.5109,5.3997,5.4474,1850387
1981-04-24,5.4156,5.4156,5.3444,5.3521,695929
1981-04-27,5.3521,5.4239,5.3362,5.3444,827016
1981-04-28,5.3444,5.3603,5.1456,5.1856,1443812
1981-04-29,5.1697,5.1697,5.0186,5.0503,2131253
1981-04-30,5.0186,5.0186,4.9233,4.9309,1040522
1981-05-01,4.9309,4.9868,4.8915,4.8998,1435155
1981-05-04,4.8280,4.8280,4.7168,4.7486,1197400
1981-05-05,4.7486,4.7886,4.7009,4.7727,1550649
1981-05-06,4.7727,4.8280,4.7486,4.7486,789088
1981-05-07,4.7486,4.7886,4.7486,4.7645,962948
1981-05-08,4.7645,4.7886,4.7486,4.7568,385799
1981-05-11,4.7486,4.7486,4.6457,4.6692,404847
1981-05-12,4.6692,4.7409,4.6374,4.7409,692465
1981-05-13,4.7409,4.7645,4.7009,4.7009,315153
1981-05-14,4.7009,4.8121,4.7009,4.7962,1105977
1981-05-15,4.8121,4.9233,4.8121,4.9074,708049
1981-05-18,4.9074,4.9709,4.8839,4.9156,308402
1981-05-19,4.9156,4.9309,4.8756,4.9309,570220
1981-05-20,4.9309,5.0186,4.9074,5.0186,403120
1981-05-21,5.0186,5.0662,4.9944,5.0427,608140
1981-05-22,5.0586,5.1456,5.0586,5.0903,459909
1981-05-26,5.0903,5.2333,5.0821,5.2333,763120
1981-05-27,5.2809,5.5268,5.2809,5.4950,2441383
1981-05-28,5.4950,5.7491,5.4474,5.6856,3020260
1981-05-29,5.6697,5.6697,5.4315,5.4632,2131253
1981-06-01,5.4632,5.4791,5.2409,5.2409,1274974
1981-06-02,5.2409,5.4156,5.2091,5.2250,1507529
1981-06-03,5.2250,5.2727,5.1539,5.2727,1414370
1981-06-04,5.2727,5.3044,4.9309,4.9391,2648140
1981-06-05,4.9391,4.9792,4.9233,4.9792,2803120
1981-06-08,4.9792,5.0186,4.9550,4.9709,2377665
1981-06-09,4.9709,5.0027,4.9709,4.9709,904413
1981-06-10,4.9709,5.0262,4.8839,4.8839,845886
1981-06-11,4.8839,4.9156,4.7803,4.8439,1586663
1981-06-12,4.8439,4.8839,4.7645,4.7803,771776
1981-06-15,4.7803,4.8121,4.6850,4.6850,1597055
1981-06-16,4.6692,4.6692,4.4710,4.5421,2055415
1981-06-17,4.5421,4.5821,4.5103,4.5580,2449870
1981-06-18,4.5580,4.5580,4.3833,4.4233,2689354
1981-06-19,4.4233,4.6215,4.4233,4.5974,2222507
1981-06-22,4.5974,4.6139,4.5739,4.5739,639130
1981-06-23,4.5898,4.6692,4.5898,4.6692,618532
1981-06-24,4.6692,4.6927,4.6374,4.6609,1290390
1981-06-25,4.6609,4.7092,4.6374,4.6374,668402
1981-06-26,4.6374,4.6374,4.5974,4.6291,501302
1981-06-29,4.6291,4.6291,4.5739,4.6056,313416
1981-06-30,4.5739,4.5739,4.5421,4.5421,216971
1981-07-01,4.5262,4.5262,4.4468,4.4468,1204328
1981-07-02,4.4309,4.4309,4.2956,4.3198,1030299
1981-07-06,4.3198,4.3274,4.1927,4.2010,3414715
1981-07-07,4.2086,4.2804,4.2086,4.2721,2518789
1981-07-08,4.2721,4.3039,4.2169,4.2721,1173337
1981-07-09,4.2804,4.3198,4.2804,4.2956,1378179
1981-07-10,4.2956,4.3039,4.2562,4.2880,552899
1981-07-13,4.3039,4.3515,4.3039,4.3515,265282
1981-07-14,4.3515,4.4074,4.2880,4.3039,1278269
1981-07-15,4.3121,4.3674,4.3121,4.3674,761383
1981-07-16,4.3674,4.4074,4.3674,4.4074,851078
1981-07-17,4.4074,4.4309,4.3833,4.4233,1135409
1981-07-20,4.4233,4.4233,4.3674,4.3757,401383
1981-07-21,4.3757,4.3757,4.3274,4.3439,704585
1981-07-22,4.3439,4.3992,4.2562,4.2804,385799
1981-07-23,4.2804,4.2804,4.1927,4.2010,3182168
1981-07-24,4.2086,4.2721,4.2086,4.2404,957925
1981-07-27,4.2404,4.2880,4.2327,4.2721,866494
1981-07-28,4.2721,4.2804,4.1927,4.2010,745977
1981-07-29,4.2010,4.2169,4.0892,4.0892,446062
1981-07-30,4.0892,4.1292,4.0657,4.1216,427182
1981-07-31,4.1216,4.2404,4.1133,4.2404,1595328
1981-08-03,4.2245,4.2245,4.1133,4.1292,570220
1981-08-04,4.1292,4.2404,4.1057,4.2404,1828052
1981-08-05,4.2562,4.3515,4.2562,4.3357,959653
1981-08-06,4.3357,4.3357,4.2327,4.2562,463374
1981-08-07,4.2404,4.2404,4.1374,4.1768,606403
1981-08-10,4.1768,4.1851,4.1374,4.1768,477052
1981-08-11,4.1768,4.2804,4.1692,4.2486,590819
1981-08-12,4.2645,4.3439,4.2645,4.3121,1533337
1981-08-13,4.3121,4.3833,4.2956,4.3515,385799
1981-08-14,4.3515,4.3992,4.3439,4.3592,323809
1981-08-17,4.3592,4.3833,4.2956,4.2956,318617
1981-08-18,4.2956,4.3039,4.2245,4.2404,838958
1981-08-19,4.2404,4.2562,4.2086,4.2486,656273
1981-08-20,4.2562,4.2956,4.2562,4.2562,728656
1981-08-21,4.2562,4.2721,4.1610,4.1692,452990
1981-08-24,4.1133,4.1133,4.0021,4.0574,2286234
1981-08-25,4.0574,4.0974,4.0021,4.0974,1500610
1981-08-26,4.0892,4.0892,4.0498,4.0657,496101
1981-08-27,4.0657,4.0892,4.0574,4.0815,301474
1981-08-28,4.0815,4.1292,4.0739,4.1292,452990
1981-08-31,4.1292,4.1768,4.1216,4.1216,630474
1981-09-01,4.1216,4.1451,4.0657,4.1216,690737
1981-09-02,4.1216,4.1374,4.0892,4.0892,794289
1981-09-03,4.0657,4.0657,3.9386,3.9628,1140432
1981-09-04,3.9628,3.9704,3.9386,3.9469,1696974
1981-09-08,3.9469,4.0104,3.9386,3.9863,985452
1981-09-09,4.0021,4.1057,4.0021,4.0892,682250
1981-09-10,4.1292,4.2245,4.1292,4.2086,1064763
1981-09-11,4.2086,4.2404,4.1057,4.2404,1149088
1981-09-14,4.2169,4.2169,4.0974,4.1133,1228399
1981-09-15,4.1133,4.1768,4.0180,4.0180,2244850
1981-09-16,3.9628,3.9628,3.8910,3.9386,1812468
1981-09-17,3.9386,3.9863,3.9227,3.9310,2131253
1981-09-18,3.9310,3.9310,3.8751,3.8751,1529873
1981-09-21,3.8751,4.0021,3.8751,3.9786,978532
1981-09-22,3.9786,3.9939,3.9386,3.9386,830302
1981-09-23,3.9386,3.9786,3.8516,3.9786,1156016
1981-09-24,3.9786,4.0339,3.9545,3.9939,1765883
1981-09-25,3.9786,3.9786,3.8910,3.8910,830302
1981-09-28,3.8910,3.9863,3.8116,3.9704,1100776
1981-09-29,4.0104,4.1374,4.0104,4.1216,1669438
1981-09-30,4.1216,4.1610,4.1057,4.1216,680522
1981-10-01,4.1216,4.1216,4.0739,4.1133,1097490
1981-10-02,4.1133,4.1451,4.1133,4.1133,1583377
1981-10-05,4.1292,4.1927,4.1292,4.1533,897493
1981-10-06,4.1533,4.1610,4.1057,4.1374,1081906
1981-10-07,4.1374,4.2880,4.1374,4.2721,711513
1981-10-08,4.2721,4.4074,4.2721,4.3833,816623
1981-10-09,4.3833,4.4074,4.2880,4.3357,1614376
1981-10-12,4.3357,4.3992,4.3121,4.3833,1007795
1981-10-13,4.3833,4.4233,4.3674,4.3833,704585
1981-10-14,4.3833,4.3992,4.2721,4.2804,1977832
1981-10-15,4.2804,4.3357,4.2721,4.3198,895935
1981-10-16,4.3198,4.3357,4.1851,4.2404,1063026
1981-10-19,4.2169,4.2169,4.1768,4.2086,527101
1981-10-20,4.2086,4.2562,4.1292,4.1451,1099218
1981-10-21,4.1451,4.3039,4.1374,4.2169,1176623
1981-10-22,4.2169,4.2169,4.1768,4.2169,545971
1981-10-23,4.2086,4.2086,4.1610,4.1927,1374893
1981-10-26,4.1927,4.2956,4.1768,4.2956,1125026
1981-10-27,4.2956,4.3674,4.2721,4.3592,1571256
1981-10-28,4.3592,4.3833,4.3198,4.3357,1180088
1981-10-29,4.3357,4.3515,4.3121,4.3439,516886
1981-10-30,4.3439,4.4627,4.2327,4.4468,3173682
1981-11-02,4.4710,4.5504,4.4710,4.5504,1504065
1981-11-03,4.5504,4.5663,4.5027,4.5103,694201
1981-11-04,4.5103,4.6374,4.4710,4.6291,2227708
1981-11-05,4.6291,4.6927,4.4868,4.4868,2642948
1981-11-06,4.4868,4.5186,4.4392,4.4627,635675
1981-11-09,4.4627,4.5027,4.4309,4.5027,1074977
1981-11-10,4.5027,4.5898,4.4945,4.4945,1941649
1981-11-11,4.4945,4.5262,4.4468,4.5103,935412
1981-11-12,4.5262,4.5974,4.5262,4.5663,1324845
1981-11-13,4.5663,4.5821,4.3357,4.3357,907877
1981-11-16,4.3198,4.3198,4.2086,4.2245,423727
1981-11-17,4.2245,4.2562,4.1927,4.2086,756361
1981-11-18,4.2086,4.2327,4.0892,4.0892,1304246
1981-11-19,4.0657,4.0657,4.0256,4.0657,1174896
1981-11-20,4.0574,4.0574,4.0104,4.0422,2382857
1981-11-23,4.0422,4.0892,4.0422,4.0574,1419571
1981-11-24,4.0815,4.1451,4.0815,4.1451,863029
1981-11-25,4.1451,4.1610,4.0815,4.0815,1333509
1981-11-27,4.0974,4.1216,4.0974,4.1133,583899
1981-11-30,4.1133,4.1133,4.0739,4.1133,516886
1981-12-01,4.1133,4.1851,4.0974,4.1451,1616104
1981-12-02,4.1451,4.2245,4.1451,4.1692,2019224
1981-12-03,4.1692,4.2086,4.1451,4.1768,899221
1981-12-04,4.1851,4.2880,4.1851,4.2404,1116361
1981-12-07,4.2404,4.2804,4.2327,4.2404,1824588
1981-12-08,4.2404,4.2721,4.1927,4.1927,987188
1981-12-09,4.1927,4.2010,4.1133,4.1133,1002594
1981-12-10,4.1292,4.1292,4.1292,4.1292,24071
1981-12-11,3.8992,3.8992,3.8116,3.8751,8152902
1981-12-14,3.8592,3.8592,3.7798,3.8116,3909266
1981-12-15,3.8116,3.8116,3.7004,3.7480,2255234
1981-12-16,3.7480,3.7480,3.6769,3.7163,1743549
1981-12-17,3.7163,3.7874,3.7163,3.7798,1237055
1981-12-18,3.7874,3.8592,3.7874,3.8274,1814195
1981-12-21,3.8274,3.8357,3.7798,3.8116,647795
1981-12-22,3.7798,3.7798,3.7163,3.7239,1945104
1981-12-23,3.7239,3.7404,3.7004,3.7004,720169
1981-12-24,3.7004,3.7086,3.6686,3.6921,1278269
1981-12-28,3.6921,3.7086,3.6845,3.6845,270474
1981-12-29,3.6845,3.6845,3.5892,3.5892,1369701
1981-12-30,3.5892,3.6292,3.5416,3.6051,2523981
1981-12-31,3.6292,3.6845,3.6292,3.6686,757919
1982-01-04,3.6527,3.6686,3.6369,3.6527,472039
1982-01-05,3.6051,3.6369,3.5733,3.5733,1218007
1982-01-06,3.5098,3.5575,3.4539,3.4780,2815240
1982-01-07,3.4304,3.4939,3.3669,3.4145,1230127
1982-01-08,3.4539,3.4780,3.4221,3.4463,1479825
1982-01-11,3.3751,3.4304,3.3116,3.3192,1147360
1982-01-12,3.3434,3.3751,3.3034,3.3275,2095062
1982-01-13,3.3351,3.3828,3.2875,3.3034,1895065
1982-01-14,3.3351,3.3669,3.2957,3.3510,1078442
1982-01-15,3.4069,3.4304,3.3751,3.3828,1953769
1982-01-18,3.3904,3.4463,3.3275,3.4387,2579221
1982-01-19,3.4069,3.4387,3.3669,3.3669,2818704
1982-01-20,3.3669,3.3828,3.3510,3.3669,1361036
1982-01-21,3.4387,3.4939,3.3751,3.4780,2210387
1982-01-22,3.5022,3.5416,3.4622,3.4704,2344938
1982-01-25,3.4069,3.4463,3.3669,3.4304,2248315
1982-01-26,3.4622,3.4780,3.4463,3.4704,1853851
1982-01-27,3.5098,3.5416,3.4704,3.5416,1672902
1982-01-28,3.5975,3.6527,3.5340,3.6527,3509610
1982-01-29,3.6769,3.7086,3.6451,3.6845,3750822
1982-02-01,3.5975,3.6369,3.5498,3.5498,1343893
1982-02-02,3.5816,3.6051,3.5498,3.5816,1405883
1982-02-03,3.5975,3.6051,3.5816,3.5892,1478266
1982-02-04,3.5657,3.6051,3.5181,3.5416,2741129
1982-02-05,3.5657,3.5816,3.5416,3.5416,1786669
1982-02-08,3.4857,3.5340,3.4304,3.4387,1900257
1982-02-09,3.3510,3.3904,3.3034,3.3192,2360344
1982-02-10,3.3434,3.3586,3.3192,3.3351,2269091
1982-02-11,3.3586,3.3828,3.3275,3.3669,2301818
1982-02-12,3.3586,3.3669,3.3434,3.3510,1771084
1982-02-16,3.3351,3.3586,3.3034,3.3586,2074286
1982-02-17,3.3828,3.3986,3.3669,3.3669,2546494
1982-02-18,3.3828,3.3904,3.3751,3.3751,2162253
1982-02-19,3.3751,3.3828,3.3669,3.3751,2196708
1982-02-22,3.4145,3.4221,3.3986,3.4069,3771429
1982-02-23,3.3751,3.3828,3.3669,3.3669,2072558
1982-02-24,3.3586,3.3751,3.3351,3.3434,3566409
1982-02-25,3.3275,3.3586,3.2957,3.3275,3633591
1982-02-26,3.3351,3.3510,3.3116,3.3510,2384416
1982-03-01,3.4145,3.4780,3.3434,3.4622,9309088
1982-03-02,3.5498,3.6051,3.4939,3.5181,7379390
1982-03-03,3.4939,3.5257,3.4539,3.4780,6166406
1982-03-04,3.5340,3.5733,3.4857,3.5257,6879656
1982-03-05,3.4463,3.5098,3.3828,3.3986,3366581
1982-03-08,3.2875,3.4221,3.1522,3.1763,3089178
1982-03-09,3.2004,3.2716,3.1287,3.2239,5046403
1982-03-10,3.2640,3.2957,3.2239,3.2322,6111344
1982-03-11,3.2239,3.2481,3.2004,3.2163,2084678
1982-03-12,3.1687,3.2081,3.1287,3.1922,2698010
1982-03-15,3.2081,3.2716,3.1369,3.2716,2663546
1982-03-16,3.3510,3.4069,3.2957,3.3669,1981296
1982-03-17,3.4069,3.4704,3.3434,3.4463,1252471
1982-03-18,3.4857,3.5098,3.4622,3.5022,1216279
1982-03-19,3.5657,3.5975,3.5257,3.5575,1662510
1982-03-22,3.6051,3.6686,3.5416,3.6527,2959997
1982-03-23,3.6686,3.7086,3.6210,3.6686,4224588
1982-03-24,3.6369,3.6769,3.5975,3.5975,2427535
1982-03-25,3.6051,3.6527,3.5575,3.5892,1934721
1982-03-26,3.5340,3.5657,3.5022,3.5181,3361389
1982-03-29,3.5975,3.6369,3.5575,3.6210,2696273
1982-03-30,3.6686,3.7004,3.6369,3.6686,2380951
1982-03-31,3.6686,3.7004,3.6292,3.6292,3072036
1982-04-01,3.6686,3.7004,3.6369,3.6845,2951341
1982-04-02,3.7239,3.7639,3.6845,3.7480,3254542
1982-04-05,3.7163,3.7480,3.6845,3.7480,1622854
1982-04-06,3.7557,3.7874,3.7163,3.7557,2791169
1982-04-07,3.8116,3.8592,3.7557,3.8116,3544065
1982-04-08,3.8675,3.9227,3.8116,3.8992,4510646
1982-04-12,3.9227,3.9386,3.9069,3.9069,2975412
1982-04-13,3.9939,4.0657,3.9227,3.9227,4265971
1982-04-14,3.9227,3.9545,3.8910,3.9386,2872039
1982-04-15,3.9863,4.0498,3.9151,4.0422,3936793
1982-04-16,4.0739,4.0974,4.0422,4.0574,2715322
1982-04-19,4.0498,4.0739,4.0256,4.0422,2923806
1982-04-20,4.0021,4.0422,3.9545,3.9545,1924506
1982-04-21,3.9469,3.9704,3.9151,3.9704,1390299
1982-04-22,3.9704,4.0021,3.9386,3.9469,1348916
1982-04-23,4.0104,4.0815,3.9386,4.0815,3306318
1982-04-26,4.0974,4.1451,4.0422,4.1292,2281042
1982-04-27,4.0739,4.1451,4.0021,4.0574,2808312
1982-04-28,4.0498,4.0974,4.0021,4.0574,1471338
1982-04-29,3.9786,4.0256,3.9310,3.9386,1200864
1982-04-30,3.9628,3.9863,3.9386,3.9545,994117
1982-05-03,3.9939,4.0256,3.9628,3.9939,1224935
1982-05-04,4.0574,4.1133,4.0021,4.1133,4083286
1982-05-05,4.1216,4.1533,4.0892,4.1133,3769701
1982-05-06,4.1133,4.1451,4.0815,4.0815,1936448
1982-05-07,4.0498,4.0974,4.0021,4.0021,1328309
1982-05-10,3.9704,4.0256,3.9069,3.9069,3950649
1982-05-11,3.9310,3.9545,3.9069,3.9227,1205886
1982-05-12,3.8992,3.9386,3.8516,3.8751,5205026
1982-05-13,3.8992,3.9386,3.8592,3.8833,1355844
1982-05-14,3.9628,4.0422,3.8751,4.0339,4901646
1982-05-17,4.0104,4.0256,3.9939,4.0021,2031344
1982-05-18,4.0021,4.0339,3.9704,4.0021,2968662
1982-05-19,4.0256,4.0574,3.9863,3.9863,2255234
1982-05-20,3.9386,3.9863,3.8833,3.9069,2713594
1982-05-21,3.9069,3.9227,3.8833,3.8910,2425799
1982-05-24,3.9386,3.9863,3.8833,3.9069,2713594
1982-05-25,3.8516,3.8910,3.8039,3.8116,894029
1982-05-26,3.7557,3.7798,3.7322,3.7557,2687795
1982-05-27,3.7557,3.7798,3.7239,3.7639,1335237
1982-05-28,3.7322,3.7957,3.6686,3.7322,1802075
1982-06-01,3.7086,3.7239,3.6845,3.7004,1142168
1982-06-02,3.7239,3.7722,3.6686,3.7722,1581649
1982-06-03,3.7480,3.7798,3.7086,3.7798,1767620
1982-06-04,3.7163,3.7639,3.6604,3.6769,1197400
1982-06-07,3.6845,3.7163,3.6451,3.6686,1376620
1982-06-08,3.6769,3.6921,3.6604,3.6686,1018179
1982-06-09,3.6527,3.6845,3.6134,3.6686,2655068
1982-06-10,3.7163,3.7480,3.6845,3.7004,2548221
1982-06-11,3.7798,3.8039,3.7557,3.7957,2055415
1982-06-14,3.8039,3.8198,3.7874,3.7874,2022688
1982-06-15,3.7557,3.7798,3.7322,3.7639,2043286
1982-06-16,3.8198,3.8433,3.7874,3.7957,1888315
1982-06-17,3.7480,3.7957,3.7404,3.7557,1118097
1982-06-18,3.7480,3.7639,3.7239,3.7404,1009523
1982-06-21,3.7874,3.8198,3.7480,3.8039,2939221
1982-06-22,3.8357,3.8751,3.7874,3.8751,3401036
1982-06-23,3.9704,4.0657,3.8751,4.0498,4347010
1982-06-24,3.9469,4.0574,3.8357,3.8357,2591172
1982-06-25,3.8357,3.8675,3.7957,3.8274,1890042
1982-06-28,3.8751,3.9069,3.8433,3.8833,2586149
1982-06-29,3.9310,3.9545,3.8992,3.9151,2658354
1982-06-30,3.9386,3.9786,3.8910,3.8910,5528834
1982-07-01,3.8833,3.9151,3.8516,3.8592,914805
1982-07-02,3.8274,3.8516,3.7957,3.8198,1431691
1982-07-06,3.8357,3.8592,3.8039,3.8433,1128481
1982-07-07,3.8833,3.9227,3.8433,3.8833,1266318
1982-07-08,3.8516,3.8910,3.8116,3.8910,3438964
1982-07-09,3.9310,3.9628,3.8910,3.9069,1343893
1982-07-12,3.9939,4.0256,3.9545,3.9939,3828396
1982-07-13,4.0422,4.1057,3.9704,3.9863,3144240
1982-07-14,4.0498,4.0974,3.9939,4.0974,2425799
1982-07-15,4.1292,4.1610,4.0974,4.1533,4813857
1982-07-16,4.1927,4.2486,4.1292,4.2169,4064416
1982-07-19,4.2245,4.2562,4.1927,4.2086,2827360
1982-07-20,4.2721,4.3674,4.1768,4.3674,3992033
1982-07-21,4.3674,4.4074,4.3198,4.3274,4684675
1982-07-22,4.3515,4.4074,4.2880,4.3757,4531253
1982-07-23,4.3757,4.3992,4.3439,4.3833,3647448
1982-07-26,4.3515,4.3909,4.3121,4.3198,1350652
1982-07-27,4.2645,4.3198,4.2086,4.2086,2780776
1982-07-28,4.1692,4.1927,4.1374,4.1610,3063380
1982-07-29,4.1768,4.2404,4.1133,4.2245,2580948
1982-07-30,4.2327,4.2562,4.2086,4.2086,2672211
1982-08-02,4.2804,4.3039,4.2562,4.3039,3921386
1982-08-03,4.3515,4.3909,4.3039,4.3039,7430997
1982-08-04,4.2086,4.2956,4.1133,4.1292,5048140
1982-08-05,4.0815,4.1133,4.0498,4.1133,2177659
1982-08-06,4.0498,4.1133,3.9863,4.0021,2668747
1982-08-09,3.9469,4.0256,3.8592,4.0104,3602600
1982-08-10,3.9863,4.0498,3.9151,3.9227,2396536
1982-08-11,3.8433,3.9386,3.7480,3.7480,3123633
1982-08-12,3.8198,3.8675,3.7639,3.8039,6193941
1982-08-13,3.8274,3.8516,3.7957,3.8433,1249006
1982-08-16,3.8833,3.9386,3.8274,3.8274,3065107
1982-08-17,3.9069,4.0021,3.8116,4.0021,11428399
1982-08-18,4.0815,4.1692,3.9863,3.9939,8716364
1982-08-19,3.9704,4.0339,3.9069,3.9469,3876539
1982-08-20,4.0498,4.1927,3.8992,4.1451,2932471
1982-08-23,4.2404,4.3439,4.1292,4.3121,8544071
1982-08-24,4.3198,4.3674,4.2721,4.2804,6526584
1982-08-25,4.3439,4.4233,4.2562,4.4233,6400689
1982-08-26,4.5027,4.5663,4.4392,4.5027,7498179
1982-08-27,4.4710,4.5103,4.4233,4.4945,2673938
1982-08-30,4.5262,4.5739,4.4710,4.5739,2985805
1982-08-31,4.6927,4.8121,4.5739,4.7803,4569181
1982-09-01,4.7092,4.7962,4.6215,4.6774,4226324
1982-09-02,4.7803,4.8915,4.6609,4.8597,6292123
1982-09-03,5.0262,5.0980,4.9550,5.0186,7472380
1982-09-07,4.9391,5.0027,4.8756,4.9233,3168481
1982-09-08,4.9474,5.0186,4.8756,4.8915,3013331
1982-09-09,4.8998,4.9550,4.8439,4.8680,2189780
1982-09-10,4.8756,4.9074,4.8362,4.8915,3273591
1982-09-13,4.9627,5.0503,4.8756,5.0503,3108227
1982-09-14,5.1062,5.1615,5.0503,5.0745,3754286
1982-09-15,5.0503,5.0980,5.0027,5.0586,1445539
1982-09-16,5.0027,5.0503,4.9474,5.0344,5861468
1982-09-17,4.9627,5.0262,4.8915,4.8915,5522075
1982-09-20,4.7645,4.8045,4.7168,4.7645,6569526
1982-09-21,4.7645,4.8121,4.7168,4.8121,3237400
1982-09-22,4.8756,4.9550,4.7962,4.8121,6047448
1982-09-23,4.7486,4.8280,4.6609,4.7645,8566584
1982-09-24,4.6927,4.7168,4.6692,4.7009,3149441
1982-09-27,4.7327,4.7962,4.6609,4.7645,1633247
1982-09-28,4.7168,4.7645,4.6609,4.6774,3099571
1982-09-29,4.5663,4.6374,4.4868,4.5345,4731081
1982-09-30,4.5027,4.5345,4.4710,4.4945,2615412
1982-10-01,4.5504,4.6215,4.4786,4.6215,3103026
1982-10-04,4.5739,4.6056,4.5421,4.5974,1438611
1982-10-05,4.6533,4.7092,4.5974,4.6692,1879650
1982-10-06,4.8439,4.9868,4.7009,4.9868,3270127
1982-10-07,5.0109,5.0821,4.9309,5.0027,7132987
1982-10-08,5.0745,5.1221,5.0262,5.1138,8781818
1982-10-11,5.2492,5.3362,5.1615,5.2727,4021296
1982-10-12,5.3279,5.4315,5.2250,5.3521,7944588
1982-10-13,5.3444,5.4156,5.2644,5.3279,3223552
1982-10-14,5.1933,5.2727,5.1062,5.1138,3967961
1982-10-15,5.1221,5.1856,5.0503,5.0821,2920350
1982-10-18,5.1456,5.2333,5.0586,5.2333,4819049
1982-10-19,5.2015,5.3127,5.0821,5.1615,6774545
1982-10-20,5.1697,5.2727,5.0662,5.2568,3514802
1982-10-21,5.3679,5.4156,5.3127,5.3997,3923114
1982-10-22,5.5268,5.6379,5.4080,5.4080,4267708
1982-10-25,5.2492,5.3362,5.1615,5.1615,2775584
1982-10-26,5.1062,5.1856,5.0262,5.1774,12748221
1982-10-27,5.2727,5.3203,5.2250,5.2409,6281909
1982-10-28,5.2568,5.2885,5.2250,5.2250,2038094
1982-10-29,5.2809,5.3521,5.2091,5.3044,1936448
1982-11-01,5.3762,5.4397,5.3044,5.4239,2076013
1982-11-02,5.5661,5.6856,5.4397,5.6062,5935587
1982-11-03,5.6621,5.7415,5.5744,5.7256,7687792
1982-11-04,5.7256,5.8444,5.5979,5.6462,5011948
1982-11-05,5.7015,5.7650,5.6297,5.7097,1586663
1982-11-08,5.5509,5.5903,5.5109,5.5426,2436191
1982-11-09,5.6221,5.7015,5.5426,5.7015,2692987
1982-11-10,5.5744,5.7015,5.4474,5.4474,3645711
1982-11-11,5.4239,5.4791,5.3603,5.4715,4722594
1982-11-12,5.5426,5.6221,5.4556,5.5426,5094715
1982-11-15,5.4791,5.5268,5.4315,5.4315,3866324
1982-11-16,5.2962,5.3444,5.2409,5.3127,3736974
1982-11-17,5.3921,5.4315,5.3444,5.3921,6900432
1982-11-18,5.3762,5.4239,5.3279,5.3838,3507883
1982-11-19,5.3997,5.4156,5.3762,5.3838,2684331
1982-11-22,5.3203,5.3762,5.2568,5.2568,1009523
1982-11-23,5.2409,5.2727,5.2015,5.2015,2039831
1982-11-24,5.2727,5.3203,5.2174,5.3203,3407964
1982-11-26,5.3762,5.4239,5.3279,5.4239,2015760
1982-11-29,5.3921,5.4239,5.3521,5.3838,1216279
1982-11-30,5.5033,5.6538,5.3444,5.6538,2656626
1982-12-01,5.6856,5.7574,5.6062,5.7173,3271863
1982-12-02,5.7256,5.7809,5.6697,5.6856,2269091
1982-12-03,5.5903,5.6379,5.5426,5.5426,3070299
1982-12-06,5.5426,5.6538,5.4239,5.6297,4736273
1982-12-07,5.7173,5.8126,5.6144,5.8126,5778701
1982-12-08,5.7967,5.9397,5.6538,5.6621,2968662
1982-12-09,5.5109,5.6062,5.4080,5.5109,8001386
1982-12-10,5.4315,5.5661,5.2885,5.2885,3540610
1982-12-13,5.3444,5.3838,5.3044,5.3362,2841039
1982-12-14,5.3279,5.4715,5.1774,5.1856,4057487
1982-12-15,5.2091,5.2492,5.1615,5.2409,3812812
1982-12-16,5.1856,5.2568,5.1138,5.1380,3158097
1982-12-17,5.2644,5.3203,5.2015,5.3044,2546494
1982-12-20,5.2809,5.3362,5.2250,5.2409,1843467
1982-12-21,5.3362,5.4397,5.2250,5.4156,2294890
1982-12-22,5.4156,5.4474,5.3838,5.3997,3240864
1982-12-23,5.4239,5.4632,5.3762,5.4315,2196708
1982-12-27,5.5268,5.5979,5.4474,5.5827,1216279
1982-12-28,5.5903,5.6144,5.5585,5.5585,1014715
1982-12-29,5.5744,5.6144,5.5268,5.5903,1140432
1982-12-30,5.5661,5.6144,5.5109,5.5109,1235328
1982-12-31,5.5109,5.5268,5.4874,5.5268,396191
1983-01-03,5.4474,5.5191,5.3679,5.3838,1733156
1983-01-04,5.3921,5.4315,5.3521,5.4239,2803120
1983-01-05,5.3279,5.4397,5.2091,5.2644,3425107
1983-01-06,5.3679,5.4474,5.2885,5.3679,2732465
1983-01-07,5.4874,5.5426,5.4239,5.4950,3480347
1983-01-10,5.5426,5.5903,5.4950,5.5191,2255234
1983-01-11,5.4950,5.5191,5.4632,5.4715,1169695
1983-01-12,5.6062,5.7491,5.4556,5.6144,3876539
1983-01-13,5.6856,5.7732,5.5979,5.7097,3137312
1983-01-14,5.8603,5.9873,5.7256,5.9556,3780085
1983-01-17,6.0909,6.2414,5.9397,6.1144,3547529
1983-01-18,6.1703,6.2732,6.0667,6.2732,5806237
1983-01-19,6.1938,6.3208,6.0591,6.1226,4665627
1983-01-20,6.0826,6.1461,6.0191,6.0826,1855587
1983-01-21,6.0350,6.0750,5.9873,6.0667,3561208
1983-01-24,5.9162,5.9556,5.8685,5.9397,3871338
1983-01-25,6.0432,6.1461,5.9397,6.1226,2813504
1983-01-26,6.1068,6.1779,6.0350,6.0909,3578529
1983-01-27,6.1862,6.2732,6.0909,6.2255,3027188
1983-01-28,6.3050,6.3767,6.2255,6.2573,5642600
1983-01-31,6.2179,6.2891,6.1461,6.2891,2170909
1983-02-01,6.2014,6.3450,6.0509,6.0509,3278792
1983-02-02,6.1068,6.1779,6.0350,6.1461,2100263
1983-02-03,6.3450,6.5432,6.1461,6.5273,5668399
1983-02-04,6.9243,7.2420,6.6067,7.1626,8904240
1983-02-07,7.0673,7.1549,6.9720,7.0673,5112036
1983-02-08,6.9008,7.0755,6.7179,6.8132,4500263
1983-02-09,6.7261,6.8290,6.6226,6.7973,3123633
1983-02-10,6.8767,7.0196,6.7338,6.9879,5342854
1983-02-11,6.9961,7.0755,6.9085,7.0037,3581993
1983-02-14,7.1149,7.2737,6.9561,7.2502,4078094
1983-02-15,7.1708,7.3055,7.0355,7.1149,2758272
1983-02-16,7.0914,7.1626,7.0196,7.0990,3926578
1983-02-17,7.0596,7.1467,6.9720,6.9879,2575757
1983-02-18,7.0279,7.0914,6.9561,7.0355,3161561
1983-02-22,7.0438,7.0914,6.9879,7.0037,2896279
1983-02-23,7.0673,7.0832,7.0514,7.0832,2494718
1983-02-24,7.1549,7.2420,7.0673,7.2102,5351519
1983-02-25,7.1308,7.2578,7.0037,7.0196,2439656
1983-02-28,7.0596,7.1784,6.9402,7.0832,3116714
1983-03-01,7.1708,7.2420,7.0990,7.2026,4813857
1983-03-02,7.2578,7.3849,7.1308,7.3849,4677747
1983-03-03,7.3531,7.4167,7.2896,7.2896,3514802
1983-03-04,7.2820,7.3214,7.2420,7.2979,2058871
1983-03-07,7.2102,7.2820,7.1391,7.1943,2132990
1983-03-08,7.0355,7.1626,6.9085,6.9243,3120169
1983-03-09,6.7973,6.8532,6.7338,6.8214,3936793
1983-03-10,6.7655,6.9243,6.6067,6.6226,2958269
1983-03-11,6.5114,6.6702,6.3526,6.4002,6043984
1983-03-14,6.4403,6.5749,6.3050,6.5749,4162597
1983-03-15,6.6544,6.6944,6.6150,6.6785,3492298
1983-03-16,6.7814,6.8608,6.7020,6.7496,5156714
1983-03-17,6.7973,6.8367,6.7496,6.8214,2153597
1983-03-18,6.8767,6.9085,6.8449,6.8849,1654023
1983-03-21,6.9485,7.0514,6.8449,7.0355,1778013
1983-03-22,6.9802,7.0990,6.8608,6.8849,2639483
1983-03-23,6.9243,6.9561,6.8849,6.9243,2212123
1983-03-24,6.8608,6.9326,6.7814,6.9167,3149441
1983-03-25,6.9720,7.0438,6.8926,6.9879,2753250
1983-03-28,6.9326,7.0279,6.8290,6.8449,1064763
1983-03-29,6.8849,6.9167,6.8449,6.8608,2120870
1983-03-30,6.9243,6.9879,6.8608,6.9402,3034117
1983-03-31,6.8367,6.9561,6.7179,6.7496,2127789
1983-04-04,6.6150,6.6467,6.5749,6.6467,2077750
1983-04-05,6.6308,6.7261,6.5273,6.5273,2367273
1983-04-06,6.4879,6.5432,6.4244,6.4955,2942685
1983-04-07,6.4797,6.5349,6.4244,6.5197,2444847
1983-04-08,6.4955,6.5514,6.4320,6.5114,2060607
1983-04-11,6.6226,6.6861,6.5591,6.6861,1307702
1983-04-12,6.7261,6.7973,6.6544,6.7655,3718094
1983-04-13,6.8608,6.9085,6.8132,6.8926,1900257
1983-04-14,6.9644,7.0673,6.8608,7.0596,3859396
1983-04-15,7.1073,7.1626,7.0514,7.0832,3552730
1983-04-18,7.1467,7.2102,7.0832,7.1232,2842767
1983-04-19,7.0279,7.1149,6.9402,6.9644,2975412
1983-04-20,7.0037,7.0514,6.9561,7.0438,2965198
1983-04-21,7.0438,7.0990,6.9879,6.9961,2777312
1983-04-22,6.7020,6.7814,6.6150,6.7020,4998269
1983-04-25,6.6861,6.7338,6.6308,6.6385,2567101
1983-04-26,6.7420,6.8608,6.6150,6.8608,2541302
1983-04-27,6.9008,6.9561,6.8449,6.8849,3690559
1983-04-28,6.9720,7.0355,6.9008,6.9561,1648831
1983-04-29,6.9008,6.9802,6.8132,6.8608,1130217
1983-05-02,6.8214,6.8767,6.7655,6.7655,2045023
1983-05-03,6.6702,6.7655,6.5749,6.7179,3246065
1983-05-04,6.8532,6.9879,6.7179,6.8608,8111688
1983-05-05,7.1308,7.2896,6.9720,7.2261,4713938
1983-05-06,7.4249,7.5755,7.2737,7.5120,4210909
1983-05-09,7.5437,7.5914,7.4884,7.5043,3709438
1983-05-10,7.5755,7.6549,7.4961,7.5596,2356880
1983-05-11,7.4567,7.5202,7.3849,7.4090,2963461
1983-05-12,7.3373,7.4325,7.2420,7.3849,3261471
1983-05-13,7.4961,7.5914,7.4008,7.5837,1807276
1983-05-16,7.4408,7.4726,7.4008,7.4484,1886578
1983-05-17,7.3849,7.4325,7.3373,7.4167,1833075
1983-05-18,7.4802,7.4961,7.3849,7.4008,995844
1983-05-19,7.4008,7.4484,7.3214,7.3531,2213851
1983-05-20,7.3849,7.5679,7.3773,7.5596,2820432
1983-05-23,7.4643,7.6866,7.4325,7.6549,3595672
1983-05-24,7.6390,7.6708,7.5437,7.6231,2310305
1983-05-25,7.6390,7.7184,7.4726,7.5596,3972984
1983-05-26,7.5596,7.5914,7.4643,7.4802,2270819
1983-05-27,7.4961,7.5437,7.4325,7.4325,501302
1983-05-31,7.3373,7.3932,7.2420,7.2420,1991688
1983-06-01,7.2420,7.4008,7.2420,7.4008,2084678
1983-06-02,7.4643,7.8137,7.4484,7.8137,4634636
1983-06-03,7.8772,8.2107,7.8772,8.1790,8266669
1983-06-06,8.2266,8.3619,8.1872,8.2825,4296971
1983-06-07,8.2666,8.2984,8.0754,8.0754,2424071
1983-06-08,8.0125,8.2349,8.0043,8.0678,7455237
1983-06-09,8.1154,8.1949,8.0360,8.1631,4458871
1983-06-10,8.1949,8.3143,8.1872,8.2901,5008484
1983-06-13,8.3060,8.3302,8.1154,8.2743,3611256
1983-06-14,8.2901,8.4413,8.2901,8.4172,2613676
1983-06-15,8.4172,8.5207,8.3537,8.4731,3120169
1983-06-16,8.4490,8.5049,8.4096,8.4490,2689354
1983-06-17,8.4331,8.4966,8.4013,8.4490,1705630
1983-06-20,8.4331,8.5049,8.3696,8.3854,1123289
1983-06-21,8.3772,8.4490,8.2901,8.4490,2923806
1983-06-22,8.4648,8.5760,8.3537,8.5284,3986841
1983-06-23,8.5760,8.8301,8.5601,8.7507,5372117
1983-06-24,8.7666,8.8778,8.7272,8.7666,1562600
1983-06-27,8.7825,8.7984,8.7189,8.7189,1740085
1983-06-28,8.7189,8.7984,8.4255,8.4255,1578185
1983-06-29,8.4255,8.5919,8.4172,8.5442,1803812
1983-06-30,8.5601,8.6319,8.5284,8.6078,2808312
1983-07-01,8.5919,8.5919,8.5442,8.5760,745977
1983-07-05,8.4172,8.4255,8.2266,8.3302,2184588
1983-07-06,8.3302,8.5125,8.2984,8.5125,1454026
1983-07-07,8.4966,8.5760,8.4331,8.4331,1431691
1983-07-08,8.4807,8.4966,8.3854,8.4013,2069263
1983-07-11,8.4490,8.5284,8.4490,8.5284,1300782
1983-07-12,8.5601,8.6713,8.5284,8.5442,3859396
1983-07-13,8.5442,8.6002,8.5442,8.5442,2260435
1983-07-14,8.5207,8.6478,8.3937,8.3937,2472383
1983-07-15,8.3937,8.3937,8.2190,8.2743,3394117
1983-07-18,8.2349,8.2425,8.1154,8.1472,5568481
1983-07-19,8.2425,8.3696,8.2266,8.3302,2947877
1983-07-20,8.5125,8.9254,8.5125,8.9254,5904419
1983-07-21,8.9254,9.4019,8.8936,9.4019,6781474
1983-07-22,9.3066,9.4019,9.2113,9.2672,4047104
1983-07-25,9.1795,9.2748,9.1001,9.1719,1486753
1983-07-26,9.1878,9.3224,9.1795,9.2272,1614376
1983-07-27,9.1477,9.4177,8.9572,9.0207,10120689
1983-07-28,9.0131,9.0207,8.4966,8.5125,4620948
1983-07-29,8.5125,8.5442,8.2743,8.4966,3728309
1983-08-01,8.4731,8.7825,8.4648,8.6872,2699737
1983-08-02,8.6713,8.7031,8.5760,8.5919,1526409
1983-08-03,8.5760,8.7666,8.5442,8.7031,2499909
1983-08-04,8.6872,8.6872,8.5601,8.6478,3444156
1983-08-05,8.6319,8.6395,8.5366,8.5525,2293162
1983-08-08,8.5049,8.5049,8.3537,8.3696,3004675
1983-08-09,8.3696,8.4807,8.3696,8.4490,4083286
1983-08-10,8.4490,8.4490,8.3696,8.3854,1822860
1983-08-11,8.4490,8.6237,8.4331,8.4807,2580948
1983-08-12,8.4731,8.5284,8.3854,8.4413,3075322
1983-08-15,8.5442,8.7348,8.5442,8.6713,2982341
1983-08-16,8.6554,8.6554,8.4807,8.5207,2246578
1983-08-17,8.5366,8.5919,8.4648,8.5601,2001903
1983-08-18,8.5919,8.5919,8.4648,8.4648,2038094
1983-08-19,8.4731,8.4731,8.2584,8.2743,6681555
1983-08-22,8.3219,8.3378,8.0443,8.0678,7239825
1983-08-23,8.0919,8.1313,8.0284,8.0919,4581302
1983-08-24,8.0996,8.1631,8.0043,8.0043,3502682
1983-08-25,8.0043,8.0202,7.9725,7.9884,8531951
1983-08-26,7.9331,8.0919,7.9331,8.0443,3549266
1983-08-29,7.9967,8.1631,7.9967,8.1472,2219052
1983-08-30,8.1555,8.2584,8.1313,8.2031,2584413
1983-08-31,8.1872,8.3143,8.1790,8.2743,3909266
1983-09-01,8.3219,8.3854,8.2743,8.3854,3593935
1983-09-02,8.3854,8.4648,8.3854,8.4255,1440347
1983-09-06,8.5760,8.6872,8.5207,8.6872,1685023
1983-09-07,8.6713,8.6713,8.5525,8.5601,2175932
1983-09-08,8.5601,8.7984,8.5284,8.7907,3712902
1983-09-09,8.7984,8.8619,8.7031,8.7189,2816968
1983-09-12,8.8936,8.9095,8.5125,8.5125,6094023
1983-09-13,8.4807,8.5049,8.3772,8.4966,2689354
1983-09-14,8.4966,8.6554,8.4966,8.5919,4112558
1983-09-15,8.6078,8.6237,8.4648,8.4731,2565364
1983-09-16,8.5049,8.6078,8.4172,8.5442,2270819
1983-09-19,8.5207,8.6713,8.5207,8.6160,2222507
1983-09-20,8.7189,8.7984,8.7189,8.7984,5921731
1983-09-21,8.7825,8.8936,8.7507,8.7984,3917922
1983-09-22,8.7825,9.1242,8.7748,9.0842,4055760
1983-09-23,9.1084,9.1560,8.9889,9.1560,5651256
1983-09-26,9.3066,9.4260,9.1795,9.3224,8108224
1983-09-27,9.3224,9.5289,9.1160,9.1795,6199133
1983-09-28,9.2272,9.2748,9.1477,9.2748,2989260
1983-09-29,9.2430,9.2907,9.0131,9.0131,2486062
1983-09-30,8.8619,8.8936,8.7666,8.8936,2636019
1983-10-03,8.8301,8.9731,8.7825,8.8936,2153597
1983-10-04,8.9413,8.9731,8.8778,8.9413,3845539
1983-10-05,8.9572,9.1954,8.9572,9.1795,4157406
1983-10-06,9.1477,9.1795,9.0842,9.1636,1379915
1983-10-07,9.1719,9.1719,9.0207,9.0366,2367273
1983-10-10,9.0207,9.2113,9.0131,9.2113,2703201
1983-10-11,9.2036,9.2113,9.0366,9.0366,2060607
1983-10-12,9.0448,9.1001,8.9572,8.9813,2713594
1983-10-13,9.0207,9.0525,8.9254,8.9731,3635328
1983-10-14,8.9731,8.9889,8.9019,8.9813,2227708
1983-10-17,8.9813,9.2589,8.9813,9.2113,3232208
1983-10-18,9.2272,9.4736,9.0207,9.0607,7942860
1983-10-19,8.8301,9.1001,8.8066,9.0925,10198094
1983-10-20,9.0683,9.0842,8.9254,8.9572,3175240
1983-10-21,9.0207,9.0207,8.7825,8.8778,2791169
1983-10-24,8.8460,9.0607,8.7984,9.0607,4541646
1983-10-25,9.1084,9.2589,9.0842,9.1477,2574029
1983-10-26,9.1401,9.1954,9.0525,9.0842,2768656
1983-10-27,9.0683,9.1001,8.9254,8.9572,2069263
1983-10-28,8.9178,8.9654,8.5760,8.6395,5118786
1983-10-31,8.6872,8.6872,8.2107,8.3219,5673591
1983-11-01,8.3378,8.5366,8.3060,8.5366,4345282
1983-11-02,8.5760,8.5760,8.4331,8.4331,2503374
1983-11-03,8.4807,8.4807,8.2425,8.2425,4555325
1983-11-04,8.1949,8.2266,8.1154,8.2266,2449870
1983-11-07,8.2266,8.4013,8.2266,8.3378,1981296
1983-11-08,8.2901,8.3696,8.2901,8.3460,2810039
1983-11-09,8.2984,8.5760,8.2984,8.5684,3557753
1983-11-10,8.6554,8.7666,8.6554,8.7189,2949613
1983-11-11,8.7189,9.0048,8.6796,8.9572,2539565
1983-11-14,8.9654,9.0842,8.9254,8.9654,2263899
1983-11-15,8.9813,9.1001,8.8701,8.9178,3314805
1983-11-16,8.9495,9.0525,8.8778,8.9495,3108227
1983-11-17,8.9572,9.0048,8.8384,8.9095,2236364
1983-11-18,8.9254,8.9254,8.7748,8.8384,1698701
1983-11-21,8.8460,9.0207,8.8460,8.9731,2875494
1983-11-22,9.0366,9.0366,8.8778,8.8778,4402081
1983-11-23,8.8936,8.8936,8.7031,8.7666,5570217
1983-11-25,8.7907,8.8460,8.7272,8.8460,995844
1983-11-28,8.8301,8.9095,8.8066,8.8301,2036536
1983-11-29,8.8384,9.0448,8.8066,9.0448,2882422
1983-11-30,9.0842,9.1795,8.9337,8.9572,3216623
1983-12-01,8.9572,9.0525,8.9572,9.0207,2586149
1983-12-02,9.0048,9.1477,8.9889,9.0290,2909958
1983-12-05,9.0366,9.1160,8.9731,9.0683,2475847
1983-12-06,9.0525,9.0525,8.8460,8.8701,1572984
1983-12-07,8.7984,8.9413,8.7984,8.8860,3895587
1983-12-08,8.8619,8.8936,8.8301,8.8701,2458526
1983-12-09,8.8460,8.8619,8.7590,8.7666,2835847
1983-12-12,8.7825,8.8778,8.7825,8.8460,1311166
1983-12-13,8.7666,8.8460,8.6954,8.6954,2789441
1983-12-14,8.7031,8.7666,8.5207,8.5207,3814548
1983-12-15,8.5207,8.5207,8.2901,8.2901,5458179
1983-12-16,8.2901,8.4172,8.2901,8.3937,3068402
1983-12-19,8.4013,8.5284,8.4013,8.4966,1809003
1983-12-20,8.5207,8.5601,8.3537,8.3772,2256971
1983-12-21,8.4172,8.4966,8.4096,8.4172,3728309
1983-12-22,8.4172,8.4966,8.3854,8.4255,2325889
1983-12-23,8.4413,8.5049,8.4413,8.4807,961389
1983-12-27,8.4890,8.6319,8.4807,8.6319,2680867
1983-12-28,8.6160,8.7272,8.5919,8.7272,2344938
1983-12-29,8.7431,8.7984,8.7031,8.7031,4684675
1983-12-30,8.6796,8.6796,8.6237,8.6554,1374893
1984-01-03,8.6078,8.6478,8.5843,8.6078,1988224
1984-01-04,8.5919,8.6554,8.5601,8.6160,5032724
1984-01-05,8.7031,8.7825,8.6872,8.7507,4147013
1984-01-06,8.7666,8.8301,8.7189,8.8142,5087795
1984-01-09,8.7666,8.9019,8.7666,8.8778,2629091
1984-01-10,8.8936,8.9413,8.6395,8.6395,4543374
1984-01-11,8.6395,8.6554,8.5601,8.6002,3333854
1984-01-12,8.6160,8.7113,8.6160,8.6554,2103549
1984-01-13,8.7031,8.7507,8.4966,8.5207,5528834
1984-01-16,8.5207,8.5207,8.3937,8.4966,1970912
1984-01-17,8.5049,8.6078,8.5049,8.6002,1993416
1984-01-18,8.6160,8.6237,8.4648,8.4648,3106321
1984-01-19,8.4490,8.4490,8.2901,8.2901,3433763
1984-01-20,8.2743,8.2901,8.1949,8.2508,3871338
1984-01-23,8.2107,8.2825,8.0996,8.2743,6824585
1984-01-24,8.3854,8.4731,8.3537,8.4172,8831858
1984-01-25,8.4172,8.4731,7.9725,8.0202,4181468
1984-01-26,8.0360,8.0919,7.7661,7.8296,7256968
1984-01-27,7.7502,7.7502,7.5278,7.7108,8840522
1984-01-30,7.7978,7.8137,7.4643,7.6390,7706663
1984-01-31,7.6390,7.7343,7.5278,7.6708,5229088
1984-02-01,7.6708,7.6708,7.4008,7.4643,7177835
1984-02-02,7.4643,7.6231,7.4484,7.5996,7891084
1984-02-03,7.6549,7.6549,7.3531,7.3531,5683984
1984-02-06,7.2578,7.3531,7.2343,7.2420,7339743
1984-02-07,7.3455,7.4643,7.2261,7.4325,6566062
1984-02-08,7.4408,7.4567,7.2026,7.2102,4636364
1984-02-09,7.2026,7.4643,7.1943,7.3055,9589955
1984-02-10,7.3690,7.4643,7.3531,7.3690,5749438
1984-02-13,7.4167,7.4325,7.3214,7.3849,5594289
1984-02-14,7.4325,7.5278,7.3531,7.5120,4870646
1984-02-15,7.5202,7.6231,7.4961,7.5278,8109961
1984-02-16,7.4643,7.5043,7.4008,7.4802,4091951
1984-02-17,7.4802,7.4961,7.3055,7.3214,3047795
1984-02-21,7.2261,7.3055,7.1467,7.1467,4136799
1984-02-22,7.1626,7.3373,7.1549,7.3055,5001734
1984-02-23,7.3055,7.3531,7.2102,7.3214,5530562
1984-02-24,7.3849,7.4567,7.3773,7.4484,5180776
1984-02-27,7.4643,7.5437,7.4090,7.5120,1946841
1984-02-28,7.4008,7.4484,7.2737,7.3055,3096107
1984-02-29,7.3531,7.4961,7.3531,7.4008,5163633
1984-03-01,7.3932,7.6866,7.3932,7.5437,6960695
1984-03-02,7.5437,7.6390,7.4008,7.4884,4098871
1984-03-05,7.3690,7.3690,7.1784,7.1943,5597922
1984-03-06,7.2102,7.2661,6.9243,6.9644,3876539
1984-03-07,6.7496,6.9402,6.7496,6.8290,6057832
1984-03-08,6.8214,6.9085,6.7814,6.8290,5553075
1984-03-09,6.7655,6.8691,6.7338,6.8532,4138526
1984-03-12,6.9085,7.0990,6.8767,7.0990,4822513
1984-03-13,7.2102,7.2896,7.1784,7.1867,4410737
1984-03-14,7.1867,7.2737,7.1467,7.2343,5876883
1984-03-15,7.1943,7.2896,7.1943,7.2343,3838611
1984-03-16,7.5120,7.5120,7.3849,7.4008,8752555
1984-03-19,7.3849,7.3849,7.2420,7.3055,3483633
1984-03-20,7.3055,7.3849,7.2343,7.3373,3366581
1984-03-21,7.3373,7.3455,7.2737,7.2979,1941649
1984-03-22,7.2661,7.2661,7.1626,7.1867,2455062
1984-03-23,7.1867,7.1943,7.0596,7.1467,2360344
1984-03-26,7.1467,7.2185,7.1073,7.1708,4415929
1984-03-27,7.2026,7.2737,7.1784,7.2737,1896971
1984-03-28,7.3055,7.4643,7.3055,7.4643,3847276
1984-03-29,7.4643,7.5437,7.4484,7.4726,4598445
1984-03-30,7.4802,7.5202,7.4643,7.4961,2308747
1984-04-02,7.5120,7.5278,7.3138,7.3138,5008484
1984-04-03,7.3055,7.3531,7.2661,7.3373,4164325
1984-04-04,7.3531,7.3773,7.1943,7.2185,5382510
1984-04-05,7.2185,7.2343,6.9243,6.9561,6703899
1984-04-06,7.0196,7.0355,6.8608,6.9720,4233244
1984-04-09,7.0279,7.0355,6.9720,7.0279,2163981
1984-04-10,7.0514,7.1149,7.0355,7.0673,3035675
1984-04-11,7.0673,7.0832,7.0196,7.0279,3476883
1984-04-12,7.0355,7.2261,6.9008,7.2261,4955150
1984-04-13,7.2420,7.3296,7.1784,7.2261,3941993
1984-04-16,7.2102,7.4008,7.1943,7.3690,6929695
1984-04-17,7.4008,7.4643,7.3690,7.3690,4779393
1984-04-18,7.3614,7.4643,7.3138,7.3531,3568137
1984-04-19,7.3055,7.4008,7.2737,7.3849,3319997
1984-04-23,7.4008,7.4643,7.3932,7.4008,2567101
1984-04-24,7.4090,7.4167,7.2896,7.3138,5175754
1984-04-25,7.3296,7.3932,7.3214,7.3773,1895065
1984-04-26,7.3849,7.4484,7.3531,7.4008,3192552
1984-04-27,7.3849,7.5996,7.3849,7.5120,4209003
1984-04-30,7.5120,7.7025,7.5120,7.6949,3499218
1984-05-01,7.7661,7.8378,7.7502,7.8296,3550994
1984-05-02,7.8296,7.9649,7.8220,7.8455,5806237
1984-05-03,7.8061,7.8537,7.7584,7.7737,5294542
1984-05-04,7.7184,7.7584,7.5837,7.5837,2748049
1984-05-07,7.5437,7.5837,7.5120,7.5278,3647448
1984-05-08,7.5120,7.6155,7.4643,7.6072,2929006
1984-05-09,7.6390,7.6790,7.5679,7.6072,4941302
1984-05-10,7.6155,7.6390,7.5437,7.5679,3978185
1984-05-11,7.5520,7.5520,7.3773,7.4802,3254542
1984-05-14,7.4249,7.4484,7.4008,7.4249,1629783
1984-05-15,7.4325,7.4961,7.4167,7.4802,2692987
1984-05-16,7.4802,7.4884,7.4408,7.4643,1714286
1984-05-17,7.4008,7.4090,7.1549,7.2026,8068568
1984-05-18,7.2026,7.2343,6.8767,6.9879,6590302
1984-05-21,6.9879,7.0196,6.9008,6.9402,3094370
1984-05-22,6.8849,6.9243,6.7973,6.8608,3344246
1984-05-23,6.8608,6.8926,6.7738,6.7738,6567789
1984-05-24,6.7814,6.7973,6.6067,6.7103,2906494
1984-05-25,6.7020,6.7496,6.6467,6.6944,2897837
1984-05-29,6.6702,6.6702,6.5832,6.6467,2804847
1984-05-30,6.6150,6.8926,6.5514,6.7814,4111000
1984-05-31,6.7973,6.7973,6.6944,6.7020,3805883
1984-06-01,6.7179,6.7496,6.6067,6.7020,3483633
1984-06-04,6.7427,6.8608,6.7179,6.7655,1038729
1984-06-05,6.7427,6.7427,6.4568,6.5521,2966753
1984-06-06,6.5521,6.6226,6.4797,6.5521,2113938
1984-06-07,6.5273,6.5273,6.4091,6.4568,2845023
1984-06-08,6.4320,6.4568,6.3139,6.3844,1847445
1984-06-11,6.3615,6.7427,6.0032,6.0756,1524675
1984-06-12,6.0985,6.1709,6.0032,6.1233,2703204
1984-06-13,6.1233,6.1938,6.0280,6.0756,3142510
1984-06-14,6.0509,6.0509,5.5992,5.5992,6914805
1984-06-15,5.6468,5.7173,5.5744,5.6468,5215237
1984-06-18,5.6221,5.9556,5.6221,5.9079,4473247
1984-06-19,6.0032,6.1461,5.9556,6.0509,3290737
1984-06-20,5.9079,6.2891,5.9079,6.2891,6541471
1984-06-21,6.2891,6.5273,6.2186,6.3615,6799828
1984-06-22,6.4091,6.5749,6.3367,6.5044,2714633
1984-06-25,6.5521,6.5521,6.3367,6.3367,1801558
1984-06-26,6.3139,6.3139,6.0280,6.0985,2300607
1984-06-27,6.0985,6.1461,5.9803,6.0280,2065627
1984-06-28,6.0280,6.1709,6.0032,6.1233,2092815
1984-06-29,6.1461,6.4091,6.1461,6.3615,3446925
1984-07-02,6.4797,6.4797,6.2414,6.2891,3468744
1984-07-03,6.3615,6.5273,6.3139,6.5273,2410909
1984-07-05,6.5749,6.6226,6.2662,6.2891,2699740
1984-07-06,6.2414,6.3615,6.1461,6.2891,2072036
1984-07-09,6.3844,6.5273,6.3139,6.4797,2584416
1984-07-10,6.4797,6.5521,6.3844,6.5521,1994458
1984-07-11,6.5521,6.6226,6.3844,6.4568,2281039
1984-07-12,6.4091,6.4320,6.0280,6.0756,4840347
1984-07-13,6.0985,6.1233,5.9803,6.0509,2773854
1984-07-16,6.0756,6.4568,6.0032,6.4320,3185107
1984-07-17,6.4320,6.5749,6.4091,6.5749,3073075
1984-07-18,6.5521,6.5997,6.4091,6.4568,1960000
1984-07-19,6.4568,6.4568,6.2186,6.2186,2264416
1984-07-20,6.1938,6.2186,5.9556,5.9803,2498701
1984-07-23,5.9079,6.0756,5.6221,6.0509,2866841
1984-07-24,6.0280,6.2414,5.9556,6.1461,3707185
1984-07-25,6.1461,6.4320,6.1233,6.3615,3765195
1984-07-26,6.4320,6.5521,6.3844,6.5044,3367792
1984-07-27,6.5044,6.7655,6.4797,6.6702,5812120
1984-07-30,6.7427,6.7427,6.5273,6.5749,1647101
1984-07-31,6.6702,6.8132,6.6702,6.7655,3455065
1984-08-01,6.8132,6.9809,6.8132,6.9332,5195153
1984-08-02,7.0285,7.2191,6.9809,7.0762,5323289
1984-08-03,7.0762,7.6955,7.0762,7.5526,7259393
1984-08-06,7.6708,7.8385,7.2896,7.4802,6438094
1984-08-07,7.4573,7.7432,7.2896,7.6003,4027705
1984-08-08,7.7661,7.7908,7.4802,7.5526,3271169
1984-08-09,7.4802,7.9090,7.4802,7.7908,3334373
1984-08-10,8.0291,8.1720,7.6003,7.6231,1339221
1984-08-13,7.6708,7.8385,7.5755,7.7432,2548224
1984-08-14,7.7908,7.8385,7.5755,7.6231,2494198
1984-08-15,7.5526,7.7661,7.3849,7.4802,2766925
1984-08-16,7.5278,7.8137,7.5278,7.7661,2420607
1984-08-17,7.8385,7.9338,7.8137,7.9090,2402945
1984-08-20,7.9338,8.0291,7.8137,7.9566,1776796
1984-08-21,8.0043,8.2901,8.0043,8.1949,4338354
1984-08-22,8.2901,8.3626,8.0996,8.0996,5325542
1984-08-23,8.0996,8.3854,8.0519,8.2673,3029438
1984-08-24,8.3149,8.3378,8.2196,8.3149,3231516
1984-08-27,8.1472,8.2196,8.0519,8.1472,2018010
1984-08-28,8.0996,8.3626,8.0996,8.3149,2298354
1984-08-29,8.3626,8.4331,8.1472,8.1720,2369003
1984-08-30,8.2196,8.2425,8.1243,8.2196,1917055
1984-08-31,8.2196,8.2901,8.1720,8.2901,983724
1984-09-04,8.1720,8.1949,8.0519,8.0996,873419
1984-09-05,7.9566,8.0519,7.9338,7.9338,1637230
1984-09-06,8.0043,8.0996,7.9814,8.0043,2122597
1984-09-07,8.0996,8.1472,7.7184,7.8613,1904935
1984-09-10,7.7184,8.0519,7.7184,7.9338,2310997
1984-09-11,8.1720,8.2425,7.8861,7.8861,3981646
1984-09-12,7.8385,7.9814,7.5050,7.5755,3287964
1984-09-13,7.7661,8.0519,7.6708,8.0519,4204503
1984-09-14,8.1472,8.2425,8.0291,8.0996,4490562
1984-09-17,7.9566,8.2673,7.9566,8.1243,2433938
1984-09-18,7.7184,7.8861,7.6708,7.7432,6053334
1984-09-19,7.6231,7.7908,7.3144,7.3373,5365195
1984-09-20,7.3373,7.6708,7.3373,7.6003,3338354
1984-09-21,7.6003,7.7432,7.5526,7.5526,3322425
1984-09-24,7.6708,7.6708,7.5526,7.6708,1671688
1984-09-25,7.6708,7.6708,7.4097,7.5278,2494718
1984-09-26,7.5050,7.6003,7.0514,7.0514,7345455
1984-09-27,6.9561,7.0514,6.9085,7.0514,7506321
1984-09-28,7.0285,7.1238,6.7179,7.0285,3072036
1984-10-01,6.8608,6.9085,6.7655,6.8132,2595844
1984-10-02,6.8132,6.9332,6.7655,6.7655,2291948
1984-10-03,6.7903,6.8856,6.6226,6.8379,4472208
1984-10-04,6.9085,7.0037,6.8132,6.9332,1215065
1984-10-05,6.8608,6.8608,6.6702,6.7903,2654373
1984-10-08,6.7179,6.7655,6.6702,6.7655,1937143
1984-10-09,6.8132,6.8379,6.4797,6.4797,3413679
1984-10-10,6.8379,6.8608,6.4320,6.8608,5817835
1984-10-11,6.8379,6.8379,6.4797,6.5273,7230649
1984-10-12,6.5044,6.5749,6.3844,6.5044,5232036
1984-10-15,6.5521,6.7903,6.5521,6.6950,2922597
1984-10-16,6.6950,6.7427,6.5749,6.6474,2833594
1984-10-17,6.6226,6.6474,6.3615,6.5521,5047101
1984-10-18,6.6226,7.0514,6.5997,7.0037,4995325
1984-10-19,7.2420,7.2420,6.8856,6.9085,9129870
1984-10-22,6.9561,7.0285,6.8379,6.8379,2077750
1984-10-23,6.9561,7.0514,6.8856,6.9561,2783029
1984-10-24,6.9332,6.9561,6.8608,6.9332,2570042
1984-10-25,6.8856,6.8856,6.6702,6.7179,3372295
1984-10-26,6.5749,6.5749,6.2891,6.4091,5183724
1984-10-29,6.4320,6.4797,6.3844,6.4091,1671169
1984-10-30,6.4320,6.6474,6.4320,6.6474,2801386
1984-10-31,6.6226,6.6950,6.5749,6.6226,1792899
1984-11-01,6.6702,6.7179,6.5749,6.5749,2694026
1984-11-02,6.4797,6.6950,6.2414,6.3139,8184068
1984-11-05,6.3139,6.4320,6.2891,6.3844,5932640
1984-11-06,6.4568,6.6474,6.4091,6.6474,4117750
1984-11-07,6.5997,6.6226,6.4568,6.5997,3213854
1984-11-08,6.5521,6.6226,6.5273,6.5749,1927964
1984-11-09,6.6474,6.6950,6.5997,6.5997,1694718
1984-11-12,6.6226,6.6474,6.5273,6.6474,1577490
1984-11-13,6.5997,6.6226,6.5044,6.5273,1548224
1984-11-14,6.4797,6.6226,6.4568,6.5997,1768831
1984-11-15,6.5749,6.6702,6.5521,6.5521,1876711
1984-11-16,6.5521,6.6226,6.4797,6.4797,1647101
1984-11-19,6.4797,6.5749,6.4797,6.5044,1268052
1984-11-20,6.5273,6.5997,6.5044,6.5521,1867013
1984-11-21,6.5044,6.5273,6.0985,6.2414,8310302
1984-11-23,6.2891,6.3367,6.1709,6.2414,2630822
1984-11-26,6.3139,6.3615,6.1709,6.2186,4041906
1984-11-27,6.2662,6.2891,6.1461,6.1709,3103029
1984-11-28,6.1938,6.1938,5.9327,6.0756,2494718
1984-11-29,6.0509,6.1461,5.9803,6.0509,2360867
1984-11-30,6.0032,6.1233,5.9803,5.9803,1717055
1984-12-03,6.0032,6.1461,5.9803,6.1461,2632036
1984-12-04,6.1461,6.3139,6.1461,6.2662,3446925
1984-12-05,6.2662,6.3139,6.2186,6.2891,2142685
1984-12-06,6.2414,6.5997,6.2186,6.5273,4363636
1984-12-07,6.5273,6.7427,6.4320,6.4320,2738182
1984-12-10,6.4320,6.4797,6.1938,6.2662,2216796
1984-12-11,6.1233,6.1938,6.0985,6.1709,2304588
1984-12-12,6.0756,6.2662,6.0756,6.2414,1495412
1984-12-13,6.0756,6.1233,5.9803,6.0032,3419912
1984-12-14,5.9079,6.1233,5.9079,6.0509,2861818
1984-12-17,6.0509,6.1233,6.0280,6.1233,1482770
1984-12-18,6.2891,6.5997,6.2662,6.5997,4548571
1984-12-19,6.6950,6.8608,6.6226,6.6226,4881039
1984-12-20,6.6702,6.6702,6.5044,6.5044,2875497
1984-12-21,6.4091,6.5521,6.2662,6.4320,2697490
1984-12-24,6.5273,6.7427,6.5044,6.6950,1664243
1984-12-26,6.7179,6.7179,6.6226,6.6702,1951516
1984-12-27,6.6950,6.7903,6.5749,6.5997,1533334
1984-12-28,6.5521,6.7179,6.5521,6.6702,971081
1984-12-31,6.6702,6.6702,6.4320,6.4320,2047273
1985-01-02,6.4568,6.5044,6.3844,6.4568,1308224
1985-01-03,6.4797,6.6702,6.4568,6.5273,1713075
1985-01-04,6.4797,6.5749,6.3844,6.4568,1424763
1985-01-07,6.5997,6.5997,6.4797,6.4797,1860088
1985-01-08,6.5273,6.5273,6.2186,6.3367,2970217
1985-01-09,6.3615,6.5273,6.3615,6.4320,3553766
1985-01-10,6.3367,6.6950,6.3367,6.6950,5771776
1985-01-11,6.6702,6.6950,6.5273,6.6226,2637230
1985-01-14,6.6474,6.9085,6.6474,6.8608,4976971
1985-01-15,6.9332,6.9332,6.7427,6.7655,4885714
1985-01-16,6.7655,6.8608,6.6226,6.7179,3422857
1985-01-17,6.7655,6.7903,6.6702,6.7427,1859049
1985-01-18,6.7655,6.8132,6.7427,6.7427,1671688
1985-01-21,6.8379,7.1943,6.8132,7.1238,4055237
1985-01-22,7.2420,7.2420,7.0990,7.1943,4948224
1985-01-23,7.2191,7.2191,6.9332,7.0762,3105802
1985-01-24,7.1715,7.2667,7.0514,7.0514,4997055
1985-01-25,7.0514,7.2896,7.0037,7.2191,3081039
1985-01-28,7.2667,7.3144,7.1467,7.2420,2652640
1985-01-29,7.2420,7.4573,7.1467,7.4325,2189263
1985-01-30,7.5050,7.5050,7.2420,7.2420,5243984
1985-01-31,7.2667,7.2667,7.0285,7.1467,2161039
1985-02-01,6.9332,7.0762,6.9332,6.9561,2772120
1985-02-04,6.9561,7.1715,6.9561,7.1467,2873247
1985-02-05,7.1715,7.3144,7.1467,7.1715,4210217
1985-02-06,7.2191,7.2420,7.0037,7.0762,1894545
1985-02-07,7.0514,7.1238,6.9561,7.0037,3118961
1985-02-08,6.9809,7.0285,6.8608,6.9809,2547532
1985-02-11,7.0037,7.0990,6.8856,7.0762,2509091
1985-02-12,7.0762,7.1715,7.0285,7.1467,3942685
1985-02-13,7.1715,7.2420,7.0762,7.1715,3774373
1985-02-14,7.1467,7.1467,6.8608,6.9561,4102338
1985-02-15,6.9561,6.9809,6.8132,6.9332,2169178
1985-02-19,6.8608,6.9085,6.7179,6.7655,2431516
1985-02-20,6.7655,6.8379,6.5273,6.7427,3712899
1985-02-21,6.5749,6.6950,6.5749,6.6702,2723289
1985-02-22,6.7427,6.7427,6.5749,6.6474,1776796
1985-02-25,6.5273,6.5273,6.3844,6.3844,4279133
1985-02-26,6.4091,6.5273,6.4091,6.4797,4573159
1985-02-27,6.4797,6.5997,6.4320,6.4568,2672208
1985-02-28,6.3844,6.5997,6.3844,6.5997,2057662
1985-03-01,6.5997,6.7179,6.5997,6.6226,3558961
1985-03-04,6.6702,6.6702,6.3844,6.4797,2441386
1985-03-05,6.4091,6.4797,6.2891,6.4091,5036191
1985-03-06,6.3844,6.4320,6.1709,6.2186,5326234
1985-03-07,6.1938,6.2414,6.0280,6.0509,7201906
1985-03-08,6.1461,6.2891,6.1233,6.2891,3220088
1985-03-11,6.2662,6.3844,6.1938,6.2186,2198961
1985-03-12,6.2414,6.3367,6.0985,6.2414,2471860
1985-03-13,6.2186,6.2186,6.0280,6.0985,4326234
1985-03-14,6.0509,6.1461,5.9556,6.0032,4783377
1985-03-15,6.0032,6.1233,5.9079,6.0032,2795672
1985-03-18,6.1233,6.1461,6.0756,6.0756,2698010
1985-03-19,6.0985,6.3367,6.0509,6.2891,3852468
1985-03-20,6.2891,6.3367,6.2414,6.2891,4174718
1985-03-21,6.2662,6.6226,6.2662,6.4320,2338529
1985-03-22,6.5044,6.5044,6.3367,6.3615,1485023
1985-03-25,6.3844,6.3844,6.2414,6.2662,793075
1985-03-26,6.2891,6.2891,6.2186,6.2414,1919828
1985-03-27,6.2414,6.4568,6.2414,6.3844,4416451
1985-03-28,6.4091,6.5273,6.3139,6.3844,3579049
1985-03-29,6.3844,6.3844,6.3367,6.3367,1377143
1985-04-01,6.3844,6.4797,6.3844,6.4320,1462685
1985-04-02,6.5044,6.5273,6.4320,6.4797,2432208
1985-04-03,6.4797,6.4797,6.2662,6.3367,1611948
1985-04-04,6.3139,6.3139,6.0985,6.1709,1640172
1985-04-08,6.1938,6.2891,6.0985,6.1938,1822165
1985-04-09,6.0985,6.1461,6.0032,6.0756,2122078
1985-04-10,6.0985,6.2414,6.0985,6.1938,2099568
1985-04-11,6.2414,6.3615,6.2414,6.2891,2632555
1985-04-12,6.3367,6.3844,6.2414,6.3367,1531081
1985-04-15,6.3615,6.4320,6.2891,6.3367,1571776
1985-04-16,6.4320,6.5044,6.3367,6.4797,1627013
1985-04-17,6.4797,6.6474,6.4568,6.6226,3315497
1985-04-18,6.6702,6.7179,6.4320,6.4797,4449698
1985-04-19,6.2891,6.2891,6.1461,6.2186,3829438
1985-04-22,6.1709,6.1709,6.0756,6.0985,1161211
1985-04-23,6.0509,6.1461,5.9556,6.0985,3441211
1985-04-24,6.1461,6.1709,6.0032,6.0509,2956016
1985-04-25,6.0032,6.3367,5.8374,5.9327,6070477
1985-04-26,5.9556,6.0756,5.9079,6.0756,3547532
1985-04-29,6.0280,6.0509,5.9079,5.9079,1295584
1985-04-30,5.9327,5.9327,5.7421,5.8126,3384935
1985-05-01,5.8603,5.9079,5.3133,5.6945,3754286
1985-05-02,5.7173,5.7650,5.6221,5.6945,2681906
1985-05-03,5.7173,5.8603,5.7173,5.7898,2838789
1985-05-06,5.7421,5.8851,5.7421,5.8126,1837750
1985-05-07,5.8603,6.0032,5.8374,5.9556,2322425
1985-05-08,5.9327,6.1461,5.9079,6.0509,1683289
1985-05-09,6.1461,6.1709,6.0280,6.0756,3380432
1985-05-10,6.2186,6.4568,6.1938,6.4091,6834286
1985-05-13,6.4091,6.4320,6.2662,6.2662,2007792
1985-05-14,6.2186,6.2414,6.0756,6.1461,1917575
1985-05-15,6.1233,6.2414,6.0756,6.1709,1600519
1985-05-16,6.1938,6.2662,6.1709,6.1938,1642945
1985-05-17,6.1938,6.4320,6.1938,6.4091,1225455
1985-05-20,6.4797,6.5997,6.4568,6.5521,2686581
1985-05-21,6.5273,6.5521,6.4091,6.4568,3378010
1985-05-22,6.4320,6.4320,6.3139,6.3844,1983549
1985-05-23,6.4091,6.4091,6.2414,6.2891,2631516
1985-05-24,6.3367,6.4091,6.2891,6.4091,1432208
1985-05-28,6.4320,6.4568,6.3139,6.3367,1623549
1985-05-29,6.3139,6.3615,6.2186,6.2662,1350649
1985-05-30,6.2186,6.2414,6.1461,6.1938,3274633
1985-05-31,6.1938,6.2891,6.1709,6.2414,4177490
1985-06-03,6.2891,6.3367,5.9803,6.0985,3247620
1985-06-04,6.0985,6.1233,6.0032,6.0756,3183377
1985-06-05,6.0985,6.1938,5.8126,5.8603,4549091
1985-06-06,5.8374,6.0509,5.7421,6.0509,3831169
1985-06-07,6.0509,6.0756,5.9079,6.0509,3452120
1985-06-10,6.0509,6.3844,6.0032,6.3139,2965714
1985-06-11,6.3139,6.3367,6.2186,6.2414,1473075
1985-06-12,6.0985,6.1461,5.9556,6.0032,2511341
1985-06-13,5.9556,6.0509,5.9556,5.9803,1357055
1985-06-14,6.0509,6.0509,5.9556,6.0509,2035844
1985-06-17,6.0509,6.0509,5.8603,5.8851,2795153
1985-06-18,5.8851,6.0032,5.8126,5.8603,2218529
1985-06-19,5.8374,6.0509,5.8126,5.8851,3772640
1985-06-20,5.8851,5.9556,5.7898,5.8603,1950302
1985-06-21,5.8374,6.0280,5.8374,6.0280,2553938
1985-06-24,6.0032,6.2891,5.9327,6.2662,5330737
1985-06-25,6.3615,6.4797,6.2891,6.3844,4639308
1985-06-26,6.4091,6.5044,6.3844,6.4320,2704416
1985-06-27,6.4797,6.5749,6.4320,6.5521,3856971
1985-06-28,6.5521,6.5521,6.4797,6.5044,2587185
1985-07-01,6.5521,6.5997,6.4320,6.5749,2266666
1985-07-02,6.5749,6.6474,6.5521,6.6226,2940951
1985-07-03,6.6226,6.6226,6.5273,6.5521,889003
1985-07-05,6.5749,6.6226,6.5521,6.5997,1245542
1985-07-08,6.5997,6.5997,6.5273,6.5521,1344935
1985-07-09,6.4797,6.4797,6.2414,6.2662,3352727
1985-07-10,6.2662,6.4797,6.2186,6.4797,1390302
1985-07-11,6.4797,6.5273,6.4091,6.4320,2318961
1985-07-12,6.4091,6.4568,6.2186,6.3139,1981818
1985-07-15,6.2891,6.4320,6.2414,6.3139,3358442
1985-07-16,6.3615,6.6702,6.3139,6.6702,4816796
1985-07-17,6.7427,6.8379,6.6950,6.7903,7000867
1985-07-18,6.7427,6.8856,6.7179,6.8132,5609351
1985-07-19,6.7903,6.9332,6.7655,6.8608,3708919
1985-07-22,6.8132,6.9332,6.8132,6.9332,2238094
1985-07-23,6.9332,7.0990,6.8379,6.8379,5944068
1985-07-24,6.8608,6.8856,6.7179,6.8608,2833075
1985-07-25,6.8608,7.0037,6.7655,7.0037,3588919
1985-07-26,6.9332,7.0037,6.9332,6.9561,1619568
1985-07-29,6.9561,7.0037,6.7903,6.7903,1721731
1985-07-30,6.7179,6.7655,6.6474,6.6950,4621990
1985-07-31,6.6702,6.9561,6.6702,6.9085,4085714
1985-08-01,7.0285,7.0762,6.9809,7.0762,3849523
1985-08-02,7.1238,7.1238,6.9809,7.0990,2649178
1985-08-05,7.0762,7.0762,6.9809,7.0514,2038789
1985-08-06,6.9809,7.0285,6.7655,6.7903,2531429
1985-08-07,6.7655,6.9085,6.7655,6.8608,2244328
1985-08-08,6.8379,6.9332,6.8132,6.9332,1937662
1985-08-09,6.9332,6.9332,6.8608,6.8856,993419
1985-08-12,6.8379,6.8608,6.7179,6.7903,1010217
1985-08-13,6.7427,6.7655,6.6226,6.7179,1720000
1985-08-14,6.6950,6.8379,6.6950,6.7427,2468919
1985-08-15,6.7903,6.7903,6.6474,6.6474,1340432
1985-08-16,6.5749,6.6702,6.5749,6.6226,907360
1985-08-19,6.5997,6.6702,6.5044,6.6226,1738354
1985-08-20,6.7179,6.8608,6.7179,6.8379,2619912
1985-08-21,6.7903,6.9561,6.7427,6.9332,2348919
1985-08-22,6.9085,6.9332,6.8132,6.8379,1565542
1985-08-23,6.8379,6.8856,6.8132,6.8608,1867013
1985-08-26,6.8608,6.9085,6.8132,6.8856,972295
1985-08-27,6.9561,6.9809,6.8608,6.9085,2389091
1985-08-28,6.9332,6.9809,6.9332,6.9809,2788224
1985-08-29,6.9809,6.9809,6.9085,6.9085,1204328
1985-08-30,6.9561,6.9561,6.8856,6.9332,755153
1985-09-03,6.9085,6.9332,6.8379,6.8379,1653334
1985-09-04,6.8608,6.8608,6.6950,6.6950,2181818
1985-09-05,6.6950,6.7427,6.5997,6.6226,2023204
1985-09-06,6.6226,6.7179,6.5997,6.6950,2180607
1985-09-09,6.7179,6.8608,6.6474,6.7427,1649870
1985-09-10,6.7903,6.7903,6.5749,6.5997,1979049
1985-09-11,6.6226,6.6474,6.5749,6.5997,795325
1985-09-12,6.6474,6.6474,6.3844,6.4091,3500951
1985-09-13,6.4091,6.4797,6.2414,6.2891,2386841
1985-09-16,6.3139,6.3367,6.2414,6.3139,833766
1985-09-17,6.3139,6.3844,6.1709,6.1938,1992727
1985-09-18,6.2186,6.4568,6.1938,6.3844,2475153
1985-09-19,6.4320,6.7179,6.4320,6.6702,5490390
1985-09-20,6.6950,6.7179,6.6226,6.6226,2042250
1985-09-23,6.8379,6.8379,6.6474,6.6950,3336796
1985-09-24,6.6702,6.6950,6.4568,6.4797,3494026
1985-09-25,6.4797,6.4797,6.3844,6.4320,652815
1985-09-26,6.4320,6.5997,6.4091,6.5749,1854893
1985-09-30,6.5521,6.5997,6.5273,6.5749,1057835
1985-10-01,6.4797,6.5273,6.3844,6.5273,2708399
1985-10-02,6.6226,6.6226,6.4568,6.4797,2528140
1985-10-03,6.4568,6.5521,6.4091,6.4568,1740088
1985-10-04,6.4797,6.4797,6.2414,6.3615,2082425
1985-10-07,6.2891,6.3367,6.2414,6.2891,1902685
1985-10-08,6.2414,6.2662,6.0985,6.1461,1275497
1985-10-09,6.1461,6.3139,6.0032,6.0032,3493506
1985-10-10,6.0032,6.0756,5.6945,5.7650,6305974
1985-10-11,5.7421,5.9079,5.5515,5.9079,5915497
1985-10-14,5.9079,6.1709,5.9079,6.1709,1292120
1985-10-15,6.1709,6.2891,6.1709,6.1938,3146666
1985-10-16,6.1938,6.2891,6.0985,6.2662,1935932
1985-10-17,6.3139,6.4091,6.2186,6.3139,2382857
1985-10-18,6.3844,6.3844,6.0756,6.0985,1628052
1985-10-21,6.1709,6.2186,5.9556,5.9556,1696971
1985-10-22,6.0280,6.1709,5.9803,6.0509,1505107
1985-10-23,6.1461,6.1938,6.0756,6.0985,826321
1985-10-24,6.2414,6.3139,6.1709,6.2186,3835153
1985-10-25,6.1709,6.1709,6.0032,6.0985,961906
1985-10-28,6.0509,6.0509,5.8126,5.9079,1800867
1985-10-29,5.9079,6.0032,5.9079,6.0032,1815412
1985-10-30,6.0509,6.0509,5.9079,5.9556,1675844
1985-10-31,5.9327,5.9803,5.8851,5.9327,1067013
1985-11-01,5.9079,6.0280,5.9079,5.9803,1266321
1985-11-04,6.0032,6.0032,5.8603,5.9079,1250737
1985-11-05,5.8603,6.0280,5.8374,6.0032,1390302
1985-11-06,5.9803,6.2891,5.9803,6.2891,2807792
1985-11-07,6.2891,6.3615,6.1938,6.2414,1625802
1985-11-08,6.2186,6.3139,6.2186,6.2662,1272036
1985-11-11,6.2891,6.4320,6.2891,6.4320,1868744
1985-11-12,6.4320,6.5273,6.3844,6.4797,5743204
1985-11-13,6.4320,6.5044,6.4091,6.4320,1459221
1985-11-14,6.4568,6.6702,6.4320,6.6474,5592036
1985-11-15,6.6474,6.7179,6.5997,6.6226,4441039
1985-11-18,6.5521,6.6702,6.5521,6.6702,2207620
1985-11-19,6.7655,6.9085,6.6226,6.8132,5800519
1985-11-20,6.8132,6.8379,6.6226,6.6474,3266666
1985-11-21,6.7179,6.8132,6.7179,6.7903,3370042
1985-11-22,6.8132,6.8856,6.7427,6.7903,2976104
1985-11-25,6.7427,6.7903,6.7179,6.7655,1693506
1985-11-26,6.7655,6.8856,6.6474,6.7903,3793247
1985-11-27,6.7903,6.8856,6.7655,6.8379,3411429
1985-11-29,6.8608,6.8856,6.6474,6.7427,1796883
1985-12-02,6.7903,6.8132,6.6950,6.7655,1601211
1985-12-03,6.7655,6.8856,6.7655,6.8379,1834286
1985-12-04,6.8608,7.2191,6.8608,7.1467,8901990
1985-12-05,7.2191,7.3144,7.0285,7.0990,7064068
1985-12-06,7.1715,7.2667,7.0514,7.2191,5443289
1985-12-09,7.2420,7.3373,7.2420,7.2420,3060951
1985-12-10,7.2896,7.3849,7.1943,7.3620,3809870
1985-12-11,7.3373,7.5278,7.2896,7.4573,4030477
1985-12-12,7.4573,7.5755,7.4097,7.4573,2698010
1985-12-13,7.5526,7.7661,7.4802,7.5755,4912727
1985-12-16,7.6708,7.7184,7.4325,7.4802,3981646
1985-12-17,7.5526,7.5755,7.2420,7.3144,3777143
1985-12-18,7.2896,7.3620,7.0514,7.1467,2749263
1985-12-19,7.1943,7.2896,7.0762,7.1943,2111688
1985-12-20,7.1943,7.2420,6.9085,7.1238,2478094
1985-12-23,7.0285,7.1943,6.9809,7.1467,1416104
1985-12-24,7.0990,7.1943,7.0762,7.1467,904416
1985-12-26,7.1238,7.3373,7.1238,7.3373,2104763
1985-12-27,7.4097,7.5278,7.3849,7.4573,2010562
1985-12-30,7.4097,7.4325,7.3373,7.4325,1574026
1985-12-31,7.4325,7.4802,7.3373,7.4097,1273766
1986-01-02,7.4097,7.4097,7.2667,7.3144,1687792
1986-01-03,7.2896,7.3373,7.1715,7.2420,2256971
1986-01-06,7.2896,7.3144,7.1467,7.1715,1072208
1986-01-07,7.2191,7.3620,7.2191,7.3373,2387360
1986-01-08,7.3373,7.3849,6.8856,6.9561,2256971
1986-01-09,6.7903,6.9561,6.7903,6.9085,3681906
1986-01-10,6.9809,7.0514,6.8856,6.9561,1761906
1986-01-13,7.0037,7.1238,6.9561,7.0990,1750477
1986-01-14,7.1715,7.1715,7.0762,7.0990,1439653
1986-01-15,7.0514,7.1238,7.0285,7.1238,1686753
1986-01-16,7.2420,7.3144,7.1715,7.2667,3926581
1986-01-17,7.3849,7.4097,7.2191,7.3373,4089003
1986-01-20,7.2667,7.2896,7.2191,7.2667,1106666
1986-01-21,7.3373,7.3373,7.0990,7.1467,1225455
1986-01-22,7.1467,7.2420,6.9561,7.0285,1498873
1986-01-23,6.9561,7.2667,6.9332,7.2191,3344243
1986-01-24,7.2896,7.4325,7.2420,7.3373,4067880
1986-01-27,7.3849,7.5755,7.3849,7.4325,2350649
1986-01-28,7.4097,7.6003,7.4097,7.6003,1720000
1986-01-29,7.6231,7.7184,7.6003,7.6231,4652987
1986-01-30,7.5755,7.6231,7.4573,7.4802,2235672
1986-01-31,7.4802,7.6231,7.4573,7.5050,3722597
1986-02-03,7.4573,7.6231,7.4573,7.6231,2791688
1986-02-04,8.0043,8.0043,7.8137,7.8861,7580951
1986-02-05,7.9814,8.0996,7.9338,8.0519,8350477
1986-02-06,8.0519,8.1243,8.0291,8.0996,4309610
1986-02-07,8.0996,8.4331,7.9566,8.3854,9258010
1986-02-10,8.3854,8.4807,8.3149,8.4331,5511688
1986-02-11,8.4331,8.6484,8.4102,8.5760,5495065
1986-02-12,8.5760,8.6008,8.4331,8.5055,4118442
1986-02-13,8.4579,8.5055,8.3378,8.4102,4833938
1986-02-14,8.4807,8.6008,8.4579,8.5531,3490562
1986-02-18,8.5284,8.5760,8.3149,8.5760,3924847
1986-02-19,8.5760,8.5760,8.2673,8.5055,3028919
1986-02-20,8.4579,8.5055,8.3378,8.4807,1941646
1986-02-21,8.4579,8.6713,8.4579,8.6713,3191341
1986-02-24,8.5531,8.6484,8.5055,8.5531,2167964
1986-02-25,8.4331,8.4579,8.1472,8.2425,2093854
1986-02-26,8.2425,8.3149,8.2425,8.2901,10004675
1986-02-27,8.3378,8.3378,8.2425,8.3149,3924847
1986-02-28,8.3626,8.4579,8.2901,8.3149,3411948
1986-03-03,8.3149,8.3149,8.1243,8.1720,2165023
1986-03-04,8.2196,8.2196,7.9814,8.0519,3286234
1986-03-05,8.0519,8.0519,7.7661,7.9090,7868052
1986-03-06,7.9814,8.0291,7.8861,7.9814,4153938
1986-03-07,7.9566,8.0767,7.8613,7.8613,2765195
1986-03-10,7.9090,8.0519,7.8861,7.9814,2563117
1986-03-11,8.0519,8.3854,8.0291,8.2673,4175237
1986-03-12,8.3378,8.5284,8.2901,8.4807,8557230
1986-03-13,8.4807,8.6237,8.4102,8.5760,4217143
1986-03-14,8.4331,8.6237,8.4102,8.4331,4348744
1986-03-17,8.4102,8.6237,8.3854,8.6008,4346321
1986-03-18,8.5760,8.6713,8.4807,8.5760,1846925
1986-03-19,8.5760,8.6237,8.4807,8.5284,2472899
1986-03-20,8.5760,8.7437,8.5055,8.5760,2436711
1986-03-21,8.5284,8.6484,8.4331,8.4331,2650909
1986-03-24,8.4579,8.5055,8.2673,8.3378,2490217
1986-03-25,8.2901,8.3378,8.0996,8.2425,2443117
1986-03-26,8.3626,8.3626,8.2673,8.3149,2630302
1986-03-27,8.2901,8.5760,8.2901,8.5055,2638269
1986-03-31,8.3854,8.5284,8.3854,8.4331,2213854
1986-04-01,8.5284,8.5531,8.1472,8.2673,2779568
1986-04-02,8.0043,8.2425,8.0043,8.2425,2007792
1986-04-03,8.2425,8.3149,7.9338,7.9566,3239133
1986-04-04,7.9090,7.9338,7.7432,7.7432,2659049
1986-04-07,7.7661,7.8137,7.5755,7.7908,3413159
1986-04-08,7.8861,8.0767,7.8385,8.0767,3259740
1986-04-09,8.0996,8.1949,8.0291,8.0519,2235672
1986-04-10,8.1472,8.7189,8.1243,8.7189,5618529
1986-04-11,8.9819,8.9819,8.8142,8.9095,7064068
1986-04-14,8.9572,9.0296,8.8867,8.9819,2626841
1986-04-15,8.9095,8.9819,8.8619,8.9343,3430822
1986-04-16,9.0296,9.2430,9.0296,9.2202,4531948
1986-04-17,9.2430,9.2678,9.1001,9.2430,2713594
1986-04-18,9.1954,9.1954,9.0772,9.1249,1618354
1986-04-21,9.1477,9.3860,9.0772,9.3860,2443636
1986-04-22,9.3155,9.4336,9.1725,9.2430,2644156
1986-04-23,9.1954,9.3155,9.1001,9.1954,2651601
1986-04-24,9.1954,9.5289,9.1954,9.4107,4558961
1986-04-25,9.4336,9.5289,9.4336,9.5060,1996711
1986-04-28,9.4584,9.5060,9.4107,9.5060,1289870
1986-04-29,9.5060,9.5060,9.1725,9.1954,3626146
1986-04-30,9.1954,9.2430,8.8390,8.8390,3297143
1986-05-01,8.6713,8.7437,8.5760,8.5760,4700779
1986-05-02,8.6237,8.7437,8.6237,8.6484,1564847
1986-05-05,8.6484,8.8390,8.6237,8.8142,825802
1986-05-06,8.8867,8.9343,8.7437,8.8390,1204328
1986-05-07,8.7914,8.8390,8.4807,8.6008,2185802
1986-05-08,8.6484,8.8142,8.6237,8.7437,2980088
1986-05-09,8.6961,9.0525,8.6713,8.9819,3814026
1986-05-12,9.0296,9.1249,8.9095,8.9343,1393247
1986-05-13,8.8867,8.9572,8.7437,8.8142,1668919
1986-05-14,8.9095,8.9095,8.7666,8.9095,2049698
1986-05-15,8.9095,8.9095,8.5284,8.5284,1772295
1986-05-16,8.5284,8.6008,8.4807,8.4807,1443117
1986-05-19,8.5284,8.7437,8.5284,8.7189,1302510
1986-05-20,8.6961,8.8619,8.6008,8.8142,1678614
1986-05-21,8.8142,8.9095,8.7666,8.8619,2077750
1986-05-22,8.9095,9.0772,8.8142,9.0525,1653334
1986-05-23,9.0525,9.0772,8.7189,8.7189,3223029
1986-05-27,8.7914,8.7914,8.6484,8.7437,1742338
1986-05-28,8.7189,9.0048,8.5284,8.8619,4279828
1986-05-29,8.9095,9.0772,8.8619,9.0525,3174198
1986-05-30,9.0048,9.1725,8.8867,9.0525,3221818
1986-06-02,9.0048,9.0048,8.7189,8.8142,1603464
1986-06-03,8.7666,8.7666,8.6237,8.6961,1266321
1986-06-04,8.7437,8.7437,8.5531,8.7189,1728659
1986-06-05,8.7437,8.7437,8.5760,8.7189,1353594
1986-06-06,8.6961,8.7437,8.5284,8.5531,1698701
1986-06-09,8.5531,8.5531,8.2673,8.2673,2984588
1986-06-10,8.3149,8.3149,8.1949,8.2425,2081906
1986-06-11,8.1472,8.3378,8.1472,8.3149,2230477
1986-06-12,8.2901,8.2901,8.1472,8.1720,1031860
1986-06-13,8.1949,8.2901,8.1472,8.1472,1717055
1986-06-16,7.6708,8.0291,7.6479,7.6708,6145107
1986-06-17,7.6708,7.7432,7.2420,7.5278,4025282
1986-06-18,7.4325,7.4325,7.0990,7.3373,7540779
1986-06-19,7.2896,7.4802,7.2896,7.4325,5642078
1986-06-20,7.4802,7.7661,7.4325,7.7184,2687101
1986-06-23,7.6708,7.6708,7.5755,7.6003,2806062
1986-06-24,7.6479,7.6708,7.4325,7.5526,3390649
1986-06-25,7.5526,7.6955,7.4097,7.4325,2913938
1986-06-26,7.4573,7.5278,7.1943,7.1943,2528659
1986-06-27,7.2191,7.5755,7.2191,7.5526,4394114
1986-06-30,7.5755,7.6708,7.5278,7.6003,2179393
1986-07-01,7.6003,7.6003,7.3620,7.3849,2244328
1986-07-02,7.3849,7.3849,7.1467,7.2191,9005195
1986-07-03,7.2420,7.2896,7.0990,7.1238,5599481
1986-07-07,7.1467,7.1467,6.8379,6.8379,4145282
1986-07-08,6.8379,7.0990,6.7903,7.0514,5532815
1986-07-09,7.0514,7.1715,6.9809,7.0762,2710130
1986-07-10,7.0762,7.1467,6.9332,7.1467,3683117
1986-07-11,7.1715,7.3373,6.8856,7.0514,6604503
1986-07-14,6.9085,6.9085,6.6950,6.7427,4232727
1986-07-15,6.7427,6.8379,6.4797,6.5044,6087620
1986-07-16,6.4797,6.6226,6.4320,6.5044,6087620
1986-07-17,6.5273,6.6474,6.5273,6.5749,1729178
1986-07-18,6.6226,6.6226,6.4568,6.5521,4523289
1986-07-21,6.5521,6.5997,6.4320,6.4568,2175412
1986-07-22,6.4797,6.6950,6.4568,6.6474,2327620
1986-07-23,6.7427,6.9085,6.7179,6.8132,2982857
1986-07-24,6.8132,6.9085,6.7179,6.7655,1231860
1986-07-25,6.7655,7.0037,6.7655,6.9332,2147185
1986-07-28,7.0285,7.0990,6.7903,6.8132,2257490
1986-07-29,6.7655,6.9085,6.7179,6.7903,3084503
1986-07-30,6.6950,7.1943,6.6950,7.1943,4781127
1986-07-31,7.0990,7.3620,7.0990,7.0990,4707532
1986-08-01,7.1467,7.2191,7.1467,7.1943,3415412
1986-08-04,7.1715,7.1943,7.0037,7.1715,1840000
1986-08-05,7.1943,7.2896,7.0990,7.1238,1871688
1986-08-06,7.0762,7.1238,6.9332,7.0514,2318442
1986-08-07,7.0762,7.2896,7.0285,7.2191,2502165
1986-08-08,7.3373,7.4573,7.3373,7.4325,2236883
1986-08-11,7.4573,7.6231,7.4097,7.6231,2672208
1986-08-12,7.5526,7.6708,7.5278,7.6479,1745802
1986-08-13,7.6955,7.7184,7.3373,7.4097,3943724
1986-08-14,7.4573,7.5526,7.3620,7.4573,1949091
1986-08-15,7.4097,7.4802,7.3620,7.4573,855584
1986-08-18,7.4097,7.4097,7.2896,7.3144,1057835
1986-08-19,7.3144,7.4802,7.2420,7.4802,2084675
1986-08-20,7.5278,7.7184,7.5278,7.6955,2324156
1986-08-21,7.7184,7.7432,7.5755,7.6003,2760000
1986-08-22,7.6231,7.9338,7.6231,7.9338,3598094
1986-08-25,7.8861,7.9090,7.7184,7.7661,1263377
1986-08-26,7.7661,8.0519,7.7661,8.0519,3557750
1986-08-27,8.0291,8.1720,8.0043,8.0519,4487101
1986-08-28,8.0291,8.0767,7.9338,7.9566,2604503
1986-08-29,7.9090,8.0996,7.9090,7.9814,2220779
1986-09-02,7.9814,8.0043,7.7908,7.7908,2340779
1986-09-03,7.8137,8.1720,7.7661,8.1720,2437922
1986-09-04,8.1949,8.3854,8.1472,8.3854,4521039
1986-09-05,8.4331,8.4807,8.1949,8.2425,2873247
1986-09-08,8.2425,8.2673,8.0519,8.2673,3193766
1986-09-09,8.3854,8.4331,8.2673,8.4331,4030997
1986-09-10,8.3378,8.3626,8.2425,8.2425,2275325
1986-09-11,8.2425,8.2673,7.7184,7.7661,5447964
1986-09-12,7.7432,7.7661,7.4325,7.5278,3721558
1986-09-15,7.5526,7.6708,7.4573,7.5526,2282250
1986-09-16,7.5755,7.6231,7.4325,7.5755,1981818
1986-09-17,7.6231,7.9338,7.5755,7.9090,2773334
1986-09-18,7.8137,7.9566,7.7661,7.7908,3086925
1986-09-19,7.7432,7.8385,7.5526,7.6231,2758269
1986-09-22,7.6231,7.7184,7.5755,7.7184,1344935
1986-09-23,7.8137,7.8385,7.4802,7.5278,2165714
1986-09-24,7.5755,7.6708,7.3373,7.4097,3345282
1986-09-25,7.3849,7.3849,7.2191,7.3144,1692468
1986-09-26,7.2667,7.4097,7.1715,7.2191,1694718
1986-09-29,7.2191,7.2191,7.0037,7.0285,3113247
1986-09-30,7.0990,7.1715,7.0285,7.0514,1654026
1986-10-01,7.1467,7.4097,7.0514,7.2896,3450909
1986-10-02,7.2896,7.3144,7.1467,7.2191,1123809
1986-10-03,7.2420,7.3373,7.0037,7.2420,3016796
1986-10-06,7.2191,7.3373,7.1467,7.1715,1317922
1986-10-07,7.1238,7.1238,6.8132,6.8132,2791688
1986-10-08,6.7903,6.9085,6.6950,6.7903,3450390
1986-10-09,6.8132,6.9561,6.4320,6.4320,3693334
1986-10-10,6.4568,6.6702,6.4091,6.6226,3004675
1986-10-13,6.6226,6.8608,6.6226,6.8608,420779
1986-10-14,6.8608,6.9332,6.6474,6.7427,1403464
1986-10-15,6.6950,6.7427,6.5521,6.7427,3337835
1986-10-16,6.8379,6.8379,6.6702,6.6702,1766581
1986-10-17,6.6702,6.7179,6.5749,6.6950,1575237
1986-10-20,6.6474,6.6474,6.4568,6.4797,2125542
1986-10-21,6.5044,6.5997,6.4568,6.5521,1314458
1986-10-22,6.5749,6.5997,6.4568,6.4568,1655065
1986-10-23,6.4797,6.8379,6.4797,6.7903,4255584
1986-10-24,6.8608,7.0037,6.8379,6.9085,3249351
1986-10-27,6.9085,7.0514,6.8132,7.0514,2058873
1986-10-28,7.0762,7.0762,6.7903,6.8132,1325367
1986-10-29,6.8132,6.8379,6.6226,6.7903,1955497
1986-10-30,6.9085,7.0514,6.9085,6.9332,3307360
1986-10-31,6.9561,7.3144,6.9332,7.1715,2300088
1986-11-03,7.2191,7.2191,7.1467,7.1715,1643636
1986-11-04,7.2191,7.4802,7.1467,7.4325,3493506
1986-11-05,7.4325,7.5278,7.1943,7.3144,2279308
1986-11-06,7.3144,7.3144,6.9561,7.0990,2965195
1986-11-07,7.1467,7.1943,7.0514,7.0990,2920347
1986-11-10,7.1467,7.2896,7.0990,7.2420,1940607
1986-11-11,7.2896,7.3144,7.1467,7.2191,1338701
1986-11-12,7.2420,7.2667,6.9809,7.0285,2386146
1986-11-13,7.0514,7.1238,6.7179,6.8132,3105802
1986-11-14,6.8132,7.0285,6.7427,6.9332,3134026
1986-11-17,6.8856,7.0514,6.8608,6.9561,1416104
1986-11-18,6.9809,7.0285,6.7655,6.8132,3343029
1986-11-19,6.7903,7.0037,6.7655,6.8132,4633594
1986-11-20,6.9561,6.9809,6.8379,6.9332,1897490
1986-11-21,6.9332,7.0762,6.9332,7.0037,2692987
1986-11-24,6.9561,7.1467,6.9561,7.1467,3133334
1986-11-25,7.1467,7.3144,7.0990,7.3144,3604328
1986-11-26,7.5050,7.5755,7.3620,7.4097,2644156
1986-11-28,7.3849,7.4573,7.2420,7.2420,1185802
1986-12-01,7.2667,7.6003,7.1467,7.6003,3534893
1986-12-02,7.6231,7.6231,7.3620,7.5278,4784588
1986-12-03,7.5526,7.6003,7.4573,7.5278,3051256
1986-12-04,7.5278,7.5278,7.4097,7.4325,2929523
1986-12-05,7.3849,7.4802,7.1238,7.2896,1745282
1986-12-08,7.3620,7.4325,7.1467,7.4097,2146146
1986-12-09,7.4325,7.4325,7.1943,7.1943,1843464
1986-12-10,7.2191,7.2667,7.0990,7.2191,2444156
1986-12-11,7.2420,7.2420,7.0037,7.0514,1998614
1986-12-12,7.1238,7.1467,6.9809,7.0285,2355153
1986-12-15,7.0514,7.0514,6.8379,7.0514,2696971
1986-12-16,7.0990,7.2420,7.0037,7.2420,3069610
1986-12-17,7.0990,7.2667,7.0762,7.1943,4248831
1986-12-18,7.1467,7.2420,7.0990,7.1467,1708571
1986-12-19,7.1238,7.2420,7.0514,7.2191,4672555
1986-12-22,7.2191,7.2420,7.0514,7.1238,1584416
1986-12-23,7.0762,7.1238,6.9085,6.9809,1697662
1986-12-24,7.0285,7.0990,6.9561,6.9561,1380607
1986-12-26,7.0037,7.0285,6.9561,6.9561,316883
1986-12-29,6.9561,7.0037,6.9085,6.9332,1471341
1986-12-30,6.9085,6.9085,6.7903,6.8132,2451601
1986-12-31,6.8379,6.8608,6.7655,6.7903,1354805
1987-01-02,6.8379,6.9085,6.7903,6.7903,1082425
1987-01-05,6.8379,7.1238,6.8379,7.0514,2830822
1987-01-06,7.0037,7.2420,6.9332,7.0514,2483289
1987-01-07,7.0514,7.2420,7.0037,7.1467,2989783
1987-01-08,7.2191,7.5278,7.1715,7.4802,4369870
1987-01-09,7.4802,7.6231,7.3849,7.5755,3520519
1987-01-12,7.6003,7.7908,7.5755,7.7184,2725714
1987-01-13,7.5755,7.7908,7.5755,7.6955,2625627
1987-01-14,7.9566,8.2901,7.9338,8.2901,10854545
1987-01-15,8.2901,8.5531,8.2673,8.4102,9361386
1987-01-16,8.3626,8.4102,8.1243,8.2196,5220432
1987-01-19,8.1472,8.6237,8.1243,8.5760,6834286
1987-01-20,8.6237,8.6484,8.3378,8.4579,6317403
1987-01-21,8.2901,8.6237,8.2196,8.3378,5858010
1987-01-22,8.4331,8.9572,8.4102,8.9343,6719481
1987-01-23,8.9819,9.0525,8.3854,8.6008,9648484
1987-01-26,8.5284,8.6484,8.5055,8.5760,1939912
1987-01-27,8.5760,8.8390,8.5284,8.6961,3959828
1987-01-28,8.7914,8.8142,8.5760,8.6237,4684675
1987-01-29,8.8142,8.8142,8.4807,8.5760,3429783
1987-01-30,8.5284,8.6484,8.4102,8.6237,2429783
1987-02-02,8.5055,9.1001,8.5055,9.0296,6604503
1987-02-03,9.2202,9.3155,9.1249,9.2678,4920692
1987-02-04,9.0772,9.3383,8.9819,9.1954,5511688
1987-02-05,9.2907,9.4336,9.1725,9.3860,4781127
1987-02-06,9.4107,9.4336,9.2678,9.2907,4162597
1987-02-09,9.2430,9.2907,9.0525,9.1477,3152380
1987-02-10,9.0048,9.0525,8.7437,8.8619,3654373
1987-02-11,8.9572,9.4336,8.8867,9.4107,6604503
1987-02-12,9.4336,9.4336,9.0048,9.1477,6489698
1987-02-13,9.1477,9.2907,9.0525,9.2678,2881211
1987-02-17,9.3383,9.5537,9.2907,9.5537,4067880
1987-02-18,9.5765,9.6718,9.2678,9.5289,5559308
1987-02-19,9.4336,9.6242,9.4107,9.4584,1962945
1987-02-20,9.4336,9.4336,9.0525,9.0525,3439481
1987-02-23,9.0296,9.1001,8.6961,8.9572,3749091
1987-02-24,9.0048,9.3383,9.0048,9.3155,2819740
1987-02-25,9.3155,9.6013,9.2430,9.3383,2923117
1987-02-26,9.3155,9.4813,9.2430,9.4107,2443117
1987-02-27,9.4336,9.5060,9.3631,9.4107,1368484
1987-03-02,9.4107,9.4107,9.1954,9.2678,1816451
1987-03-03,9.2430,9.2430,9.0296,9.1249,1683289
1987-03-04,9.1725,9.3155,9.1249,9.2430,2773854
1987-03-05,9.4336,10.2683,9.3860,9.7671,5541471
1987-03-06,9.7919,9.8148,9.6013,9.7671,3962770
1987-03-09,9.6718,9.6966,9.3383,9.6966,3021990
1987-03-10,9.6490,9.6966,9.5289,9.6718,1622338
1987-03-11,9.8148,9.8148,9.5289,9.5765,3040347
1987-03-12,9.6242,9.8872,9.5537,9.7671,3208659
1987-03-13,9.8395,9.8624,9.4813,9.4813,3248312
1987-03-16,9.6013,9.6242,9.2678,9.6013,2614198
1987-03-17,9.5537,10.0053,9.5537,9.9577,3618182
1987-03-18,10.0053,10.3865,9.9101,10.3636,9303896
1987-03-19,10.3160,10.7677,10.2912,10.6971,6661990
1987-03-20,10.7200,11.0059,10.6247,10.6247,9189091
1987-03-23,10.6971,10.9354,10.6019,10.7200,3996016
1987-03-24,10.7924,10.8629,10.3636,10.6247,4091948
1987-03-25,10.6019,10.6724,10.5066,10.5294,3142510
1987-03-26,10.5771,10.6724,10.3865,10.4589,2672208
1987-03-27,10.7677,10.7677,10.4589,10.4818,5370390
1987-03-30,9.9101,10.2683,9.8624,10.1731,5622510
1987-03-31,10.2207,10.3160,10.1254,10.2207,2909438
1987-04-01,10.1483,10.5771,10.1483,10.4818,4287792
1987-04-02,10.5771,10.7200,10.3865,10.5771,3573854
1987-04-03,10.6724,11.0059,10.5771,10.8877,3715153
1987-04-06,10.9830,11.0535,10.8877,10.9354,3706666
1987-04-07,10.9354,11.0307,10.7448,10.7677,3475672
1987-04-08,10.8877,11.0535,10.7677,10.9830,3156364
1987-04-09,11.0059,11.2441,10.7924,11.1488,2924328
1987-04-10,11.2441,11.4347,11.0535,11.0535,4606581
1987-04-13,11.0535,11.1259,10.4113,10.5066,2409698
1987-04-14,10.5542,10.5542,10.1731,10.2436,4704243
1987-04-15,10.3865,10.3865,10.3389,10.3865,5972815
1987-04-16,10.5542,10.8153,10.5066,10.7924,3968484
1987-04-20,10.8629,10.9106,10.6247,10.7448,2916364
1987-04-21,10.6495,11.3165,10.5066,11.2917,3517055
1987-04-22,11.2441,11.3394,11.0535,11.2212,4931601
1987-04-23,11.2212,11.3870,10.9830,11.2441,3228744
1987-04-24,11.1012,11.2689,10.7677,10.8877,2302857
1987-04-27,10.5771,11.0307,10.5294,10.9106,5134893
1987-04-28,11.1488,11.3394,11.0783,11.1965,3252815
1987-04-29,11.3394,11.4823,11.3165,11.4595,6030302
1987-04-30,11.4595,11.6253,11.3642,11.3870,2411948
1987-05-01,11.3394,11.5300,11.2689,11.5300,3587705
1987-05-04,11.4347,11.5071,11.2917,11.4118,1741818
1987-05-05,11.5547,11.8883,11.5071,11.8158,4280347
1987-05-06,11.7206,11.7930,11.5300,11.6729,4449178
1987-05-07,11.6729,11.8635,11.5776,11.6500,2420088
1987-05-08,11.7930,11.9588,11.6977,11.9111,3541127
1987-05-11,11.9835,12.1741,11.9359,12.0312,4652468
1987-05-12,11.8635,11.8883,11.6024,11.6977,2265627
1987-05-13,11.6253,11.7453,11.4823,11.6729,2008831
1987-05-14,11.7682,11.7930,11.3642,11.4347,3395844
1987-05-15,11.3870,11.4823,11.0059,11.2212,4736276
1987-05-18,10.7677,10.9582,10.5294,10.6971,5513938
1987-05-19,10.7448,10.7677,10.1254,10.2683,4420951
1987-05-20,10.2436,10.3865,10.0301,10.1731,4249870
1987-05-21,10.2912,10.4818,10.1254,10.4341,3005886
1987-05-22,10.4341,10.5294,10.2912,10.3160,1570737
1987-05-26,10.6724,10.9106,10.5066,10.8401,3437750
1987-05-27,10.7924,10.8877,10.7448,10.8153,2543029
1987-05-28,10.8153,10.8153,10.4341,10.6019,2622857
1987-05-29,10.6247,10.8401,10.5771,10.8153,2834805
1987-06-01,10.8877,10.8877,10.4341,10.4589,2105974
1987-06-02,10.3636,10.4113,9.9577,10.0053,4741471
1987-06-03,10.1254,10.2436,10.0053,10.0778,3720867
1987-06-04,10.0778,10.2683,10.0053,10.1006,3493506
1987-06-05,10.0301,10.0778,9.7919,9.9577,3271169
1987-06-08,9.8148,10.2436,9.8148,10.2207,3076536
1987-06-09,10.5542,10.5771,10.3160,10.4341,8672208
1987-06-10,10.4818,10.5771,10.2912,10.3865,4880519
1987-06-11,10.4818,10.5294,10.3389,10.3865,1486234
1987-06-12,10.4818,10.6724,10.4341,10.4818,3239133
1987-06-15,10.4589,10.5771,10.4341,10.4589,2320172
1987-06-16,10.3865,10.6247,10.2912,10.6247,4189610
1987-06-17,10.6724,10.8629,10.5771,10.7924,2580951
1987-06-18,10.7677,10.9106,10.6971,10.7677,2379393
1987-06-19,10.6724,10.7677,10.4818,10.4818,2502165
1987-06-22,10.7200,10.7677,10.5771,10.6019,3297662
1987-06-23,10.6495,10.6724,10.4113,10.4818,1875672
1987-06-24,10.4818,10.7924,10.4818,10.6971,2424588
1987-06-25,10.7448,10.8629,10.6724,10.6971,2643464
1987-06-26,10.6724,10.7200,10.4113,10.5542,3040347
1987-06-29,10.5294,10.5771,10.4341,10.4818,848659
1987-06-30,10.5294,10.6247,10.2912,10.3160,2195497
1987-07-01,10.2912,10.2912,10.1254,10.1959,2416104
1987-07-02,10.3389,10.3865,10.2207,10.2436,2516536
1987-07-06,10.2912,10.2912,9.9577,9.9577,4416451
1987-07-07,9.9577,10.0778,9.8148,9.8624,3166062
1987-07-08,9.9101,10.1959,9.5289,10.1254,5449003
1987-07-09,10.1006,10.3389,10.0053,10.1731,2642945
1987-07-10,10.2436,10.2683,9.9101,10.0053,3387880
1987-07-13,10.0530,10.3865,9.9577,10.3865,1662510
1987-07-14,10.5066,10.7200,10.5066,10.6971,8040347
1987-07-15,10.7200,11.0307,10.6724,10.9354,5972815
1987-07-16,11.0059,11.1012,10.9354,11.0535,3678442
1987-07-17,11.1488,11.1736,10.9106,11.0535,3789783
1987-07-20,10.8629,10.9830,10.7200,10.7200,2887620
1987-07-21,10.6019,10.6971,10.4589,10.4818,4118442
1987-07-22,10.6019,10.6019,10.3865,10.5066,1727964
1987-07-23,10.5771,10.6495,10.4589,10.5771,3023724
1987-07-24,10.5771,10.8153,10.5771,10.7924,1548224
1987-07-27,10.7200,10.8153,10.6495,10.7448,957922
1987-07-28,10.8401,10.8401,10.7200,10.7924,2153075
1987-07-29,10.8629,10.9354,10.7924,10.8153,4373334
1987-07-30,10.7677,11.0535,10.7448,11.0307,4107360
1987-07-31,11.0307,11.1736,10.9830,11.1736,3345282
1987-08-03,10.8629,11.1488,10.8629,10.9354,2775065
1987-08-04,10.8877,11.0307,10.8401,11.0059,2149610
1987-08-05,11.0783,11.2917,11.0535,11.1736,4196536
1987-08-06,11.2689,11.6729,11.2212,11.5776,4551341
1987-08-07,11.7930,11.8635,11.7206,11.7930,5915497
1987-08-10,11.8158,11.9588,11.7682,11.9588,3379740
1987-08-11,12.1494,12.4829,12.1017,12.3876,9878269
1987-08-12,12.3876,12.4600,12.2218,12.3171,4589958
1987-08-13,12.3171,12.5782,12.3171,12.5076,4047792
1987-08-14,12.4600,12.7935,12.3876,12.5305,5074633
1987-08-17,12.4352,12.5553,12.2923,12.3647,1720519
1987-08-18,12.2218,12.2218,11.9588,12.0788,3487792
1987-08-19,12.0064,12.0541,11.7206,11.9835,4465802
1987-08-20,12.1741,12.4123,12.1265,12.3647,3386666
1987-08-21,12.3876,12.9117,12.3399,12.8640,3471169
1987-08-24,12.8640,12.9364,12.6982,12.7687,2176623
1987-08-25,12.9117,13.3405,12.9117,13.1975,5915497
1987-08-26,13.1975,13.6988,13.1499,13.6035,6374893
1987-08-27,13.3405,13.3881,13.0070,13.1270,9367101
1987-08-28,13.0546,13.0546,12.5553,12.5782,4455412
1987-08-31,12.6258,12.7935,12.4295,12.5553,3854198
1987-09-01,12.6258,12.7459,12.2694,12.3171,3405714
1987-09-02,12.1970,12.3647,12.1017,12.2446,4860951
1987-09-03,12.4123,12.4600,12.1494,12.2923,4250390
1987-09-04,12.3647,12.5553,12.2694,12.3171,1853334
1987-09-08,12.2923,12.3647,11.9835,12.0788,3032899
1987-09-09,12.2218,12.3171,12.1265,12.2446,2714114
1987-09-10,12.5076,12.6982,12.4123,12.6029,3961039
1987-09-11,12.7459,12.9593,12.7211,12.8640,3161558
1987-09-14,12.6734,12.9364,12.5553,12.6734,2434458
1987-09-15,12.5782,12.5782,12.3171,12.3647,2086406
1987-09-16,12.3399,12.6258,12.2694,12.3876,2178873
1987-09-17,12.4829,12.5305,12.3171,12.5305,1785455
1987-09-18,12.5782,12.7211,12.5782,12.6734,2396536
1987-09-21,12.7211,12.8640,12.6258,12.6734,3070822
1987-09-22,12.6734,13.2223,12.5782,13.2223,3079481
1987-09-23,13.2452,13.4605,13.0317,13.4605,5067185
1987-09-24,13.1022,13.4358,13.1022,13.2700,2582685
1987-09-25,13.2700,13.3176,13.1270,13.2452,2369523
1987-09-28,13.5310,13.6511,13.4358,13.6263,6604503
1987-09-29,13.6740,13.7940,13.4358,13.4834,3931601
1987-09-30,13.4605,13.4605,13.1975,13.3176,3308052
1987-10-01,13.3176,14.0075,13.2928,13.9598,5401386
1987-10-02,13.9598,14.1028,13.8169,13.9122,3379221
1987-10-05,13.9846,14.0551,13.8169,13.8646,3850217
1987-10-06,13.7693,13.8417,13.3881,13.4605,4256276
1987-10-07,13.3652,13.5082,13.1975,13.3881,4796016
1987-10-08,13.3405,13.4129,12.7211,12.8411,3723289
1987-10-09,12.8640,13.0070,12.6258,12.7459,3810562
1987-10-12,12.7211,12.7459,12.3876,12.4829,2954805
1987-10-13,12.7211,12.8888,12.5305,12.8164,2862857
1987-10-14,12.7687,12.9117,12.4600,12.5553,3110997
1987-10-15,12.1017,12.3647,11.9359,12.1970,7634977
1987-10-16,12.1970,12.1970,11.4823,12.1970,6451776
1987-10-19,10.1006,11.3394,9.9101,10.0301,10814893
1987-10-20,11.4347,11.4347,6.6702,9.5289,8693506
1987-10-21,10.4341,10.5771,8.9572,9.4107,7879653
1987-10-22,7.5278,8.4807,7.4573,8.3378,13170217
1987-10-23,8.0043,8.2901,7.6708,8.2673,5725886
1987-10-26,7.5278,7.5526,6.8608,6.8608,6737315
1987-10-27,7.7184,7.8137,7.0037,7.3373,6443809
1987-10-28,6.7655,7.8137,6.7655,7.8137,7010737
1987-10-29,8.2425,8.9819,8.0043,8.4807,6480519
1987-10-30,9.0525,9.1001,8.7914,8.9095,7024935
1987-11-02,8.6713,9.1477,8.6008,8.6008,3646753
1987-11-03,8.1472,8.4331,7.8137,8.2196,3770390
1987-11-04,8.0767,8.7189,8.0519,8.4807,4101646
1987-11-05,8.3854,9.0296,8.3854,8.7666,4543377
1987-11-06,8.5760,8.6713,8.3626,8.4331,3159828
1987-11-09,8.0996,8.5284,7.8613,7.9566,3985107
1987-11-10,7.7661,8.0519,7.5755,7.7184,3736451
1987-11-11,8.0291,8.0996,7.5755,7.6231,3457315
1987-11-12,8.1949,8.4331,8.0996,8.2425,4794977
1987-11-13,8.2673,8.3854,8.0043,8.1243,2949091
1987-11-16,8.3854,8.4807,7.9566,8.1472,2872036
1987-11-17,7.8613,8.0996,7.7661,8.0996,3770390
1987-11-18,8.1472,8.2196,7.8385,8.1720,2909438
1987-11-19,8.0043,8.1720,7.7184,7.7661,2439133
1987-11-20,7.4325,8.1472,7.2896,8.1472,4274633
1987-11-23,8.1472,8.3854,8.0996,8.2901,4262510
1987-11-24,8.4807,8.6961,8.4331,8.5284,6317403
1987-11-25,8.4807,8.6237,8.4102,8.4102,2698010
1987-11-27,8.3149,8.3854,8.0043,8.0291,1206581
1987-11-30,7.6955,7.8137,7.3373,7.7184,4423896
1987-12-01,7.9566,8.0043,7.7661,7.8385,2942685
1987-12-02,7.9090,8.4807,7.8137,8.0291,1838269
1987-12-03,8.0043,8.0043,7.6708,7.6708,3128831
1987-12-04,7.8137,8.1720,7.6708,7.7908,4474458
1987-12-07,7.9566,8.1949,7.9090,8.1472,3814026
1987-12-08,8.2901,8.4807,8.2425,8.4807,5675325
1987-12-09,8.4807,8.9572,8.4579,8.8390,6661990
1987-12-10,8.5760,9.2430,8.5531,8.9095,6202597
1987-12-11,8.9572,9.0772,8.7189,8.8867,3674458
1987-12-14,8.8685,9.2987,8.8436,9.1782,3192036
1987-12-15,9.3465,9.4651,9.1782,9.2738,5800519
1987-12-16,9.2509,9.5377,9.1304,9.4899,4061471
1987-12-17,9.4651,9.6085,9.3216,9.3943,4055237
1987-12-18,9.4899,9.7289,9.3695,9.6563,5092468
1987-12-21,9.6085,9.8475,9.5607,9.7997,5230302
1987-12-22,9.7997,9.8245,9.5855,9.7041,3357403
1987-12-23,9.7519,9.8953,9.7041,9.8245,3414718
1987-12-24,9.8245,9.8245,9.6333,9.7519,1247273
1987-12-28,9.5607,9.6085,9.2260,9.3216,3529698
1987-12-29,9.3216,9.4173,9.2031,9.4173,1957750
1987-12-30,9.4651,9.6811,9.4173,9.6085,2437922
1987-12-31,9.4651,9.5129,9.3216,9.5129,1214026
1988-01-04,9.5607,9.8953,9.5607,9.8245,2785282
1988-01-05,9.8953,10.2299,9.8953,9.9431,5915497
1988-01-06,10.0387,10.0387,9.7519,9.9431,3086925
1988-01-07,9.9201,10.0158,9.7519,10.0158,2173159
1988-01-08,9.9201,10.0636,8.9392,8.9870,5012640
1988-01-11,9.2260,9.2509,8.8914,9.0597,4986841
1988-01-12,8.9641,9.0597,8.5090,8.7480,4336104
1988-01-13,8.6524,8.7958,8.4860,8.7729,4284847
1988-01-14,8.8914,8.9641,8.7958,8.8914,2786494
1988-01-15,9.4173,9.4173,9.0119,9.0119,4611081
1988-01-18,9.0597,9.1304,8.7958,8.8685,1823377
1988-01-19,8.7729,8.8436,8.6046,8.6773,2244328
1988-01-20,8.5090,8.5090,7.3617,7.8168,14232208
1988-01-21,8.0310,8.0310,7.6734,7.8168,7837750
1988-01-22,7.9354,8.0558,7.8168,8.0310,4821299
1988-01-25,8.0310,8.3178,8.0080,8.1744,2413159
1988-01-26,8.1266,8.1514,7.8875,8.0310,2857143
1988-01-27,8.0558,8.1266,7.7441,7.7919,4324503
1988-01-28,7.8875,8.0080,7.7919,8.0080,2389091
1988-01-29,8.1744,8.1744,7.8646,8.0310,4357922
1988-02-01,8.1744,8.2222,7.9602,7.9602,3651948
1988-02-02,7.9354,8.0080,7.7919,7.9354,4145974
1988-02-03,7.8397,7.8875,7.5529,7.6734,4195844
1988-02-04,7.6734,7.7919,7.6256,7.7919,3750822
1988-02-05,7.8646,8.0558,7.8397,7.9124,2420607
1988-02-08,7.7919,7.9124,7.7690,7.7919,1588571
1988-02-09,7.8646,7.9354,7.7441,7.9354,2346666
1988-02-10,8.0558,8.3426,8.0310,8.3178,5472555
1988-02-11,8.2700,8.5568,8.2470,8.4612,2681386
1988-02-12,8.4612,8.5817,8.3656,8.4612,2735412
1988-02-16,8.4134,8.5817,8.3656,8.5817,1320172
1988-02-17,8.6295,8.7251,8.4860,8.5339,2845714
1988-02-18,8.4860,8.6046,8.4134,8.4612,3156364
1988-02-19,8.3178,8.5568,8.3178,8.5339,2711860
1988-02-22,8.5568,9.2260,8.5090,8.9641,4596191
1988-02-23,8.9870,9.0826,8.9163,9.0348,3291948
1988-02-24,9.0826,9.0826,8.9163,9.0119,2576796
1988-02-25,9.0348,9.2509,8.8685,8.8685,4777662
1988-02-26,8.9163,8.9641,8.7002,8.7958,1515497
1988-02-29,8.9392,9.0348,8.8685,9.0348,1661990
1988-03-01,9.0348,9.2509,8.9641,9.2509,3477403
1988-03-02,9.2509,9.4651,9.2260,9.2738,2637230
1988-03-03,9.3465,9.3695,9.2031,9.2987,2021990
1988-03-04,9.2987,9.4421,8.9392,9.0597,2855412
1988-03-07,9.0597,9.4421,8.9870,9.3465,2750822
1988-03-08,9.4899,9.5377,9.4173,9.4421,2745802
1988-03-09,9.5129,9.7519,9.4421,9.7519,3375237
1988-03-10,9.8475,9.8723,8.9870,9.0348,7064068
1988-03-11,9.1075,9.2031,8.9641,9.2031,4271169
1988-03-14,9.1857,9.2566,9.0897,9.2566,2045023
1988-03-15,9.2087,9.3046,9.0168,9.1128,2240867
1988-03-16,9.1128,9.1377,8.8979,9.0418,3886925
1988-03-17,9.3046,9.4255,9.2087,9.3526,3940260
1988-03-18,9.4005,9.4485,9.1857,9.2336,4375065
1988-03-21,9.1857,9.1857,8.9689,9.1128,1603464
1988-03-22,9.1128,9.2816,9.0418,9.1128,2184588
1988-03-23,9.0418,9.0897,8.8729,8.8979,2209351
1988-03-24,8.6811,8.7540,8.4892,8.5372,4041386
1988-03-25,8.4413,8.6101,8.2974,8.2974,3193766
1988-03-28,8.2974,8.5852,8.2974,8.4892,2389091
1988-03-29,8.5372,8.7770,8.5142,8.5372,2304588
1988-03-30,8.6331,8.6811,8.3933,8.4413,2266666
1988-03-31,8.3933,8.5142,8.2744,8.3933,1370737
1988-04-04,8.4413,8.6101,8.2744,8.5372,2120867
1988-04-05,8.5852,8.6101,8.3454,8.4413,1707880
1988-04-06,8.5372,8.8979,8.3933,8.8729,2885886
1988-04-07,8.9209,9.0897,8.8250,8.8250,2080172
1988-04-08,8.8729,9.2087,8.8499,9.2087,2171948
1988-04-11,9.0648,9.3775,9.0648,9.3775,3267185
1988-04-12,9.3775,9.3775,9.2336,9.3046,1757922
1988-04-13,9.3046,9.3526,9.0168,9.2336,3240867
1988-04-14,8.9209,9.4005,8.8979,8.9938,8155325
1988-04-15,9.0168,9.1128,8.7291,8.9458,5915497
1988-04-18,8.8979,9.0168,8.7540,8.9689,3094373
1988-04-19,9.1128,9.2336,9.0168,9.0418,4032208
1988-04-20,9.0648,9.0897,8.8250,8.9458,3061646
1988-04-21,8.8979,9.0897,8.6581,8.7770,7638442
1988-04-22,8.8499,8.9458,8.7060,8.9458,2247792
1988-04-25,8.9689,9.1128,8.8499,9.0418,1814718
1988-04-26,9.0418,9.2336,8.9938,9.2336,2318961
1988-04-27,9.1607,9.4964,9.1377,9.4255,5526581
1988-04-28,9.3295,9.3775,9.2087,9.2336,2678614
1988-04-29,9.2087,9.2087,9.0418,9.1128,2160519
1988-05-02,9.2087,9.4005,9.1128,9.4005,1994458
1988-05-03,9.4485,9.4964,9.3295,9.4734,2958269
1988-05-04,9.4734,9.4734,9.2816,9.3046,2031341
1988-05-05,9.2816,9.4005,9.1377,9.4005,2158269
1988-05-06,9.3775,9.5444,9.2087,9.2336,2085886
1988-05-09,9.2566,9.3295,9.1377,9.3295,1752727
1988-05-10,9.2816,9.3295,9.0648,9.1607,2335584
1988-05-11,9.0418,9.0418,8.8729,8.8729,3682425
1988-05-12,8.8979,8.9689,8.6581,8.7060,1769870
1988-05-13,8.9209,8.9458,8.8499,8.9458,1857835
1988-05-16,8.9938,9.2087,8.9458,9.2087,932640
1988-05-17,9.3046,9.3295,9.0168,9.1128,2968659
1988-05-18,9.0168,9.0648,8.8729,8.9458,3386666
1988-05-19,8.8979,8.9209,8.6811,8.8250,3041558
1988-05-20,8.8250,8.9209,8.7540,8.8499,1538529
1988-05-23,8.8499,8.8499,8.6811,8.7770,1600000
1988-05-24,8.8250,9.0648,8.7770,9.0418,1567273
1988-05-25,9.0648,9.0648,8.8979,8.9458,2634977
1988-05-26,8.8729,8.9458,8.8250,8.8250,1603984
1988-05-27,8.8020,8.8020,8.7540,8.7770,1868744
1988-05-31,8.8020,9.1128,8.7540,9.0897,2205886
1988-06-01,9.1607,9.4005,9.0648,9.2566,3457315
1988-06-02,9.2087,9.3526,9.1857,9.2336,2193247
1988-06-03,9.3046,9.3526,9.1857,9.3046,1367964
1988-06-06,9.2816,9.5444,9.2816,9.5444,5137835
1988-06-07,9.5214,9.6883,9.4734,9.5924,11640347
1988-06-08,9.6403,9.8801,9.5693,9.8571,7925542
1988-06-09,9.7363,9.9051,9.7132,9.8322,7293854
1988-06-10,9.7842,9.9051,9.7842,9.8322,2893334
1988-06-13,9.7921,9.7921,9.7190,9.7190,2374198
1988-06-14,9.8152,10.0327,9.8152,9.9114,11186494
1988-06-15,9.8883,9.9365,9.8152,9.9114,3289698
1988-06-16,9.8633,9.9114,9.8152,9.8633,2347705
1988-06-17,9.8883,9.9846,9.8402,9.9365,3423377
1988-06-20,9.8883,9.8883,9.7921,9.7921,1658010
1988-06-21,9.8883,10.2001,9.8402,10.1770,3703204
1988-06-22,10.3445,10.4176,10.2964,10.3695,6581127
1988-06-23,10.3695,10.3926,10.2733,10.3214,2908919
1988-06-24,10.3445,10.3695,10.1770,10.2001,2163984
1988-06-27,10.2251,10.2482,10.0808,10.1520,1939912
1988-06-28,10.2251,10.3926,10.2001,10.3926,2912899
1988-06-29,10.4176,10.5138,10.3445,10.3926,3436711
1988-06-30,10.3445,10.4176,10.2001,10.4176,3536623
1988-07-01,10.3926,10.4888,10.2964,10.3445,2040519
1988-07-05,10.2001,10.3214,10.1770,10.2964,2420607
1988-07-06,10.2964,10.2964,9.9114,10.0558,2244328
1988-07-07,10.0077,10.1039,9.9114,10.0558,2783029
1988-07-08,10.0077,10.1039,9.8633,9.8633,2030130
1988-07-11,9.8633,9.9846,9.7921,9.8152,1669438
1988-07-12,9.9596,9.9846,9.6709,9.8152,2212815
1988-07-13,9.8633,10.0558,9.7440,10.0558,1569003
1988-07-14,10.0077,10.0327,9.6478,9.7440,7344935
1988-07-15,9.7921,9.7921,9.5516,9.5516,4453679
1988-07-18,9.5997,9.6709,9.5034,9.5265,3104588
1988-07-19,9.3341,9.5034,9.3341,9.4784,3992555
1988-07-20,9.5034,9.5265,9.3591,9.4303,5608659
1988-07-21,9.4303,9.4303,9.0704,9.1185,7283464
1988-07-22,9.0454,9.1666,8.8529,9.0935,6404156
1988-07-25,9.0704,9.1185,8.9973,9.0704,2486062
1988-07-26,9.1185,9.1897,9.0935,9.1897,2170217
1988-07-27,9.2379,9.2379,8.6855,8.7086,4023029
1988-07-28,8.7336,9.0223,8.7086,8.9011,3794458
1988-07-29,8.9973,9.2860,8.9742,9.2379,2538873
1988-08-01,9.2379,9.3341,9.1666,9.2629,1441386
1988-08-02,9.2629,9.3591,9.1416,9.1897,1359828
1988-08-03,9.2148,9.2148,9.0454,9.0935,1957750
1988-08-04,9.1185,9.1666,8.9742,8.9973,2557922
1988-08-05,8.9973,9.0454,8.9492,8.9973,2335584
1988-08-08,8.9742,9.0454,8.9011,8.9011,1433419
1988-08-09,8.8529,8.9261,8.6605,8.7086,3288484
1988-08-10,8.5893,8.6374,8.3718,8.3968,4896623
1988-08-11,8.2275,8.3237,8.2044,8.3237,6137662
1988-08-12,8.2756,8.3487,8.1081,8.2525,3907013
1988-08-15,8.2044,8.2756,7.9869,8.1312,3101299
1988-08-16,8.0350,8.3718,8.0350,8.2756,3290217
1988-08-17,8.2756,8.3237,8.2044,8.2525,1402945
1988-08-18,8.2756,8.3237,8.2275,8.2275,1696451
1988-08-19,8.2756,8.3006,8.1793,8.2275,1386321
1988-08-22,8.2275,8.2756,8.1081,8.1312,1469610
1988-08-23,8.2275,8.2275,8.0831,8.1312,1951516
1988-08-24,8.1312,8.3006,8.1312,8.2756,2855412
1988-08-25,8.1793,8.2275,8.0119,8.0119,4449178
1988-08-26,7.9388,8.1081,7.9157,8.1081,3736451
1988-08-29,8.1312,8.2756,8.1312,8.2756,2978354
1988-08-30,8.2756,8.3487,8.2275,8.2756,1927273
1988-08-31,8.3487,8.3718,8.0831,8.0831,2638269
1988-09-01,8.0831,8.0831,7.8907,7.8907,3403289
1988-09-02,8.0350,8.2756,7.9869,8.1793,3020779
1988-09-06,8.1793,8.1793,8.0350,8.1312,2944416
1988-09-07,8.1312,8.1312,7.8676,7.9157,4978182
1988-09-08,7.8195,7.9157,7.7463,7.8907,9430822
1988-09-09,7.9157,8.2525,7.8195,8.1793,8832380
1988-09-12,8.1620,8.2586,8.1137,8.1620,2321386
1988-09-13,8.0654,8.1620,7.9457,8.1620,1458182
1988-09-14,8.2354,8.3069,8.1871,8.2837,4054026
1988-09-15,8.2837,8.3069,8.2103,8.2103,2576796
1988-09-16,8.1620,8.2586,8.1137,8.2103,2742338
1988-09-19,8.2103,8.3803,8.1388,8.3320,2233938
1988-09-20,8.3069,8.3552,8.2354,8.3552,2931256
1988-09-21,8.4769,8.4769,8.3803,8.4035,1549438
1988-09-22,8.4035,8.5735,8.3803,8.5001,4808140
1988-09-23,8.4518,8.6218,8.4286,8.6218,2281039
1988-09-26,8.6218,8.6701,8.5001,8.5252,1026146
1988-09-27,8.5001,8.5001,8.3320,8.3320,1600000
1988-09-28,8.2586,8.3803,8.1620,8.1871,2481558
1988-09-29,8.2354,8.4518,8.1620,8.4518,3183896
1988-09-30,8.4518,8.4769,8.3320,8.3320,2756711
1988-10-03,8.2586,8.2586,7.9940,8.0654,3969523
1988-10-04,8.0905,8.0905,7.8723,7.8974,2558442
1988-10-05,7.8491,7.8491,7.6791,7.7274,7466146
1988-10-06,7.7274,7.8008,7.7042,7.7757,6313419
1988-10-07,7.8008,7.8240,7.6791,7.7757,7305802
1988-10-10,7.7757,8.0171,7.7757,8.0171,2830130
1988-10-11,8.0171,8.2354,7.9688,8.2354,2826666
1988-10-12,7.9205,7.9205,7.5110,7.6791,21851776
1988-10-13,7.6308,7.7757,7.6076,7.6308,5234286
1988-10-14,7.6791,7.7525,7.4859,7.5593,7197922
1988-10-17,7.5342,7.6791,7.5110,7.6076,3692815
1988-10-18,7.6308,7.6791,7.5342,7.6308,2320692
1988-10-19,7.6791,7.7274,7.5342,7.6308,5340607
1988-10-20,7.6791,7.8008,7.6308,7.8008,3821990
1988-10-21,7.6791,7.8240,7.6308,7.7274,2739393
1988-10-24,7.7042,7.7757,7.6791,7.7042,3096623
1988-10-25,7.6791,7.7525,7.6791,7.7274,4529523
1988-10-26,7.6791,7.7042,7.5593,7.6308,4409003
1988-10-27,7.5593,7.5825,7.2695,7.4144,6488659
1988-10-28,7.4627,7.4859,7.3410,7.3893,2574026
1988-10-31,7.4144,7.5342,7.4144,7.4376,1860088
1988-11-01,7.4144,7.4376,7.2927,7.3410,3410737
1988-11-02,7.3410,7.4376,7.3178,7.3893,2814026
1988-11-03,7.4144,7.4859,7.3893,7.4376,3374026
1988-11-04,7.3893,7.6308,7.3893,7.5342,3908224
1988-11-07,7.4376,7.4859,7.3893,7.4376,2170909
1988-11-08,7.4859,7.5342,7.4376,7.4627,1951516
1988-11-09,7.4144,7.5825,7.3661,7.5825,4469783
1988-11-10,7.5593,7.5593,7.3661,7.3893,3417143
1988-11-11,7.3410,7.3661,7.2444,7.3410,3882945
1988-11-14,7.4376,7.4376,7.1729,7.1961,2991516
1988-11-15,7.1478,7.1961,7.0763,7.0763,3886406
1988-11-16,7.0995,7.0995,6.9314,6.9797,4465282
1988-11-17,7.0763,7.1729,7.0280,7.0512,4030997
1988-11-18,7.1246,7.2444,7.0763,7.2444,2339049
1988-11-21,7.0995,7.1478,7.0029,7.1246,4716883
1988-11-22,7.0995,7.2212,7.0763,7.1729,5167101
1988-11-23,7.2212,7.2927,7.1246,7.1961,3801386
1988-11-25,7.1246,7.1246,7.0512,7.0995,1007273
1988-11-28,7.0763,7.1729,7.0280,7.1478,1743549
1988-11-29,7.1246,7.2444,7.0763,7.1478,1997403
1988-11-30,7.1729,7.3178,7.1729,7.2695,3313766
1988-12-01,7.2444,7.4376,7.2212,7.3661,3315497
1988-12-02,7.2927,7.6308,7.2927,7.6308,5241211
1988-12-05,7.7042,7.8240,7.6559,7.7042,9552555
1988-12-06,7.6791,7.8240,7.6308,7.8008,3376276
1988-12-07,7.7525,7.8974,7.7525,7.7757,3743377
1988-12-08,7.7757,7.8723,7.7042,7.7757,4310130
1988-12-09,7.7274,7.8974,7.7274,7.8491,1949091
1988-12-12,7.8612,7.8865,7.6924,7.7409,2535584
1988-12-13,7.7409,7.8379,7.6924,7.7409,3432036
1988-12-14,7.7157,7.8612,7.6924,7.7157,3997230
1988-12-15,7.9583,8.0068,7.8612,7.8612,5294026
1988-12-16,7.8379,7.9098,7.8127,7.8865,2783549
1988-12-19,7.8612,8.0806,7.8612,8.0553,3635325
1988-12-20,8.2009,8.2261,8.0320,8.0320,4550302
1988-12-21,8.0068,8.0553,7.9583,7.9835,2340779
1988-12-22,7.9098,7.9583,7.8379,7.8379,2351169
1988-12-23,7.7642,7.8127,7.7409,7.7642,1268052
1988-12-27,7.7894,7.9350,7.7642,7.8865,1431688
1988-12-28,7.8865,7.9835,7.8865,7.9835,1478789
1988-12-29,7.9583,8.1776,7.9583,8.1291,2400000
1988-12-30,8.2009,8.2261,8.1291,8.1524,1741818
1989-01-03,8.0806,8.1039,7.9583,8.0068,1826841
1989-01-04,8.0068,8.2494,7.9835,8.1776,3473938
1989-01-05,8.2261,8.2261,8.1291,8.2009,2153075
1989-01-06,8.1776,8.2261,8.0806,8.1291,2664763
1989-01-09,8.1291,8.1776,8.0806,8.1291,2416104
1989-01-10,8.1291,8.1776,8.0320,8.1524,1867013
1989-01-11,8.1776,8.1776,8.0320,8.1524,2499912
1989-01-12,8.1039,8.2261,8.0068,8.2009,2486753
1989-01-13,8.1776,8.2009,8.1291,8.1524,1344416
1989-01-16,8.1776,8.1776,8.0806,8.1291,1450042
1989-01-17,8.1039,8.1291,8.0320,8.0320,2312727
1989-01-18,8.0320,8.2009,7.9583,8.1524,2336276
1989-01-19,8.2009,8.3232,8.1291,8.1776,2855412
1989-01-20,8.1291,8.3717,8.0553,8.3465,4229263
1989-01-23,8.4435,8.4921,8.3465,8.3717,2120347
1989-01-24,8.3232,8.4203,8.2980,8.3717,1714805
1989-01-25,8.4203,8.5658,8.3950,8.4921,5710997
1989-01-26,8.4688,8.7599,8.4435,8.6376,6192208
1989-01-27,8.6862,8.6862,8.3950,8.4688,5003289
1989-01-30,8.5406,8.6862,8.5173,8.6144,3473938
1989-01-31,8.6862,8.7347,8.5891,8.7347,2236883
1989-02-01,8.6862,8.8570,8.6629,8.7832,4812640
1989-02-02,8.8318,8.8803,8.6862,8.8803,4847273
1989-02-03,8.9773,9.1714,8.9288,9.0996,5388224
1989-02-06,9.0259,9.0996,8.9540,9.0026,2858873
1989-02-07,8.9773,9.1967,8.9540,9.1229,4696104
1989-02-08,9.0996,9.0996,8.8803,8.9055,5315844
1989-02-09,8.8318,8.8803,8.6862,8.7347,3386146
1989-02-10,8.6376,8.7114,8.6144,8.6144,3343549
1989-02-13,8.5891,8.7114,8.5173,8.5406,3071341
1989-02-14,8.7114,8.7114,8.6144,8.6862,2316191
1989-02-15,8.6629,8.7599,8.6629,8.7114,2927792
1989-02-16,8.7114,8.7599,8.6862,8.6862,2436191
1989-02-17,8.6862,8.7832,8.6862,8.7347,2459221
1989-02-21,8.6862,8.7347,8.5406,8.6144,2625107
1989-02-22,8.6144,8.6144,8.2980,8.3465,2371256
1989-02-23,8.2494,8.3717,8.2261,8.3232,1837750
1989-02-24,8.3465,8.3465,8.1776,8.2747,1896276
1989-02-27,8.2261,8.2494,8.1524,8.1524,1905455
1989-02-28,8.1776,8.2980,8.1776,8.2009,2270130
1989-03-01,8.2494,8.2747,8.1524,8.1776,2900260
1989-03-02,8.1524,8.2494,8.1039,8.2009,1946841
1989-03-03,8.1776,8.4203,8.1776,8.2009,1823896
1989-03-06,8.2009,8.2261,8.1291,8.1291,1828571
1989-03-07,8.1524,8.2009,8.1039,8.2009,3001386
1989-03-08,8.1291,8.2747,8.1291,8.2261,4154633
1989-03-09,8.3717,8.4203,8.3232,8.3717,2472899
1989-03-10,8.3232,8.3232,8.2494,8.2747,2091601
1989-03-13,8.2862,8.3603,8.2862,8.3116,1746494
1989-03-14,8.3349,8.3603,8.1653,8.2141,1791860
1989-03-15,8.2141,8.2141,7.9450,8.0425,4166062
1989-03-16,7.9704,8.0678,7.8241,7.9216,7943896
1989-03-17,7.7500,7.8963,7.7500,7.8475,3159308
1989-03-20,7.7988,7.8241,7.7013,7.7500,2292640
1989-03-21,7.8241,7.8475,7.7754,7.7754,1806753
1989-03-22,7.7266,7.7754,7.7013,7.7754,1888831
1989-03-23,7.7754,7.8475,7.7266,7.7754,2024935
1989-03-27,7.7754,7.8475,7.7754,7.7988,1313419
1989-03-28,7.8963,7.9938,7.8475,7.8963,1711341
1989-03-29,7.8729,7.9704,7.8241,7.9704,1523636
1989-03-30,7.9450,8.0425,7.9450,8.0191,1575237
1989-03-31,8.0678,8.0678,7.9704,8.0678,4259568
1989-04-03,8.0191,8.2628,8.0191,8.2375,1774545
1989-04-04,8.2375,8.3837,8.2141,8.2628,3754805
1989-04-05,8.2628,8.3349,8.1653,8.1887,2781990
1989-04-06,8.1400,8.3116,8.1166,8.2628,1948571
1989-04-07,8.3116,8.4812,8.3116,8.4324,2795672
1989-04-10,8.4090,8.5299,8.3837,8.4324,1593594
1989-04-11,8.4578,8.7249,8.4578,8.6527,3962770
1989-04-12,8.6527,8.8965,8.6274,8.8477,5933854
1989-04-13,8.9199,8.9686,8.7990,8.7990,5051081
1989-04-14,8.9199,8.9452,8.8477,8.9452,3627360
1989-04-17,8.8711,9.0173,8.8711,8.9686,3623896
1989-04-18,9.0661,9.1148,9.0173,9.1148,4265455
1989-04-19,9.0661,9.1402,9.0427,9.0914,2446581
1989-04-20,9.0661,9.1148,8.8965,8.9939,2077230
1989-04-21,8.9686,8.9686,8.8965,8.9452,1460432
1989-04-24,8.8224,8.9199,8.8224,8.8711,1526406
1989-04-25,8.8711,8.9452,8.8224,8.8711,1823377
1989-04-26,8.8965,8.9686,8.8477,8.9686,1313938
1989-04-27,8.9686,9.0914,8.9686,8.9939,1867532
1989-04-28,8.9686,8.9939,8.8711,8.9199,1035325
1989-05-01,8.7736,8.8965,8.7736,8.8965,1181299
1989-05-02,8.8711,8.9199,8.8224,8.8477,1334026
1989-05-03,8.8224,8.8711,8.7736,8.8224,2307532
1989-05-04,8.7990,9.0661,8.7736,9.0173,2357575
1989-05-05,9.1148,9.3585,9.1148,9.1636,6443289
1989-05-08,9.1148,9.2611,9.0661,9.1148,4447964
1989-05-09,9.1889,9.2864,9.1636,9.2864,4155153
1989-05-10,9.3351,9.3351,9.1636,9.3351,3579568
1989-05-11,9.3585,9.4814,9.3098,9.4326,5622510
1989-05-12,9.7485,9.8947,9.6276,9.8713,10446753
1989-05-15,9.9922,9.9922,9.7738,9.8460,4936796
1989-05-16,9.8226,9.8460,9.6763,9.7738,6445023
1989-05-17,9.8226,10.0409,9.6997,9.9922,3992036
1989-05-18,9.9688,10.1150,9.9434,10.0663,5168831
1989-05-19,10.1384,10.2612,10.0897,10.2612,5490390
1989-05-22,10.2846,10.3587,10.1384,10.2125,3367792
1989-05-23,10.0897,10.1872,10.0663,10.1150,2785282
1989-05-24,10.0409,10.0663,9.8460,10.0409,3594633
1989-05-25,10.0409,10.1872,10.0175,10.1384,1963464
1989-05-26,10.1384,10.6024,10.1150,10.6024,5260088
1989-05-30,10.6746,10.7487,10.5284,10.6746,5516883
1989-05-31,10.9670,11.0645,10.9183,10.9924,9590477
1989-06-01,11.0158,11.6007,10.9924,11.5032,9612295
1989-06-02,11.5773,11.7723,11.3082,11.4545,8339568
1989-06-05,11.3082,11.3823,10.9670,10.9670,5781127
1989-06-06,10.9436,11.1620,10.8696,11.1133,8706666
1989-06-07,11.3082,11.3570,11.0158,11.0411,6163464
1989-06-08,11.0411,11.0899,10.7721,10.9924,4617490
1989-06-09,10.8949,10.9670,10.8208,10.8949,3596364
1989-06-12,10.7860,10.7860,10.6627,10.7116,4323984
1989-06-13,10.4671,10.7116,10.3947,10.6627,6734893
1989-06-14,10.7116,11.0540,10.6138,10.9327,8489003
1989-06-15,10.9327,10.9327,10.6392,10.8349,4732815
1989-06-16,10.7605,10.9073,10.7371,10.8349,4269958
1989-06-19,10.7860,10.8095,10.6627,10.7860,1460951
1989-06-20,10.7371,10.7371,10.4925,10.5160,3605542
1989-06-21,10.4182,10.6138,10.3947,10.4671,3262685
1989-06-22,10.4671,10.8584,10.4671,10.8584,4628919
1989-06-23,11.0540,11.0794,10.8095,11.0305,3851256
1989-06-26,11.0305,11.0305,10.8349,10.8584,1165195
1989-06-27,10.9073,10.9327,10.6138,10.6392,7948571
1989-06-28,10.6392,10.8095,10.4671,10.5160,5465802
1989-06-29,10.5649,10.6627,10.3947,10.4436,4863204
1989-06-30,10.3947,10.4671,10.1736,10.2969,3220779
1989-07-03,10.3203,10.3692,10.2714,10.2714,783896
1989-07-05,10.1990,10.1990,9.9780,10.0523,3135757
1989-07-06,10.1012,10.2714,10.0758,10.2714,3737662
1989-07-07,10.2969,10.6392,10.2969,10.5160,3062685
1989-07-10,10.5649,10.6627,10.5414,10.5903,2158269
1989-07-11,10.6392,10.6392,10.4925,10.4925,2376451
1989-07-12,10.5414,10.5649,10.4671,10.4925,2471860
1989-07-13,10.5160,10.5160,10.3692,10.4671,2381646
1989-07-14,10.4182,10.6627,10.3947,10.6392,4395153
1989-07-17,10.7116,11.0305,10.7116,11.0051,5669610
1989-07-18,10.9816,11.0305,10.8838,10.8838,3002945
1989-07-19,10.9327,11.1518,10.9073,11.1518,4265455
1989-07-20,11.1284,11.1284,11.0051,11.0540,3054198
1989-07-21,11.0051,11.0305,10.9073,10.9327,1603464
1989-07-24,10.9327,10.9327,10.7860,10.7860,1634977
1989-07-25,10.8095,10.8584,10.5160,10.5160,2358614
1989-07-26,10.4925,10.8584,10.4436,10.8095,3015584
1989-07-27,10.8349,11.0540,10.8349,11.0051,3314286
1989-07-28,11.0540,11.1518,11.0051,11.0794,1840000
1989-07-31,11.1284,11.1518,11.0051,11.1284,2890390
1989-08-01,11.1518,11.2007,10.9562,11.0051,5287620
1989-08-02,10.9562,10.9816,10.8349,10.8838,2139221
1989-08-03,10.8584,11.2497,10.8349,11.2262,3432555
1989-08-04,11.1284,11.6409,11.1284,11.5431,5732295
1989-08-07,11.5431,11.9833,11.5431,11.9833,6361039
1989-08-08,11.9344,11.9598,11.6899,11.7153,4169523
1989-08-09,11.7642,11.9598,11.6899,11.6899,5331256
1989-08-10,11.5431,11.9598,11.4453,11.9598,5058529
1989-08-11,12.1301,12.1301,11.6899,11.6899,5630649
1989-08-14,11.4942,11.6175,11.4707,11.5431,3287964
1989-08-15,11.4942,11.5431,11.1773,11.2986,4683464
1989-08-16,11.5431,11.5431,11.1029,11.1773,4758789
1989-08-17,11.2007,11.2262,11.0051,11.2007,3588919
1989-08-18,11.1518,11.3240,11.1029,11.2986,1411601
1989-08-21,11.2497,11.2986,10.9073,10.9562,1665455
1989-08-22,10.8584,11.0540,10.7371,11.0305,2069263
1989-08-23,11.1284,11.2262,10.9073,11.1773,2121386
1989-08-24,11.2497,11.5431,11.1773,11.5196,2859393
1989-08-25,11.5196,11.5196,11.2497,11.3240,4151169
1989-08-28,11.1029,11.2986,11.0794,11.2751,2433938
1989-08-29,11.3729,11.4453,11.2986,11.3964,2381646
1989-08-30,11.3475,11.4942,11.2751,11.4218,4084503
1989-08-31,11.3729,11.3729,11.2497,11.3475,2007101
1989-09-01,11.2262,11.3964,11.2262,11.3964,1936451
1989-09-05,11.3475,11.5196,11.1029,11.1029,6040000
1989-09-06,11.1029,11.1029,10.8349,10.8349,5078614
1989-09-07,10.9327,11.0540,10.8584,10.9816,2348224
1989-09-08,10.9816,11.0305,10.8838,10.9327,1860779
1989-09-11,10.9936,11.0191,10.8954,10.9210,2651601
1989-09-12,10.9445,11.1664,10.9210,11.1408,3993075
1989-09-13,11.3627,11.5099,11.3136,11.3627,5063204
1989-09-14,11.3372,11.4118,11.1899,11.1899,2451601
1989-09-15,11.1408,11.4353,11.1408,11.3372,4422165
1989-09-18,11.3136,11.3627,11.1664,11.1899,2237403
1989-09-19,11.0918,11.1664,10.9936,11.0682,2150130
1989-09-20,11.1173,11.3136,11.1173,11.2645,2162250
1989-09-21,11.3372,11.4118,11.1899,11.1899,2279308
1989-09-22,11.1899,11.2645,11.1408,11.1664,1579221
1989-09-25,11.1899,11.3372,11.1899,11.3372,1872727
1989-09-26,11.2881,11.4608,11.2645,11.3372,2168484
1989-09-27,11.1664,11.3862,11.1664,11.3627,2559653
1989-09-28,11.4118,11.4844,11.2881,11.4353,2701990
1989-09-29,11.4353,11.5590,11.3136,11.3372,1686753
1989-10-02,11.3627,11.3862,11.0918,11.2154,2351169
1989-10-03,11.2645,11.2881,11.0427,11.1664,2439133
1989-10-04,11.1173,11.5590,11.1173,11.5335,2904243
1989-10-05,11.4844,11.8770,11.4844,11.7062,4292987
1989-10-06,11.7553,11.8770,11.7062,11.7553,2758961
1989-10-09,11.9516,12.1479,11.9261,12.1224,2212815
1989-10-10,12.2206,12.2696,12.0007,12.0498,2994977
1989-10-11,11.8770,11.9025,11.5825,11.6571,4663896
1989-10-12,11.7298,11.8279,11.6571,11.7062,3415932
1989-10-13,11.6571,11.7298,10.9936,11.0918,4917750
1989-10-16,10.7973,11.1664,10.7737,11.1664,5095237
1989-10-17,11.0191,11.2390,10.8954,11.1408,2725023
1989-10-18,11.0918,11.2645,11.0682,11.1664,1428224
1989-10-19,11.2881,11.6316,11.2154,11.6316,2675153
1989-10-20,11.5825,11.6571,11.4353,11.5099,1917575
1989-10-23,11.4118,11.4353,11.2154,11.2881,1694718
1989-10-24,11.1408,11.1899,10.6501,11.1899,4315844
1989-10-25,11.1899,11.2645,10.8954,10.9700,2450562
1989-10-26,10.8464,10.8954,10.7482,10.8464,3506666
1989-10-27,10.8464,10.9445,10.7973,10.7973,2143204
1989-10-30,10.7973,10.8464,10.6756,10.7737,2045542
1989-10-31,10.7973,11.0918,10.7973,10.9700,1752208
1989-11-01,11.0682,11.0918,10.9210,10.9210,1136451
1989-11-02,10.9210,10.9445,10.6265,10.7737,2913938
1989-11-03,10.7482,10.7737,10.4047,10.5283,5450737
1989-11-06,10.5028,10.5028,10.4047,10.4047,1828571
1989-11-07,10.4047,10.6991,10.3556,10.6756,2427013
1989-11-08,10.6991,10.7973,10.6756,10.6991,2292640
1989-11-09,10.7482,10.9936,10.6991,10.9210,1643636
1989-11-10,11.0918,11.2390,11.0682,11.2390,1644156
1989-11-13,11.1899,11.2390,10.9210,10.9700,2712380
1989-11-14,10.9936,11.1173,10.9445,10.9700,1144588
1989-11-15,10.9445,11.1899,10.9445,11.0918,1288659
1989-11-16,11.1408,11.2881,11.0918,11.2154,1233594
1989-11-17,11.2881,11.4844,11.2881,11.3136,2173159
1989-11-20,11.3372,11.4844,11.3372,11.3862,2677922
1989-11-21,11.4353,11.4353,11.1899,11.3136,2067532
1989-11-22,11.3136,11.3862,11.2390,11.3136,1703896
1989-11-24,11.3627,11.5099,11.3372,11.4353,1246234
1989-11-27,11.4844,11.8279,11.4844,11.7789,4264763
1989-11-28,11.7553,11.7789,11.6316,11.6316,2954114
1989-11-29,11.6571,11.7298,11.5590,11.5825,2088659
1989-11-30,11.5825,11.6316,11.5099,11.5825,1105974
1989-12-01,11.6081,11.8279,11.5590,11.7298,3151860
1989-12-04,11.7298,11.7298,11.4608,11.4608,1632208
1989-12-05,11.5099,11.5590,11.3627,11.4118,1429958
1989-12-06,11.4118,11.6316,11.3862,11.5825,3012295
1989-12-07,11.5590,11.6807,11.4118,11.5099,2134718
1989-12-08,11.5335,11.5335,11.3627,11.4353,1289870
1989-12-11,11.4003,11.4495,11.1777,11.3018,1663724
1989-12-12,11.2526,11.3747,11.0792,11.3511,3167273
1989-12-13,11.3511,11.3747,11.1285,11.2270,1595325
1989-12-14,11.1777,11.2762,11.1049,11.2270,1670649
1989-12-15,11.4239,11.4239,11.0556,11.2762,2636536
1989-12-18,11.3018,11.3255,10.9315,11.0300,2858873
1989-12-19,11.0556,11.1285,10.9808,11.1049,2564847
1989-12-20,11.1049,11.1285,10.9571,11.0064,2789438
1989-12-21,11.0556,11.2762,11.0300,11.2270,2218010
1989-12-22,11.3255,11.4239,11.3018,11.4239,1576971
1989-12-26,11.4239,11.4239,11.2762,11.3018,330042
1989-12-27,11.3255,11.4732,11.2762,11.3747,1244503
1989-12-28,11.4003,11.4732,11.3511,11.4239,822338
1989-12-29,11.4495,11.5224,11.3747,11.4988,1990477
1990-01-02,11.5480,12.0641,11.5224,12.0148,2814718
1990-01-03,12.1133,12.3359,12.0641,12.3103,5211256
1990-01-04,12.2866,12.5328,12.2866,12.3595,7050909
1990-01-05,12.3595,12.3595,12.1389,12.1389,3027185
1990-01-08,12.1133,12.2610,12.1133,12.1882,2960000
1990-01-09,12.2610,12.3851,12.1626,12.2866,3251776
1990-01-10,12.2118,12.2374,11.7942,12.0641,2960000
1990-01-11,12.2118,12.2610,12.1389,12.1626,2840519
1990-01-12,12.0148,12.0148,11.7686,11.8435,4707013
1990-01-15,11.7194,11.8435,11.6701,11.8435,2951341
1990-01-16,11.7450,12.0641,11.7450,12.0148,2930042
1990-01-17,12.0641,12.2610,11.7450,11.7942,3381990
1990-01-18,11.6701,11.9420,11.6209,11.6701,4637575
1990-01-19,11.7194,11.7194,11.3018,11.3018,4596711
1990-01-22,11.0300,11.0556,10.7602,10.8094,8721558
1990-01-23,10.9571,10.9808,10.8094,10.8330,4482425
1990-01-24,10.5376,11.0300,10.4884,10.9808,5085542
1990-01-25,11.1049,11.1777,10.9315,10.9808,2693506
1990-01-26,11.0300,11.1285,10.7602,10.9315,1984243
1990-01-29,11.0300,11.3255,11.0064,11.1541,4026494
1990-01-30,11.2270,11.2270,10.5868,10.7346,5091776
1990-01-31,10.7602,10.9808,10.7602,10.7602,4433594
1990-02-01,10.8823,11.0792,10.8586,11.0064,3116711
1990-02-02,11.0064,11.0556,10.9571,10.9808,1977315
1990-02-05,11.1049,11.2526,11.0556,11.2033,2494198
1990-02-06,11.2762,11.3747,11.2033,11.2762,2127792
1990-02-07,11.3018,11.6209,11.2526,11.5480,2342510
1990-02-08,11.6701,11.7686,11.5480,11.5973,2420088
1990-02-09,11.7194,11.7194,11.5224,11.5717,2429263
1990-02-12,11.5480,11.5480,11.4003,11.4239,1621299
1990-02-13,11.4003,11.5480,11.2762,11.5224,1746494
1990-02-14,11.5224,11.6957,11.5224,11.6465,1254893
1990-02-15,11.5717,11.6465,11.5717,11.6209,1539049
1990-02-16,11.6209,11.6209,11.4988,11.5224,1554633
1990-02-20,11.4239,11.4495,11.2270,11.3511,1573506
1990-02-21,11.2033,11.4495,11.1777,11.4003,2798614
1990-02-22,11.4988,11.5717,11.3747,11.4003,2876191
1990-02-23,11.2762,11.3747,11.1285,11.2270,3787532
1990-02-26,11.2762,11.4495,11.2033,11.4495,3047792
1990-02-27,11.5717,11.7942,11.5480,11.7942,4686925
1990-02-28,11.9163,12.1882,11.8927,12.1626,5398442
1990-03-01,12.0641,12.0897,11.9420,11.9420,6784416
1990-03-02,12.0148,12.4088,11.9420,12.4088,4316536
1990-03-05,12.3595,12.3851,12.0897,12.0897,4044847
1990-03-06,12.0897,12.1626,11.9420,12.1389,2737662
1990-03-07,12.1389,12.3359,12.1389,12.2610,2926062
1990-03-08,12.3595,12.7534,12.3595,12.6806,5338182
1990-03-09,12.5072,12.6550,12.4088,12.5821,3379740
1990-03-12,12.5205,12.7181,12.4948,12.6924,2318442
1990-03-13,12.6430,12.7675,12.6193,12.7418,4144763
1990-03-14,12.8405,12.9393,12.7418,12.8899,4374545
1990-03-15,13.0381,13.0875,12.9156,13.0875,2746321
1990-03-16,13.1863,13.7295,13.1863,13.4826,7081906
1990-03-19,13.2356,13.8046,13.2356,13.8046,3716883
1990-03-20,13.7295,13.7552,13.5576,13.6801,4584763
1990-03-21,13.6307,13.6564,13.4332,13.4589,2376971
1990-03-22,13.3601,13.4589,12.8899,13.0638,4732295
1990-03-23,13.0638,13.1625,13.0144,13.0638,2617662
1990-03-26,13.2119,13.2850,13.1625,13.1625,1335757
1990-03-27,13.2119,13.3838,13.1863,13.3838,2757230
1990-03-28,13.3107,13.3344,13.1863,13.2613,3275844
1990-03-29,13.1369,13.3344,13.1369,13.3344,1866494
1990-03-30,13.0381,13.0875,12.8405,12.8405,7812468
1990-04-02,12.8168,13.1132,12.7675,13.0381,3731256
1990-04-03,13.0638,13.1369,12.9650,13.1132,2735412
1990-04-04,13.1863,13.2613,13.0381,13.1625,2877230
1990-04-05,13.1132,13.1625,12.9887,13.0144,1744588
1990-04-06,13.0144,13.0144,12.7912,12.8662,1275497
1990-04-09,12.8168,12.8405,12.6687,12.6924,1379393
1990-04-10,12.6924,13.5813,12.4711,13.5320,11465107
1990-04-11,13.7295,13.7295,13.4826,13.6307,3870302
1990-04-12,13.6564,13.8777,13.5576,13.6564,3015584
1990-04-16,13.7295,13.7295,13.3601,13.3838,1706841
1990-04-17,13.2613,13.5813,13.2613,13.5576,1718789
1990-04-18,13.5083,13.5576,13.2613,13.4095,2155844
1990-04-19,13.3601,13.6564,13.3601,13.5083,3077750
1990-04-20,13.5083,13.6070,13.4095,13.4826,2372468
1990-04-23,13.2850,13.3107,13.0875,13.1625,2333334
1990-04-24,13.1863,13.2850,13.1625,13.1863,1601211
1990-04-25,13.1863,13.3838,13.1132,13.3344,2401731
1990-04-26,13.4332,13.4826,13.3107,13.3344,1686753
1990-04-27,13.3107,13.3107,13.0381,13.0875,1716016
1990-04-30,13.0638,13.3107,13.0381,13.2850,1398442
1990-05-01,13.4332,13.6070,13.3838,13.5813,2589438
1990-05-02,13.6070,14.2234,13.6070,14.1246,4015584
1990-05-03,14.2234,14.2234,13.9033,13.9527,2334026
1990-05-04,14.0258,14.0515,13.7295,13.9527,3228224
1990-05-07,13.9764,14.3221,13.9764,14.3221,5203809
1990-05-08,14.2728,14.2984,14.1740,14.2728,2656104
1990-05-09,14.2984,14.4960,14.2491,14.3478,3012295
1990-05-10,14.4960,14.7666,14.4960,14.7429,4266494
1990-05-11,14.5197,15.1617,14.2234,15.0629,8047792
1990-05-14,15.0392,15.1874,14.8160,14.8160,3015584
1990-05-15,14.6935,14.8654,14.6442,14.7666,4302165
1990-05-16,14.7923,14.7923,14.4209,14.6442,2627360
1990-05-17,14.7666,15.0136,14.7666,14.9899,4021299
1990-05-18,15.0136,15.2368,14.8654,15.1380,3731256
1990-05-21,15.0886,15.5074,15.0629,15.4343,4450390
1990-05-22,15.6062,15.8038,15.4580,15.7544,4210909
1990-05-23,15.6813,15.8531,15.6062,15.8038,2979393
1990-05-24,15.8038,16.5939,15.7050,16.5446,7557403
1990-05-25,16.2739,16.3727,15.8531,15.9519,6830302
1990-05-29,16.1001,16.2739,16.0507,16.2482,3570390
1990-05-30,16.3964,16.4458,16.1751,16.1988,4790302
1990-05-31,16.1988,16.5446,16.0507,16.3727,3339049
1990-06-01,16.4952,16.5208,16.1001,16.1988,3312555
1990-06-04,16.2976,16.7678,16.1495,16.7678,3591688
1990-06-05,16.7678,16.9890,16.2739,16.3470,5139568
1990-06-06,16.2482,16.8409,16.1988,16.4458,4738529
1990-06-07,16.4715,16.9653,16.4715,16.9653,5407792
1990-06-08,16.8903,16.9159,16.3964,16.4952,3372987
1990-06-11,16.3842,16.7069,16.3842,16.5327,2497662
1990-06-12,16.6812,16.9782,16.6317,16.9049,3438442
1990-06-13,16.8554,17.2752,16.8297,17.1524,6023377
1990-06-14,17.2019,17.3247,17.0039,17.1267,3333159
1990-06-15,17.1029,17.3009,17.1029,17.1524,4022510
1990-06-18,17.1029,17.2257,17.0039,17.0039,2920867
1990-06-19,16.7564,16.8554,16.6574,16.8297,5800000
1990-06-20,17.0772,17.2257,17.0039,17.0277,3793938
1990-06-21,17.1267,17.4989,17.0277,17.4494,3838094
1990-06-22,17.4237,17.4494,16.9287,17.0277,5223377
1990-06-25,17.1029,17.1029,16.6079,16.6574,3297662
1990-06-26,16.7564,16.8297,15.9387,16.0377,6037230
1990-06-27,16.2614,16.5089,16.0872,16.4594,4168831
1990-06-28,16.5822,16.5822,16.3347,16.4832,2583204
1990-06-29,16.5089,16.6812,16.4594,16.5584,1390302
1990-07-02,16.6079,16.8297,16.6079,16.8059,1499393
1990-07-03,16.8297,17.0277,16.8059,16.9287,3086234
1990-07-05,16.8792,16.8792,16.6812,16.7307,2192727
1990-07-06,16.5822,16.8792,16.5822,16.8554,1291601
1990-07-09,16.8297,16.9287,16.8059,16.9287,2340260
1990-07-10,16.9287,17.2752,16.9049,16.9287,2455757
1990-07-11,17.0277,17.1267,16.7802,17.1029,3358442
1990-07-12,17.2257,17.2752,16.8554,17.1029,3526753
1990-07-13,17.1524,17.3247,17.1524,17.1762,3002945
1990-07-16,17.2257,17.3999,17.1524,17.2752,1634458
1990-07-17,17.3504,17.4732,17.2514,17.4494,2819740
1990-07-18,17.3999,17.4494,16.9544,17.0039,4398094
1990-07-19,16.9287,16.9287,16.5327,16.7802,3071341
1990-07-20,16.7307,16.7802,15.6912,16.1367,5565714
1990-07-23,15.9644,15.9882,14.8497,15.7665,7240347
1990-07-24,15.8160,15.8160,15.0240,15.3705,6712555
1990-07-25,15.2457,15.7902,15.2457,15.7902,5352036
1990-07-26,16.0139,16.2357,15.8892,15.9882,4797750
1990-07-27,16.0377,16.0377,15.8655,15.8892,1511516
1990-07-30,15.7407,15.8655,15.6417,15.7902,1706146
1990-07-31,15.7665,16.1862,15.7407,16.1129,1890042
1990-08-01,16.0872,16.3604,15.7902,15.9149,1994458
1990-08-02,15.4695,15.6675,15.3447,15.4695,2947360
1990-08-03,15.0972,15.2457,14.0577,15.1230,8042770
1990-08-06,13.9587,14.6517,13.9587,14.3805,6770562
1990-08-07,14.6775,14.8992,14.4042,14.4042,4145974
1990-08-08,14.3805,15.0972,14.3805,15.0477,2977835
1990-08-09,15.0477,15.1962,14.8755,14.9745,2225974
1990-08-10,14.9745,15.0735,14.8002,14.8260,1973334
1990-08-13,14.8260,15.1230,14.8002,15.0972,2878442
1990-08-14,14.9982,15.0240,14.8260,14.9250,1725714
1990-08-15,14.9745,14.9982,14.7270,14.8002,1864068
1990-08-16,14.7012,14.7765,14.4042,14.4537,1970390
1990-08-17,14.2815,14.3805,14.0340,14.2320,2835844
1990-08-20,14.2557,14.3547,13.7370,13.7865,3437750
1990-08-21,13.4638,13.5628,13.2163,13.3153,5459393
1990-08-22,13.4638,13.6380,13.2658,13.3648,4337143
1990-08-23,12.7708,13.1925,12.6975,12.8460,5311860
1990-08-24,12.9945,13.5885,12.9945,13.5390,7253506
1990-08-27,14.0082,14.2062,13.9587,14.0577,4406753
1990-08-28,14.1072,14.3547,13.9350,14.2815,2509091
1990-08-29,14.1330,14.2557,14.0835,14.1330,3425107
1990-08-30,14.1567,14.2320,13.8597,13.8855,1970909
1990-08-31,13.9092,14.2320,13.7865,14.2320,1033075
1990-09-04,14.1330,14.2557,13.8597,14.0835,2095065
1990-09-05,13.9845,14.0577,13.6875,13.6875,2291429
1990-09-06,13.0678,13.0935,12.1768,12.1768,13105974
1990-09-07,12.2758,12.4243,12.0045,12.1273,5836191
1990-09-10,12.3139,12.3893,12.1152,12.1649,4178010
1990-09-11,12.2404,12.2642,11.8431,11.8928,6394977
1990-09-12,11.9921,12.1411,11.8173,12.0914,4420432
1990-09-13,12.3139,12.4886,12.1152,12.1907,3014026
1990-09-14,12.1649,12.5125,12.0914,12.5125,3302857
1990-09-17,12.3893,12.7607,12.3893,12.5621,2957750
1990-09-18,12.3635,12.4628,12.0656,12.2642,5302685
1990-09-19,12.2642,12.2900,12.0159,12.1152,4211948
1990-09-20,12.0159,12.0914,11.8431,11.9425,2656104
1990-09-21,11.9663,11.9663,11.7935,11.9166,2570042
1990-09-24,11.8173,11.8431,11.5194,11.7438,3093159
1990-09-25,11.8173,12.2642,11.8173,12.1907,2484503
1990-09-26,12.2642,12.3893,12.0418,12.0418,2667013
1990-09-27,12.2146,12.2900,11.8928,11.9425,3788052
1990-09-28,11.7677,12.5879,11.7677,12.5125,4102857
1990-10-01,12.7369,13.1580,12.6118,13.1341,4310130
1990-10-02,13.1341,13.3566,13.0348,13.2076,3762250
1990-10-03,13.1341,13.1838,12.7111,12.7111,2024416
1990-10-04,12.2642,12.3139,11.9921,12.0159,5591516
1990-10-05,11.6684,12.1907,11.6684,12.0159,3955325
1990-10-08,12.1649,12.1649,11.8670,11.8670,2744068
1990-10-09,10.3278,10.8243,10.3039,10.4767,21693854
1990-10-10,10.4767,10.8501,10.3039,10.5264,8533159
1990-10-11,10.6515,10.7250,10.5264,10.6018,6294545
1990-10-12,10.7746,11.0229,10.4529,10.8739,5537490
1990-10-15,10.9991,11.0487,10.6515,10.8004,4032208
1990-10-16,10.8243,10.9732,10.6753,10.8004,2827880
1990-10-17,10.8004,10.9494,10.6753,10.7250,3623204
1990-10-18,10.8739,11.0984,10.7746,11.0984,6651081
1990-10-19,11.4201,11.4201,10.0557,10.2046,17872208
1990-10-22,10.2543,10.7011,10.1788,10.5760,5937835
1990-10-23,10.7746,11.0229,10.7250,10.8004,4274633
1990-10-24,10.6753,10.8243,10.6257,10.8004,2208659
1990-10-25,10.8243,10.8997,10.7011,10.7011,1794633
1990-10-26,10.6515,10.7508,10.6257,10.6257,1857315
1990-10-29,10.6515,10.8004,10.3536,10.4767,2551516
1990-10-30,10.5264,10.7011,10.4032,10.6515,2545802
1990-10-31,10.7508,10.8004,10.6257,10.7011,1263377
1990-11-01,10.7250,11.1222,10.7011,11.0487,2736623
1990-11-02,11.0984,11.4956,11.0984,11.4698,3013334
1990-11-05,11.4698,11.5452,11.3208,11.5194,2018701
1990-11-06,11.5194,11.7438,11.4956,11.5452,2528659
1990-11-07,11.4698,11.4956,10.8739,10.9236,2516016
1990-11-08,10.7011,10.7746,10.5522,10.7746,4854718
1990-11-09,10.8739,11.1222,10.7250,11.0487,2126062
1990-11-12,11.0984,11.4459,11.0229,11.4459,2084156
1990-11-13,11.4956,11.4956,11.2473,11.4201,2248312
1990-11-14,11.4459,11.4698,10.9236,11.1222,6351341
1990-11-15,10.8501,10.8739,10.3278,10.3774,8984068
1990-11-16,10.3774,10.4767,10.1550,10.2543,3741646
1990-11-19,10.3774,10.4032,10.2046,10.2046,2726753
1990-11-20,10.2781,10.2781,10.1053,10.2046,3767964
1990-11-21,10.1788,10.4767,10.1788,10.4271,3058182
1990-11-23,10.5025,10.6257,10.4529,10.5264,1313419
1990-11-26,10.4767,10.6257,10.3278,10.5264,3467705
1990-11-27,10.6018,10.8243,10.5760,10.8243,4194114
1990-11-28,10.8501,10.8997,10.7250,10.7250,2841558
1990-11-29,10.7746,10.9732,10.7011,10.7011,2568831
1990-11-30,9.8570,10.1053,9.7577,10.0298,18586146
1990-12-03,10.3278,10.4271,10.1053,10.3278,7243809
1990-12-04,10.3536,10.7746,10.3278,10.7746,4030997
1990-12-05,10.7746,10.9236,10.6753,10.9236,4016104
1990-12-06,11.1480,11.1718,10.5264,10.7250,5105627
1990-12-07,10.7011,10.7011,10.3278,10.4271,6550649
1990-12-10,10.4149,10.5644,10.4149,10.4906,3624416
1990-12-11,10.3909,10.5404,10.3152,10.3152,4335412
1990-12-12,10.3152,10.5404,10.2155,10.4647,5502510
1990-12-13,10.5404,10.7896,10.0660,10.0660,10025802
1990-12-14,9.9664,10.0162,9.8169,9.9425,8746321
1990-12-17,9.9425,10.1159,9.9165,10.0660,4231516
1990-12-18,10.1418,10.2654,9.9664,10.1418,3708919
1990-12-19,10.0660,10.1418,9.9425,10.0660,4691601
1990-12-20,10.0162,10.2654,9.9664,10.2155,3800692
1990-12-21,10.3411,10.5644,10.2654,10.4906,4052295
1990-12-24,10.4906,10.6142,10.4647,10.4647,1247964
1990-12-26,10.4906,10.6401,10.4408,10.6142,1166406
1990-12-27,10.5404,10.5903,10.4149,10.4149,949783
1990-12-28,10.4149,10.4408,10.3909,10.4408,2442425
1990-12-31,10.3909,10.5145,10.3909,10.4408,1343896
1991-01-02,10.3909,10.5644,10.3650,10.3650,2255237
1991-01-03,10.3909,10.4647,10.2415,10.2415,2773334
1991-01-04,10.2415,10.2415,10.0421,10.1916,2736623
1991-01-07,10.0660,10.2654,10.0421,10.1916,2370217
1991-01-08,10.2155,10.2654,9.9165,10.0421,4295237
1991-01-09,10.1159,10.1657,9.7431,9.7671,6007273
1991-01-10,9.7930,10.0660,9.7172,10.0660,3931081
1991-01-11,10.0660,10.1657,9.3684,9.5179,15893159
1991-01-14,9.3684,9.7172,9.3684,9.6435,3680692
1991-01-15,9.6176,9.6674,9.4681,9.6176,1816451
1991-01-16,9.5677,9.9425,9.5677,9.8926,3923117
1991-01-17,9.7172,9.7431,9.1192,9.1451,18803809
1991-01-18,9.1192,9.5438,9.1192,9.4681,7958269
1991-01-21,9.3943,9.6176,9.3445,9.4940,3399828
1991-01-22,9.5677,9.8428,9.5179,9.5677,4118442
1991-01-23,9.6674,9.9664,9.6435,9.8428,2737143
1991-01-24,9.9165,10.1657,9.8926,10.1418,3585455
1991-01-25,10.1657,10.2155,9.8428,9.9165,4578354
1991-01-28,9.9664,10.0660,9.9425,10.0162,2012815
1991-01-29,10.0162,10.1916,9.9923,10.1657,2660779
1991-01-30,10.1159,10.6899,10.1159,10.5644,5618529
1991-01-31,10.5644,10.9132,10.4906,10.9132,4387705
1991-02-01,10.8634,11.1623,10.7139,10.8634,6236536
1991-02-04,10.9630,11.3378,10.9132,11.3118,4754633
1991-02-05,11.3118,11.6367,11.2122,11.5112,5802250
1991-02-06,11.4613,11.6108,11.3118,11.3118,3849523
1991-02-07,11.3876,11.4613,11.1125,11.1883,4943724
1991-02-08,11.1883,11.2381,11.0128,11.0627,3192555
1991-02-11,11.1125,11.8102,11.0886,11.8102,5052815
1991-02-12,11.6367,11.9597,11.3876,11.4115,8421127
1991-02-13,11.4374,12.1590,11.3378,12.1590,5759133
1991-02-14,12.2586,12.3344,11.7364,11.7364,5079133
1991-02-15,11.8859,12.1351,11.8102,11.9597,4415932
1991-02-19,11.8859,12.5078,11.8600,12.5078,3356883
1991-02-20,12.4341,12.4839,12.2846,12.2846,3963289
1991-02-21,12.2347,12.3344,12.1092,12.2088,2111688
1991-02-22,12.2088,12.8566,12.2088,12.5836,5503029
1991-02-25,12.7829,12.7829,12.4580,12.5337,2223724
1991-02-26,12.1590,12.3085,12.1092,12.1092,4410737
1991-02-27,12.1590,12.3583,12.1092,12.1849,3535932
1991-02-28,12.3583,12.3583,11.9098,11.9357,3689351
1991-03-01,11.9597,12.3344,11.8859,12.3085,3057662
1991-03-04,12.3085,12.3085,12.1590,12.1590,2097315
1991-03-05,12.2088,12.8566,12.2088,12.6573,3950130
1991-03-06,12.9324,13.1317,12.7071,12.8068,6135412
1991-03-07,12.8068,12.9324,12.6832,12.8825,2036536
1991-03-08,13.0560,13.0560,12.7570,12.8327,3368312
1991-03-11,12.7462,12.7962,12.3464,12.3464,2417835
1991-03-12,12.3963,12.5223,12.0224,12.0464,3335065
1991-03-13,12.1964,12.3963,12.1224,12.3464,2619912
1991-03-14,12.4963,12.6962,12.3963,12.5223,3275325
1991-03-15,12.5463,12.5463,12.1964,12.3224,2939912
1991-03-18,12.2724,12.4463,12.0964,12.2224,2956016
1991-03-19,11.9225,12.0724,11.9225,11.9965,3469438
1991-03-20,11.9465,11.9725,11.6226,11.6466,2962770
1991-03-21,11.7225,11.7725,11.4466,11.5226,4303204
1991-03-22,11.5966,11.6466,11.4226,11.4466,2737662
1991-03-25,11.4466,11.6226,11.3466,11.3966,3168484
1991-03-26,11.3966,11.4966,11.2967,11.4726,4167273
1991-03-27,11.5966,11.8225,11.5966,11.6725,4406062
1991-03-28,11.6725,11.7225,11.4466,11.4466,2375932
1991-04-01,11.4466,11.4966,11.1727,11.2727,2486753
1991-04-02,11.3466,11.4726,11.3227,11.4726,2713594
1991-04-03,11.7465,11.8465,11.6466,11.7225,3108224
1991-04-04,11.7965,11.9725,11.6965,11.8225,4544588
1991-04-05,11.9465,11.9465,11.5466,11.5466,3256276
1991-04-08,11.5966,11.6226,11.2727,11.3466,2349438
1991-04-09,11.3227,11.4726,11.1967,11.2227,3055932
1991-04-10,12.0224,12.5963,12.0224,12.5723,13800867
1991-04-11,12.6463,12.7722,12.3963,12.5723,5524847
1991-04-12,12.6463,12.7222,12.4963,12.6463,4827705
1991-04-15,12.6723,12.7722,12.3963,12.6962,2367273
1991-04-16,12.6463,12.9462,12.5223,12.9462,2612468
1991-04-17,12.8962,13.2961,12.8722,13.1461,5991860
1991-04-18,13.0961,13.4460,13.0961,13.2461,4267185
1991-04-19,13.2721,13.2721,12.9462,12.9962,1889351
1991-04-22,12.9722,13.0461,12.7722,12.7722,1807273
1991-04-23,12.8462,12.8722,12.6223,12.8462,1978354
1991-04-24,12.9462,12.9462,12.7462,12.9462,2192727
1991-04-25,12.8722,13.2721,12.7962,13.1461,2753247
1991-04-26,13.0721,13.0721,12.8462,12.8962,2122078
1991-04-29,13.0961,13.2461,12.9962,12.9962,1993419
1991-04-30,13.1961,13.2721,12.8462,12.9462,2967445
1991-05-01,12.8962,12.8962,12.5463,12.7462,4066666
1991-05-02,12.9222,12.9222,12.5963,12.6223,2218010
1991-05-03,12.6463,12.6723,12.4463,12.5723,2821471
1991-05-06,12.5223,12.6463,12.4963,12.6223,1668919
1991-05-07,12.6463,12.6962,12.4223,12.4723,1821127
1991-05-08,12.4723,12.5463,12.3464,12.4463,1447101
1991-05-09,12.6962,12.9722,12.6723,12.9462,1931948
1991-05-10,12.9722,13.0222,12.6962,12.7462,1980779
1991-05-13,12.8722,13.0721,12.7462,13.0721,1923289
1991-05-14,12.9722,12.9962,12.6223,12.6723,1661990
1991-05-15,12.5723,12.6962,12.3723,12.5463,3250042
1991-05-16,12.6223,12.8962,12.5463,12.8462,1838269
1991-05-17,12.7962,12.9722,12.7222,12.9722,1722250
1991-05-20,12.9462,13.0721,12.8962,13.0461,1335237
1991-05-21,13.0461,13.2221,13.0222,13.0721,3818010
1991-05-22,13.2221,13.4720,13.1961,13.3221,3103549
1991-05-23,13.3960,13.4220,13.2961,13.3960,2356364
1991-05-24,13.4220,13.7459,13.3960,13.6720,2626321
1991-05-28,13.7459,14.0458,13.7219,14.0219,4488831
1991-05-29,13.8219,13.8219,13.6460,13.6960,2797403
1991-05-30,13.6720,13.8459,13.6720,13.7959,4591688
1991-05-31,13.8959,14.2458,13.8459,14.2458,6125542
1991-06-03,14.1218,14.1718,13.9459,14.0958,3498701
1991-06-04,13.9459,13.9719,13.7219,13.8959,2479308
1991-06-05,13.9219,13.9219,13.6460,13.7219,2691776
1991-06-06,13.6720,13.8459,13.6220,13.6960,2089870
1991-06-07,13.4960,13.4960,13.1961,13.3221,3743377
1991-06-10,13.3347,13.3608,13.0600,13.1101,1901471
1991-06-11,13.0841,13.0841,12.9096,12.9597,2484503
1991-06-12,12.7331,12.7833,12.5828,12.7331,3668744
1991-06-13,12.7091,13.0841,12.7091,13.0099,2668224
1991-06-14,13.0841,13.2846,13.0600,13.0600,2219740
1991-06-17,13.0841,13.1342,12.9838,12.9838,979049
1991-06-18,12.9337,13.1843,12.9337,13.0339,1177315
1991-06-19,12.9096,12.9337,12.7592,12.9096,1394977
1991-06-20,12.8835,13.1342,12.8835,13.0841,1232899
1991-06-21,13.1101,13.2344,13.0600,13.2344,1935932
1991-06-24,13.1342,13.2104,12.9337,12.9597,1598269
1991-06-25,13.1342,13.1603,13.0339,13.1101,1843984
1991-06-26,13.1843,13.6114,13.1101,13.5854,2344243
1991-06-27,13.5352,13.5854,13.1843,13.2104,1495412
1991-06-28,13.0600,13.3848,13.0600,13.3347,2114458
1991-07-01,13.3848,13.5854,13.3848,13.5613,1914114
1991-07-02,13.5112,13.5854,13.2846,13.4109,2229958
1991-07-03,13.2104,13.2344,13.0099,13.0600,3052987
1991-07-05,13.0841,13.1843,13.0600,13.1342,1413334
1991-07-08,12.9597,13.3347,12.9096,13.2104,2434458
1991-07-09,13.2344,13.2344,12.8835,13.0099,3445195
1991-07-10,12.8835,12.9096,12.5086,12.7091,7027880
1991-07-11,12.6590,12.9838,12.6590,12.9096,2699740
1991-07-12,13.0099,13.0841,12.8334,12.9337,2494198
1991-07-15,12.9597,13.0339,12.8595,13.0339,2605023
1991-07-16,13.0841,13.0841,12.9096,12.9597,2104763
1991-07-17,12.9597,13.0099,12.9096,12.9838,1469610
1991-07-18,12.9838,13.2104,12.9838,13.1843,3121906
1991-07-19,13.1843,13.1843,12.9597,13.0099,1502857
1991-07-22,13.0339,13.0841,12.9096,12.9838,1053159
1991-07-23,12.9838,13.0099,12.7091,12.7331,1392555
1991-07-24,12.7833,12.7833,12.5086,12.5326,2491256
1991-07-25,12.4825,12.8093,12.4324,12.7833,2521731
1991-07-26,12.7833,12.7833,12.6590,12.7091,573159
1991-07-29,12.7091,12.8093,12.6329,12.8093,963636
1991-07-30,12.9096,13.1101,12.8595,13.0339,1312208
1991-07-31,12.9838,13.0841,12.8835,13.0600,1094026
1991-08-01,13.0600,13.3347,12.9838,13.2344,2089870
1991-08-02,13.3106,13.3347,13.1843,13.2605,2463724
1991-08-05,13.2846,13.2846,13.0600,13.0841,526581
1991-08-06,13.1101,13.3848,13.0841,13.3608,1813506
1991-08-07,13.3106,13.3848,12.9597,13.0600,1426494
1991-08-08,13.1342,13.2104,12.8595,12.9337,2230477
1991-08-09,12.9838,13.0600,12.9096,13.0099,1216971
1991-08-12,13.0099,13.0841,12.9337,13.0339,891776
1991-08-13,13.0841,13.2104,13.0339,13.1101,1132468
1991-08-14,13.2605,13.6355,13.2104,13.6355,3858182
1991-08-15,13.7358,13.9363,13.6856,13.7117,2562597
1991-08-16,13.5854,13.7117,13.2846,13.3848,1749263
1991-08-19,12.7833,12.9838,12.7331,12.9337,3237922
1991-08-20,13.0099,13.0339,12.9096,12.9838,1270822
1991-08-21,13.2605,13.6355,13.1843,13.5854,2587705
1991-08-22,13.6355,13.6856,13.4610,13.6114,1779221
1991-08-23,13.5613,13.8120,13.5613,13.7117,2894545
1991-08-26,13.6355,13.6856,13.5613,13.6114,1489698
1991-08-27,13.5854,13.6114,13.4851,13.5613,836711
1991-08-28,13.3848,13.6856,13.3848,13.6616,1084156
1991-08-29,13.6355,13.7117,13.6114,13.6856,1112380
1991-08-30,13.7117,13.7117,13.5613,13.6616,490390
1991-09-03,13.7117,13.7358,13.6355,13.6355,1537315
1991-09-04,13.6114,13.6355,13.3347,13.3848,826321
1991-09-05,13.4109,13.4109,13.1603,13.1603,1301818
1991-09-06,13.2344,13.2344,13.0339,13.2344,1082425
1991-09-09,13.2344,13.3106,13.1342,13.2104,1069263
1991-09-10,13.1225,13.1487,12.9214,12.9978,1538010
1991-09-11,13.0722,13.0722,12.8973,12.8973,620088
1991-09-12,12.9476,13.0481,12.8973,13.0481,884328
1991-09-13,12.9978,12.9978,12.6700,12.7203,3156364
1991-09-16,12.7203,12.7706,12.4689,12.6459,3152380
1991-09-17,12.5956,12.7464,12.3945,12.5453,2378701
1991-09-18,12.4186,12.5956,12.3945,12.5453,1444328
1991-09-19,12.5192,12.6962,12.4186,12.5192,2698701
1991-09-20,12.5695,12.5695,12.2678,12.3442,3234458
1991-09-23,12.3442,12.3684,12.1170,12.3181,3210390
1991-09-24,12.3181,12.3442,12.2175,12.2939,1369698
1991-09-25,12.2939,12.3181,12.1672,12.2678,791341
1991-09-26,12.2678,12.5453,12.2175,12.3684,2826666
1991-09-27,12.3684,12.4951,12.1672,12.1672,3297143
1991-09-30,12.1934,12.2437,11.9159,11.9159,3425802
1991-10-01,11.9661,11.9923,11.7409,11.7650,3481386
1991-10-02,11.8153,11.8656,11.6645,11.8153,4043636
1991-10-03,11.8153,11.8656,11.6403,11.6403,3191341
1991-10-04,11.6142,11.6142,11.2884,11.4131,4468744
1991-10-07,11.4131,11.4392,11.1376,11.1617,7395497
1991-10-08,11.1617,11.2622,10.8600,11.2622,6314633
1991-10-09,11.2622,11.6645,11.2622,11.6142,6313938
1991-10-10,11.7147,11.9159,11.7147,11.8656,3560172
1991-10-11,11.8917,11.8917,11.7650,11.8656,2052468
1991-10-14,11.9420,12.0667,11.9420,12.0164,2243117
1991-10-15,12.0667,12.2175,11.9661,12.1672,3256276
1991-10-16,12.2175,12.3684,12.1170,12.3442,2300088
1991-10-17,12.3684,12.6459,12.3442,12.5192,4153419
1991-10-18,12.5695,12.5956,12.2939,12.2939,1761906
1991-10-21,12.3442,12.5956,12.3442,12.5695,2389091
1991-10-22,12.4689,12.9214,12.4689,12.8209,3700779
1991-10-23,12.8973,12.9214,12.8209,12.8711,1549958
1991-10-24,13.0220,13.0481,12.6700,12.6962,2381646
1991-10-25,12.6962,12.7706,12.4448,12.5695,1854373
1991-10-28,12.5695,12.6700,12.4689,12.5453,981990
1991-10-29,12.5956,12.7706,12.5453,12.6700,2198442
1991-10-30,12.6700,12.7706,12.5956,12.7203,1864763
1991-10-31,12.7967,12.8973,12.6459,12.6459,2259912
1991-11-01,12.6962,12.7464,12.3684,12.4448,2262685
1991-11-04,12.4448,12.4448,12.2437,12.2678,1443117
1991-11-05,12.2678,12.4186,12.0667,12.0667,1531601
1991-11-06,12.0928,12.1934,12.0426,12.1170,1332815
1991-11-07,12.2437,12.2437,11.9923,12.0164,2610217
1991-11-08,12.0667,12.1934,12.0667,12.1170,1443117
1991-11-11,12.1431,12.3181,12.1170,12.3181,829263
1991-11-12,12.6700,12.7203,12.5695,12.6459,1829091
1991-11-13,12.5695,12.9476,12.5453,12.8209,2605023
1991-11-14,12.7967,12.8209,12.5956,12.6962,1184068
1991-11-15,12.6197,12.6197,12.1672,12.1934,2325367
1991-11-18,12.2175,12.3442,12.1672,12.2678,2131256
1991-11-19,11.9661,12.2175,11.9661,12.2175,3162597
1991-11-20,12.2437,12.3181,12.2175,12.2175,1635497
1991-11-21,12.0928,12.2437,12.0667,12.2175,1925542
1991-11-22,12.1934,12.1934,11.9923,12.0928,1326062
1991-11-25,12.0928,12.2175,12.0928,12.1934,1112380
1991-11-26,12.2437,12.3181,12.0426,12.1170,2237403
1991-11-27,12.0667,12.1170,11.9923,12.0426,2423029
1991-11-29,11.9923,12.0426,11.9661,11.9923,759133
1991-12-02,11.8656,12.1672,11.8153,12.1431,2050217
1991-12-03,12.1170,12.1431,11.9661,12.0164,2570562
1991-12-04,12.0426,12.0667,11.8414,11.8656,1727445
1991-12-05,11.7912,11.8153,11.6142,11.6142,2882945
1991-12-06,11.5639,11.8153,11.5639,11.7409,3250562
1991-12-09,11.7650,11.8656,11.7147,11.7409,1601731
1991-12-10,11.7280,11.9802,11.7280,11.9802,1272555
1991-12-11,12.0811,12.1053,11.9540,12.0811,1205886
1991-12-12,12.1557,12.2324,12.1315,12.1820,2252987
1991-12-13,12.2828,12.2828,12.0549,12.1053,1606925
1991-12-16,12.1053,12.1053,11.9802,11.9802,839481
1991-12-17,11.9298,11.9540,11.7785,11.8027,1988224
1991-12-18,11.8531,11.8531,11.7522,11.7785,2061646
1991-12-19,11.7785,11.8793,11.7018,11.7280,1210042
1991-12-20,12.0044,12.0044,11.7280,11.7522,2684847
1991-12-23,11.7522,12.5855,11.7280,12.4846,2066321
1991-12-24,12.3575,12.5592,12.3575,12.4584,1907705
1991-12-26,12.4079,12.9123,12.4079,12.8619,2423549
1991-12-27,12.8619,12.8619,12.6864,12.8114,3056971
1991-12-30,12.8619,13.1141,12.8114,12.9890,3638269
1991-12-31,13.0394,13.2149,13.0394,13.1645,2800347
1992-01-02,13.0899,13.2149,12.9628,13.2149,2442425
1992-01-03,13.2149,13.3421,13.1907,13.2654,2986321
1992-01-06,13.1141,13.4671,13.1141,13.3663,3313766
1992-01-07,13.3663,13.8464,13.2654,13.7960,2934718
1992-01-08,13.6447,13.9978,13.5680,13.9715,3354458
1992-01-09,14.0220,14.5021,13.9715,14.4759,4899393
1992-01-10,14.3750,14.4517,14.1491,14.3246,2698010
1992-01-13,14.1228,14.2237,14.0482,14.1733,3038614
1992-01-14,14.0724,14.3246,13.8202,14.2500,4505974
1992-01-15,14.7281,15.9144,14.7281,15.6622,13009351
1992-01-16,15.5856,16.0657,15.3596,15.9891,8627360
1992-01-17,15.8640,16.1162,15.7631,16.1162,7352899
1992-01-20,15.9386,15.9649,15.7873,15.8882,3244156
1992-01-21,15.7369,15.9891,15.6360,15.7873,4910302
1992-01-22,15.6360,16.0657,15.6360,16.0395,3560692
1992-01-23,16.0657,16.0900,15.5614,15.5614,3739393
1992-01-24,15.4605,15.6864,15.4343,15.4847,1700951
1992-01-27,15.5856,15.7873,15.5351,15.7631,2150130
1992-01-28,15.8136,15.8640,15.5614,15.5614,3169003
1992-01-29,15.5856,15.7127,15.2587,15.3334,2077230
1992-01-30,15.2325,15.3596,15.0812,15.3334,2811256
1992-01-31,15.4100,15.5614,15.3596,15.4605,2144416
1992-02-03,15.3838,15.5109,15.2829,15.3334,1779740
1992-02-04,15.3092,15.6118,15.2587,15.5856,2700432
1992-02-05,15.7127,16.0395,15.5351,15.8882,4009870
1992-02-06,15.8378,16.0900,15.7873,15.9386,2172468
1992-02-07,16.0657,16.3179,16.0153,16.1908,4589263
1992-02-10,16.2171,16.4430,16.1666,16.3422,3318961
1992-02-11,16.2171,16.2413,15.8882,16.1666,3251081
1992-02-12,16.1162,16.4430,16.0395,16.4188,3681386
1992-02-13,16.5197,16.6448,16.2917,16.3684,2318442
1992-02-14,16.2675,16.3684,16.1908,16.3422,1733854
1992-02-18,16.3422,16.4188,16.2171,16.2171,2345455
1992-02-19,16.2171,16.2675,16.1162,16.2413,1748052
1992-02-20,16.3422,16.4430,16.2171,16.4430,1836536
1992-02-21,16.3422,16.5439,16.3422,16.3422,1760172
1992-02-24,16.3422,16.4188,15.9386,15.9386,1470130
1992-02-25,15.8378,15.8882,15.4847,15.5614,2826146
1992-02-26,15.5614,15.7873,15.4100,15.6622,4021818
1992-02-27,15.6622,15.8882,15.5109,15.6118,1289870
1992-02-28,15.6360,15.7369,15.3334,15.3334,1427013
1992-03-02,15.3334,15.5109,15.2083,15.4847,1407620
1992-03-03,15.6118,15.7873,15.5614,15.6360,1674633
1992-03-04,15.6118,15.6360,15.4343,15.4343,1387532
1992-03-05,15.4100,15.5614,15.2083,15.3838,1214545
1992-03-06,15.3838,15.4343,15.1821,15.1821,1650562
1992-03-09,15.1821,15.2083,14.8290,14.8794,1653334
1992-03-10,14.9676,15.3215,14.9676,15.2204,1979049
1992-03-11,15.2204,15.2710,14.8664,14.8927,2681386
1992-03-12,15.1456,15.1961,15.0181,15.0181,3944243
1992-03-13,15.1193,15.2973,14.9433,15.2467,1272555
1992-03-16,15.2204,15.2710,15.0687,15.2467,872899
1992-03-17,15.3215,15.4995,15.2973,15.4227,1429958
1992-03-18,15.5744,15.8272,15.4995,15.7766,2104243
1992-03-19,15.7766,15.9546,15.6249,15.6755,1603984
1992-03-20,15.6755,15.8778,15.3721,15.7018,2401211
1992-03-23,15.7018,15.7523,15.5744,15.7261,1983549
1992-03-24,15.7766,15.8778,15.7261,15.7766,1652295
1992-03-25,15.7523,16.0295,15.7261,15.7523,2646925
1992-03-26,15.7766,15.8778,15.6249,15.8535,1525367
1992-03-27,15.7766,15.7766,15.2204,15.2710,2530909
1992-03-30,15.2710,15.3215,15.1961,15.2204,1823896
1992-03-31,15.1193,15.3215,15.1193,15.2204,1370737
1992-04-01,15.1456,15.1961,15.0181,15.1456,1799828
1992-04-02,15.1193,15.1456,14.7916,14.8664,2209870
1992-04-03,14.8422,14.8927,14.7410,14.8422,1573506
1992-04-06,14.8422,15.1698,14.8159,15.0950,1739568
1992-04-07,15.2204,15.2973,14.7916,14.7916,2199481
1992-04-08,14.7916,15.2467,14.7410,15.1698,2141471
1992-04-09,15.2204,15.3721,15.1456,15.2204,1696451
1992-04-10,15.2973,15.2973,14.7916,14.9939,2253506
1992-04-13,14.9676,15.0687,14.9170,15.0687,2074286
1992-04-14,15.0687,15.7261,15.0687,15.3721,2335065
1992-04-15,16.3591,16.5857,16.1063,16.5857,8489003
1992-04-16,16.5857,16.5857,16.2823,16.5351,3205714
1992-04-20,16.3591,16.5108,16.2823,16.3591,2090390
1992-04-21,16.3086,16.3328,16.0800,16.2074,1541990
1992-04-22,16.1306,16.1569,15.9283,16.1306,1674114
1992-04-23,16.1063,16.3086,15.8029,16.3086,2328831
1992-04-24,16.2823,16.2823,15.9546,16.0052,1058354
1992-04-27,15.9040,16.0052,15.8778,15.9040,1280000
1992-04-28,15.8029,15.9283,15.7261,15.7766,1012987
1992-04-29,15.8272,16.1569,15.7523,16.0557,1425974
1992-04-30,16.0800,16.3834,15.9789,16.2823,2234633
1992-05-01,16.2580,16.2823,15.9789,16.1569,875153
1992-05-04,16.1063,16.5108,16.1063,16.3834,1922770
1992-05-05,16.4603,16.9396,16.4340,16.7879,2572295
1992-05-06,16.8648,16.8648,16.5614,16.5857,1636191
1992-05-07,16.5857,16.7374,16.5351,16.5857,1417835
1992-05-08,16.5614,16.6120,16.4097,16.6120,1477055
1992-05-11,16.6625,16.6868,16.4845,16.4845,1292640
1992-05-12,16.5351,16.5351,16.1063,16.3328,2738873
1992-05-13,16.3834,16.3834,16.1811,16.3328,923984
1992-05-14,16.3086,16.3086,15.9040,16.0052,1858354
1992-05-15,15.9546,15.9789,15.8535,15.8778,1690737
1992-05-18,15.9283,15.9789,15.6755,15.7018,1006581
1992-05-19,15.7261,15.9789,15.7018,15.9789,2347705
1992-05-20,15.9040,16.0295,15.8535,15.9546,2857143
1992-05-21,15.9546,16.0052,15.7523,15.8535,2414893
1992-05-22,15.7523,15.9040,15.7261,15.9040,1521906
1992-05-26,15.8778,15.8778,15.7523,15.8535,990649
1992-05-27,15.8778,16.0295,15.8535,15.9040,1365542
1992-05-28,15.9283,16.3086,15.8272,16.2823,2837575
1992-05-29,16.3086,16.3834,16.1306,16.1811,2013506
1992-06-01,16.1063,16.1063,15.9283,15.9789,837922
1992-06-02,15.9040,16.0800,15.8778,16.0557,1228399
1992-06-03,16.0557,16.2823,16.0295,16.1811,1316883
1992-06-04,16.1811,16.3328,16.1306,16.3086,2500432
1992-06-05,16.2823,16.6868,16.2823,16.6362,2298354
1992-06-08,16.5857,16.6868,16.4845,16.6362,1533334
1992-06-09,16.6242,16.6506,16.3972,16.5735,1930737
1992-06-10,16.5735,16.5735,16.1944,16.1944,2214545
1992-06-11,16.1681,16.1681,15.9917,16.1681,3141471
1992-06-12,16.1944,16.3201,16.1944,16.2188,2014545
1992-06-15,16.0667,16.2958,16.0667,16.2451,1602770
1992-06-16,16.2694,16.2694,15.9410,15.9653,1143896
1992-06-17,15.9410,15.9410,15.3571,15.3835,2198442
1992-06-18,15.3328,15.4585,15.2314,15.3835,2475844
1992-06-19,15.3835,15.5599,15.3065,15.3571,1888312
1992-06-22,15.3571,15.3571,15.0530,15.2051,2323636
1992-06-23,15.2051,15.6369,15.1301,15.1544,2667705
1992-06-24,15.1037,15.2314,15.0530,15.1301,1063029
1992-06-25,15.2314,15.3571,15.1037,15.2314,3911516
1992-06-26,15.2314,15.4849,15.2051,15.4585,1803289
1992-06-29,15.3571,15.6369,15.3571,15.5862,3381471
1992-06-30,15.6106,15.6106,15.5355,15.5355,1435153
1992-07-01,15.5862,15.7119,15.5355,15.6876,2044503
1992-07-02,15.6369,15.7383,15.4078,15.5355,1869958
1992-07-06,15.4849,15.4849,15.2558,15.3571,3308571
1992-07-07,15.3571,15.4849,15.3065,15.3328,1472380
1992-07-08,15.3065,15.5092,15.3065,15.5092,1432208
1992-07-09,15.5599,15.7890,15.5355,15.6876,2497143
1992-07-10,15.7890,15.8903,15.7383,15.8133,1387532
1992-07-13,15.7890,16.0931,15.7626,16.0160,1903204
1992-07-14,16.0424,16.3972,16.0424,16.2451,2789958
1992-07-15,16.5735,16.8270,16.5492,16.7763,6726925
1992-07-16,16.7519,16.9790,16.6242,16.9790,4071860
1992-07-17,16.8270,16.8776,16.7256,16.8270,2527445
1992-07-20,16.5735,16.8026,16.4478,16.8026,3987360
1992-07-21,16.7519,16.7763,16.6749,16.7013,1401211
1992-07-22,16.5999,16.6506,16.4985,16.5229,1600519
1992-07-23,16.5229,16.8776,16.5229,16.8776,2080172
1992-07-24,16.8776,17.0560,16.8533,16.9547,3340088
1992-07-27,16.9040,16.9790,16.6242,16.7256,2286753
1992-07-28,16.7256,17.0560,16.7256,17.0054,3665802
1992-07-29,17.1067,17.3338,17.0804,17.2324,5096451
1992-07-30,17.1817,17.2081,17.0804,17.1574,2174373
1992-07-31,17.1574,17.4108,17.1574,17.3602,3092120
1992-08-03,17.3095,17.7899,17.2831,17.7393,2861818
1992-08-04,17.6379,17.6886,17.5872,17.6379,2540779
1992-08-05,17.7393,17.8670,17.6379,17.6379,3383724
1992-08-06,17.5122,17.5872,17.3095,17.4858,2225974
1992-08-07,17.3338,17.3845,17.1311,17.1574,4089698
1992-08-10,17.1067,17.1574,16.9790,17.1067,2826146
1992-08-11,17.1574,17.3602,17.1067,17.3095,2649178
1992-08-12,17.2831,17.5122,17.2588,17.4108,4184416
1992-08-13,17.5365,17.5365,17.3338,17.3845,2134026
1992-08-14,17.4352,17.4615,17.3095,17.3338,2057662
1992-08-17,17.2324,17.3845,17.2324,17.2324,1172120
1992-08-18,17.2324,17.2831,17.2081,17.2831,1904416
1992-08-19,17.2324,17.2831,16.9547,17.0054,1495932
1992-08-20,17.0054,17.2081,16.9790,17.2081,2192036
1992-08-21,17.2324,17.3338,17.1817,17.2588,3792208
1992-08-24,17.1574,17.2831,17.0804,17.0804,2718094
1992-08-25,17.1067,17.3338,16.9040,17.2588,3019740
1992-08-26,17.2588,17.6379,17.2324,17.5629,2644156
1992-08-27,17.6886,17.7149,17.5365,17.5872,1419049
1992-08-28,17.5629,17.5629,17.3338,17.4108,1539740
1992-08-31,17.4352,17.4352,17.3095,17.3095,900432
1992-09-01,17.3095,17.5365,17.3095,17.5365,1937143
1992-09-02,17.6136,18.0190,17.5629,18.0190,3467705
1992-09-03,18.0190,18.2461,17.9177,18.1954,4864935
1992-09-04,18.0434,18.0941,17.7899,17.8406,2461471
1992-09-08,17.8670,17.8670,17.5629,17.6886,2435672
1992-09-09,17.6252,17.9808,17.6252,17.8548,2622857
1992-09-10,17.9808,18.3871,17.9300,18.3628,5087792
1992-09-11,18.3120,18.3628,18.2348,18.2855,3041558
1992-09-14,18.4135,18.4887,18.2612,18.2855,2425802
1992-09-15,18.2855,18.2855,18.0072,18.1332,1838269
1992-09-16,18.1840,18.5903,18.1332,18.2855,5099393
1992-09-17,18.4379,18.4643,18.2104,18.2348,1937143
1992-09-18,18.2612,18.2855,18.2348,18.2855,2013506
1992-09-21,18.2612,18.2612,18.1332,18.1840,1099221
1992-09-22,18.1840,18.1840,17.9300,18.0072,1083636
1992-09-23,17.9808,18.0316,17.9056,17.9564,1977835
1992-09-24,17.9808,18.0072,17.7776,17.8284,2407964
1992-09-25,17.8284,17.8284,17.3469,17.4729,4144763
1992-09-28,17.3713,17.5237,17.3713,17.4729,2229438
1992-09-29,17.4221,17.8284,17.3977,17.7268,2363809
1992-09-30,17.6760,17.8792,17.6760,17.8284,2057143
1992-10-01,17.8040,17.8284,17.5744,17.6009,3121386
1992-10-02,17.5744,17.6517,17.5237,17.5744,2328140
1992-10-05,17.3977,17.7776,16.8125,17.7776,4812120
1992-10-06,17.8284,18.2348,17.8284,18.0072,5107360
1992-10-07,18.0580,18.2612,18.0072,18.2348,2936451
1992-10-08,18.1840,18.5395,18.1840,18.4643,3598094
1992-10-09,18.3871,18.4643,18.2348,18.2855,2186841
1992-10-12,18.2855,18.3363,18.0316,18.1840,2465974
1992-10-13,18.2855,18.5395,18.2612,18.4887,6210042
1992-10-14,18.3871,18.6411,18.3628,18.5659,4431341
1992-10-15,18.4643,18.9459,18.4135,18.7935,3177143
1992-10-16,18.7935,19.1247,18.6919,19.1247,2429263
1992-10-19,19.2262,19.5046,19.1247,19.1754,5053854
1992-10-20,19.3786,19.7850,19.3278,19.5554,8118442
1992-10-21,19.6570,19.8601,19.6062,19.7586,3558442
1992-10-22,19.8093,19.8358,19.5310,19.6570,3540607
1992-10-23,19.6062,19.6326,19.3522,19.3522,3147185
1992-10-26,19.3278,19.7850,19.3278,19.7342,2358094
1992-10-27,19.6326,19.8093,19.5554,19.6834,4058010
1992-10-28,19.5554,19.7850,19.5046,19.7850,5125714
1992-10-29,19.7078,19.9617,19.6062,19.7586,2323636
1992-10-30,19.6570,19.7342,19.4538,19.5046,2262165
1992-11-02,19.4294,19.5310,19.3786,19.3786,2042770
1992-11-03,19.3786,19.6834,19.2770,19.6062,4637575
1992-11-04,19.5554,19.7078,19.2506,19.5818,3403289
1992-11-05,19.6062,19.9109,19.6062,19.9109,3186841
1992-11-06,19.9109,19.9109,19.5818,19.5818,1763117
1992-11-09,19.5818,19.8601,19.4538,19.7850,2171429
1992-11-10,19.9109,20.5977,19.9109,20.5977,6689003
1992-11-11,20.4961,20.5977,20.2665,20.3173,3470477
1992-11-12,20.1405,20.2929,19.8866,19.9617,3642250
1992-11-13,19.9881,20.0897,19.9373,20.0389,2243809
1992-11-16,20.0389,20.0897,19.8093,19.8358,1852640
1992-11-17,19.6326,19.7586,19.3786,19.3786,2836536
1992-11-18,19.4030,19.9109,19.4030,19.9109,4440000
1992-11-19,19.9109,20.2421,19.9109,20.0633,3062165
1992-11-20,20.2157,20.3437,20.1141,20.2421,3754805
1992-11-23,20.2929,20.3437,19.9373,19.9881,1667705
1992-11-24,19.9373,20.4189,19.9373,20.3437,3140260
1992-11-25,20.2929,20.3681,20.1649,20.3173,2137490
1992-11-27,20.3173,20.4961,20.2665,20.3681,1539740
1992-11-30,20.4697,20.9532,20.4697,20.9024,2548224
1992-12-01,20.8760,21.2072,20.8008,21.1564,2673938
1992-12-02,21.0548,21.0548,20.7500,20.8252,2550997
1992-12-03,20.9024,21.0284,20.6484,20.7744,2957750
1992-12-04,20.9024,21.1056,20.5977,21.0548,2873766
1992-12-07,21.0548,21.4347,20.8760,21.2580,3660607
1992-12-08,21.2316,21.3331,21.1564,21.3331,1702165
1992-12-09,21.2767,21.4559,20.9204,21.0487,3836364
1992-12-10,20.9978,20.9978,20.7677,20.9713,2929523
1992-12-11,20.8960,20.9469,20.6924,20.7677,2378182
1992-12-14,20.7677,20.8695,20.7168,20.7433,1810217
1992-12-15,20.6659,20.6659,20.3361,20.4114,2761906
1992-12-16,20.4114,20.9204,20.4114,20.7168,3189091
1992-12-17,20.8695,21.3785,20.8186,21.3032,3534198
1992-12-18,21.4294,21.5312,21.3032,21.3276,2770390
1992-12-21,21.1749,21.3032,20.9978,21.0222,2432727
1992-12-22,20.9978,21.0996,20.8960,20.9713,2332815
1992-12-23,20.9978,21.4803,20.9713,21.2523,1663204
1992-12-24,21.2767,21.3785,21.1749,21.2014,650042
1992-12-28,21.1505,21.3032,21.1240,21.3032,912555
1992-12-29,21.3276,21.6595,21.2767,21.4294,2501127
1992-12-30,21.4803,21.5068,21.2523,21.4294,1693506
1992-12-31,21.5068,21.5312,21.0731,21.2767,996364
1993-01-04,21.1749,21.4294,20.9713,21.0487,2434977
1993-01-05,21.0996,21.6330,20.9978,21.5312,3364328
1993-01-06,21.6839,22.1421,21.6839,22.0158,6168659
1993-01-07,22.0912,22.4230,21.9894,22.2439,5136623
1993-01-08,21.9894,22.3457,21.8367,22.2948,3945455
1993-01-11,22.1930,23.0074,22.1930,22.9565,3861646
1993-01-12,22.8547,22.9829,22.3966,22.6775,4716191
1993-01-13,22.4475,23.1601,22.4475,22.8811,5787880
1993-01-14,23.5164,25.1208,23.5164,25.0943,17753938
1993-01-15,24.6871,25.3488,24.2799,24.6871,11358789
1993-01-18,24.4835,25.0943,24.1272,24.9925,5500260
1993-01-19,24.6892,25.6542,24.5344,25.0964,2378096
1993-01-20,24.9946,25.0964,24.5874,24.6362,3224416
1993-01-21,24.4856,25.4018,24.3308,24.9946,3563291
1993-01-22,25.1982,25.1982,23.8747,24.0783,6057317
1993-01-25,24.4326,25.0964,23.9765,24.8928,4879135
1993-01-26,24.8398,24.8398,23.9236,24.0254,5981818
1993-01-27,24.0254,24.0254,23.0603,23.3657,7026148
1993-01-28,23.1621,23.2110,21.9894,22.7549,9984416
1993-01-29,22.3477,22.3966,19.8515,20.7677,38205541
1993-02-01,21.3785,21.9894,20.8695,21.8876,18844502
1993-02-02,21.8876,22.2459,21.6839,22.0912,10327446
1993-02-03,22.2459,22.4495,22.0423,22.1441,9148917
1993-02-04,22.4984,22.7020,22.2459,22.2948,6814891
1993-02-05,22.1930,22.5513,21.6839,21.7369,5272381
1993-02-08,21.6351,22.2459,21.6351,21.8876,3882943
1993-02-09,22.1930,22.1930,21.7858,21.8876,4283117
1993-02-10,22.2459,22.7549,22.2459,22.7549,4934719
1993-02-11,23.2110,23.2110,22.7549,22.8038,4368485
1993-02-12,22.6002,22.7549,22.0912,22.2459,3157748
1993-02-16,22.2948,22.2948,21.2767,21.4315,5236537
1993-02-17,21.4803,22.2948,21.4803,22.1930,4941645
1993-02-18,22.8038,22.8038,22.2948,22.7020,5155671
1993-02-19,22.8567,23.7729,22.7020,23.6711,4253852
1993-02-22,23.4675,23.7200,22.7020,22.7020,3342683
1993-02-23,22.9585,23.2110,22.7549,23.1092,2310995
1993-02-24,23.0603,23.8747,22.9585,23.8218,3362771
1993-02-25,23.8218,24.1272,23.4146,23.5693,2723636
1993-02-26,24.1272,24.1272,23.6711,23.9236,2450216
1993-03-01,23.8218,23.9236,22.8038,23.1092,2917403
1993-03-02,23.5164,23.7200,23.2639,23.6182,4236709
1993-03-03,23.7729,24.5344,23.7200,24.4326,4606234
1993-03-04,24.5874,24.5874,23.9236,24.1801,3197748
1993-03-05,24.1801,25.3488,23.9236,24.5344,4152208
1993-03-08,24.1272,25.3488,24.1272,25.2470,3583377
1993-03-09,25.2917,25.5977,25.2428,25.3448,4436883
1993-03-10,25.1898,25.8017,24.9858,25.8017,3512208
1993-03-11,26.0586,26.3646,25.8017,26.1076,5495584
1993-03-12,25.6997,26.5155,25.6997,26.5155,4046927
1993-03-15,26.4666,26.6705,26.2096,26.6705,3462164
1993-03-16,26.5686,27.1274,26.4135,26.9235,4039654
1993-03-17,26.7195,26.7725,26.0056,26.1076,5178528
1993-03-18,26.2096,26.6175,25.9567,26.4135,3347359
1993-03-19,26.4666,26.4666,25.4957,25.4957,3721558
1993-03-22,24.9858,25.4468,24.9368,25.3448,4158787
1993-03-23,25.4957,25.9036,25.4957,25.8017,2017143
1993-03-24,25.8017,26.2626,25.6997,26.1076,2693506
1993-03-25,26.2096,26.9235,26.1606,26.8215,3080865
1993-03-26,26.7725,27.1274,26.5155,26.6175,2409177
1993-03-29,26.5686,26.9765,26.2626,26.3646,3820953
1993-03-30,26.4135,27.3314,26.3116,27.2294,2553420
1993-03-31,27.2294,27.3844,26.9765,27.0254,3656104
1993-04-01,27.1274,27.1274,26.5686,26.5686,2373852
1993-04-02,26.3646,26.4666,25.5487,25.5977,4384242
1993-04-05,25.8547,26.7725,25.8017,26.7195,2452294
1993-04-06,27.1274,27.3314,26.9235,27.0785,2878961
1993-04-07,27.0785,27.8413,26.9765,27.8413,4090735
1993-04-08,27.8413,28.4532,27.6373,28.0453,3196364
1993-04-12,28.4043,29.3710,28.2492,29.3710,3968658
1993-04-13,29.9340,30.5459,28.6082,29.0651,10381299
1993-04-14,29.4241,29.8810,29.1181,29.7790,5039307
1993-04-15,29.6770,29.9340,29.5261,29.7790,3668745
1993-04-16,29.6770,29.7790,28.9142,29.0161,3742511
1993-04-19,28.6082,28.8611,28.1473,28.8122,3711169
1993-04-20,29.0161,29.7300,28.9631,29.7300,3160174
1993-04-21,29.5261,29.9340,29.3221,29.4241,2724156
1993-04-22,29.1671,29.9829,29.1181,29.5750,2772468
1993-04-23,29.3710,29.4730,28.7592,28.8122,4303031
1993-04-26,29.1671,29.3710,27.9963,28.2003,3691255
1993-04-27,28.2003,28.6082,27.9963,28.4532,2910304
1993-04-28,28.2492,28.8122,28.2492,28.6082,1835498
1993-04-29,28.6082,29.6280,28.6082,29.4730,3408831
1993-04-30,29.5750,29.9829,29.2691,29.7790,2365888
1993-05-03,29.7790,30.4929,29.5261,30.1869,2506494
1993-05-04,30.2399,30.8518,30.2399,30.6968,3321732
1993-05-05,30.5948,31.6147,30.4439,31.5657,6314805
1993-05-06,31.5127,31.5657,31.1048,31.2598,3253506
1993-05-07,31.1048,31.4637,30.8518,31.2067,3041213
1993-05-10,31.3618,31.8186,31.1578,31.5127,2551342
1993-05-11,31.5127,31.7167,31.1048,31.4637,3133161
1993-05-12,31.1048,31.3618,30.8518,31.0028,2613333
1993-05-13,30.8518,30.9008,30.1380,30.3419,3005368
1993-05-14,30.2399,30.5459,30.0849,30.4929,2206234
1993-05-17,30.7499,31.0028,30.7499,30.9538,2111169
1993-05-18,31.1048,32.1246,31.1048,31.8186,3732641
1993-05-19,32.3286,32.7895,31.8717,32.6875,4059567
1993-05-20,32.7895,32.8385,32.1246,32.3816,2398615
1993-05-21,32.3286,32.3286,31.3618,31.7697,2021818
1993-05-24,31.7697,32.6875,31.7167,32.6875,2139221
1993-05-25,32.6345,32.7365,32.1246,32.1246,1483982
1993-05-26,32.5325,33.8093,32.3816,33.7074,3237403
1993-05-27,33.8583,34.0133,33.4504,33.5523,2392554
1993-05-28,33.5523,33.5523,32.4836,33.0424,2300953
1993-06-01,33.4504,34.5722,33.4014,34.1153,2972294
1993-06-02,34.0133,34.4702,33.8583,34.4212,1938008
1993-06-03,34.0623,35.0821,34.0623,34.7272,3091255
1993-06-04,34.6252,35.2861,34.5722,35.1351,2360865
1993-06-07,35.3880,35.8979,34.8292,34.8292,3375239
1993-06-08,34.7761,34.8781,34.0623,34.4702,2200174
1993-06-09,34.5164,34.5164,33.2910,33.4952,4494026
1993-06-10,33.4952,34.0058,33.3441,33.9568,2832727
1993-06-11,34.2101,34.5164,34.1080,34.5164,3214372
1993-06-14,34.6717,34.9249,34.5164,34.5695,1785974
1993-06-15,34.7207,35.0801,34.1080,34.1611,3220779
1993-06-16,34.3653,34.3653,32.9356,33.8016,4403291
1993-06-17,33.8547,34.1611,33.5483,33.8016,2651602
1993-06-18,33.6995,33.9568,33.0377,33.0868,2622857
1993-06-21,33.2420,33.8016,33.0377,33.4952,2560865
1993-06-22,33.8016,34.3122,33.6995,34.1080,1895930
1993-06-23,34.0058,34.2101,33.6505,33.6995,1774200
1993-06-24,33.7526,34.4674,33.7526,34.1611,2250909
1993-06-25,34.3122,35.1823,34.2632,35.1823,2357576
1993-06-28,35.3865,36.2034,35.3334,35.9992,3479481
1993-06-29,35.6397,35.8971,35.4886,35.5376,2480174
1993-06-30,35.7950,35.8971,35.5907,35.6928,2340606
1993-07-01,35.8971,36.1013,35.0801,35.1291,2756364
1993-07-02,35.1291,35.2844,34.7738,35.2313,2160693
1993-07-06,35.4355,35.5907,34.0058,34.1611,3090390
1993-07-07,34.2632,34.2632,33.6995,34.0589,2932641
1993-07-08,34.0589,35.1291,34.0589,34.5695,2685368
1993-07-09,34.3653,35.2313,34.2101,35.0270,1516018
1993-07-12,35.2844,35.6397,34.6186,35.4886,3240519
1993-07-13,35.8440,36.7631,35.7950,36.5588,6394112
1993-07-14,36.7140,37.0204,36.5588,36.5588,4071342
1993-07-15,36.5588,36.6119,36.0482,36.2525,2934719
1993-07-16,35.9992,36.1013,35.2313,35.3334,3062511
1993-07-19,35.1291,35.2844,34.1611,34.5695,5533506
1993-07-20,34.9249,35.5376,34.8228,35.4355,4568658
1993-07-21,35.5376,36.1503,35.2313,35.6928,3009351
1993-07-22,35.7419,36.2034,35.2844,35.4886,2347359
1993-07-23,35.3334,36.1503,35.3334,36.0482,1968312
1993-07-26,36.3546,36.8162,36.3546,36.8162,2642597
1993-07-27,36.9183,37.1225,36.2525,36.4077,2009177
1993-07-28,36.4077,36.8652,36.3056,36.3546,2447619
1993-07-29,36.4077,36.6119,36.1013,36.4567,2896797
1993-07-30,36.3546,37.3268,36.2525,37.0204,2538701
1993-08-02,36.8162,38.6012,36.8162,38.5522,4116364
1993-08-03,38.6543,38.8586,38.0906,38.6543,2698875
1993-08-04,38.6012,39.7776,38.3970,39.2139,4685021
1993-08-05,39.2139,39.7776,39.1118,39.5203,3058182
1993-08-06,39.5203,39.9288,39.3161,39.3161,2544070
1993-08-09,39.8267,40.2351,38.9607,39.0097,4059221
1993-08-10,39.0097,39.3161,38.6012,38.8055,2378701
1993-08-11,39.5203,39.5734,39.2139,39.2139,2987532
1993-08-12,39.4713,39.5203,38.7033,39.2670,1600174
1993-08-13,39.3692,39.4713,39.0628,39.2670,1574026
1993-08-16,39.3692,40.1330,39.2139,39.6224,2512901
1993-08-17,39.6224,40.3372,39.1649,40.0840,3117922
1993-08-18,40.3372,40.4925,39.1118,39.2139,3040346
1993-08-19,39.2670,39.7245,38.7033,39.2670,2580606
1993-08-20,39.2139,39.5203,39.0097,39.1649,2638961
1993-08-23,39.1649,39.6224,39.1118,39.2670,3047792
1993-08-24,39.2670,39.9288,38.8586,39.7245,3131602
1993-08-25,39.7776,39.9288,38.4991,38.8055,3609870
1993-08-26,38.8055,38.9076,37.8374,38.5522,3512381
1993-08-27,38.4991,39.3161,38.2949,39.0628,1712554
1993-08-30,39.1649,39.7245,39.0628,39.4182,1781472
1993-08-31,39.5203,39.7776,39.1649,39.1649,1805195
1993-09-01,39.1649,39.2670,38.6543,38.8055,1972641
1993-09-02,38.8055,39.1649,38.8055,38.8055,1297489
1993-09-03,38.8055,38.8586,38.3480,38.6543,1252813
1993-09-07,38.6012,38.6543,37.3758,37.6821,1691255
1993-09-08,37.5310,37.7352,36.2034,37.5800,5489870
1993-09-09,37.6241,38.4420,37.6241,38.3398,8253852
1993-09-10,38.5974,38.9532,38.1353,38.5974,3143722
1993-09-13,38.8019,38.9042,37.5219,37.5750,2082597
1993-09-14,37.2152,37.2152,36.6549,36.9616,4112901
1993-09-15,36.9616,38.3398,36.9084,38.0331,3704242
1993-09-16,38.2375,38.2907,37.6241,37.8286,1467878
1993-09-17,37.3174,38.1353,37.3174,37.5219,3252294
1993-09-20,37.8818,38.7487,37.8818,38.3398,2841558
1993-09-21,38.1353,38.5974,37.5219,37.7264,4297489
1993-09-22,38.2375,39.0555,38.0862,38.8510,4474459
1993-09-23,39.1577,40.3355,39.1577,40.1801,4282078
1993-09-24,40.1310,40.9489,39.8734,40.6913,4108917
1993-09-27,40.9489,41.9182,40.9489,41.9182,4127619
1993-09-28,42.2249,42.9937,41.9182,42.7361,4401732
1993-09-29,42.5316,42.9406,41.4070,41.5624,3352208
1993-09-30,41.4601,42.0204,40.7935,41.3047,2764675
1993-10-01,41.2557,41.4070,40.7445,40.8958,3192208
1993-10-04,40.8958,41.5092,40.8958,41.2557,1789437
1993-10-05,41.7137,41.7137,39.9265,40.3846,4530390
1993-10-06,40.3846,41.3047,40.2823,40.2823,3935239
1993-10-07,40.3846,40.4377,39.4644,39.5667,3318615
1993-10-08,39.8734,41.2025,39.1086,41.1003,2909437
1993-10-11,41.3047,41.8691,39.7711,40.2823,4768138
1993-10-12,42.4294,42.5316,41.5624,42.3271,6179047
1993-10-13,41.7137,42.2249,41.3047,42.0204,3755151
1993-10-14,42.2249,42.9406,42.2249,42.6870,3284675
1993-10-15,43.0428,43.6072,42.8383,43.3495,3484502
1993-10-18,43.6562,43.9630,43.0960,43.3004,3266148
1993-10-19,43.0960,43.2473,41.1534,41.5092,3865628
1993-10-20,41.6646,42.1226,40.9489,41.7137,3547532
1993-10-21,41.7137,42.5316,40.9980,42.1758,3384935
1993-10-22,42.1226,42.3271,41.1003,42.1226,3456450
1993-10-25,41.9182,42.0736,41.2557,41.7669,3270304
1993-10-26,41.8691,42.4825,41.6646,42.2249,1865628
1993-10-27,41.8159,43.3495,41.8159,43.1982,2812641
1993-10-28,42.2781,42.7361,41.7669,42.7361,4501992
1993-10-29,42.4294,43.3495,42.3803,42.8383,1915498
1993-11-01,42.8915,43.1450,42.4294,42.7361,1551515
1993-11-02,42.5316,42.5848,42.0204,42.2249,2155325
1993-11-03,42.0204,42.0204,40.4868,40.6422,6003636
1993-11-04,40.5891,41.0512,38.5443,39.6689,6883810
1993-11-05,39.3622,40.5400,39.0555,40.4868,4687446
1993-11-08,40.4377,41.0512,40.2823,40.3846,1971602
1993-11-09,40.8958,41.5624,40.6913,40.7935,3765368
1993-11-10,41.2025,42.1226,41.2025,42.0736,3768312
1993-11-11,42.1758,43.4518,42.1758,42.5316,4189610
1993-11-12,42.3271,42.4294,41.8159,42.1226,2144416
1993-11-15,41.9713,41.9713,40.8467,41.2557,2754112
1993-11-16,41.1003,41.7137,40.7445,41.6646,2988398
1993-11-17,41.6646,42.0736,40.1310,40.7935,3974545
1993-11-18,40.4868,40.4868,38.8510,39.1086,7239826
1993-11-19,38.6997,39.6689,38.6997,39.2599,4505974
1993-11-22,38.7487,39.0555,37.8286,38.2375,5710649
1993-11-23,38.4952,39.2599,37.8818,39.2109,4893161
1993-11-24,39.3622,39.6198,39.2109,39.4153,2207619
1993-11-26,39.7711,39.7711,39.2599,39.3131,810735
1993-11-29,39.1577,39.2109,37.8286,38.1353,3887792
1993-11-30,38.0331,38.9532,38.0331,38.3398,3342164
1993-12-01,38.9532,39.0064,38.3398,38.4952,3264070
1993-12-02,38.6997,39.1577,38.3398,39.1577,3535065
1993-12-03,39.2599,39.5667,39.0064,39.3131,0
1993-12-06,37.6773,38.5443,37.5219,38.4952,6952381
1993-12-07,38.4420,38.6997,37.9308,38.4952,3642252
1993-12-08,38.3930,38.9042,38.2375,38.4420,2215930
1993-12-09,38.1814,38.2346,37.0554,37.2601,4728658
1993-12-10,37.4649,37.6205,36.3921,36.3921,4564849
1993-12-13,36.3389,36.8016,36.3389,36.7483,3261992
1993-12-14,36.9039,37.0554,36.4412,36.8016,2387013
1993-12-15,36.8016,37.0063,36.3921,36.7483,2544935
1993-12-16,36.8016,36.8507,35.9294,36.5436,4136797
1993-12-17,36.5436,36.9531,35.7247,35.8271,4440000
1993-12-20,35.7247,35.9294,34.8034,34.8034,3634286
1993-12-21,35.0614,35.7247,34.7011,35.4176,4797576
1993-12-22,35.5200,36.5436,35.5200,36.4412,2897317
1993-12-23,36.8507,37.0554,36.6460,36.9531,2358615
1993-12-27,37.2601,37.4157,36.9531,37.4157,1971255
1993-12-28,37.6696,38.0299,37.4649,37.6205,2638096
1993-12-29,37.4649,37.9275,37.4649,37.6205,2220779
1993-12-30,37.5181,37.9275,37.4157,37.9275,1422683
1993-12-31,38.0790,38.3861,37.7720,37.7720,1365541
1994-01-03,37.6696,37.6696,36.2365,36.2897,4576969
1994-01-04,36.5968,36.5968,35.9294,36.1341,4030130
1994-01-05,36.1341,37.1578,35.4176,36.9039,5305800
1994-01-06,37.0063,37.4649,36.4412,36.6992,2575758
1994-01-07,36.7483,36.8016,36.0318,36.6992,4250216
1994-01-10,36.9039,37.4649,36.6992,37.0554,3769177
1994-01-11,37.2110,37.8743,37.1086,37.7720,2770390
1994-01-12,38.4885,39.1027,38.3861,38.7956,5872554
1994-01-13,38.5417,40.1263,38.4885,40.1263,3525021
1994-01-14,40.5358,41.1008,40.3843,40.5358,7832208
1994-01-17,40.5358,41.0476,40.5358,40.5358,2406927
1994-01-18,40.9984,41.3055,40.7405,41.2523,3400693
1994-01-19,40.8428,41.6126,40.7405,41.6126,4144242
1994-01-20,41.6126,42.1736,41.2523,42.0221,4019567
1994-01-21,42.0712,42.0712,41.2523,41.4570,4601904
1994-01-24,41.5594,42.2759,41.4079,41.6618,4960000
1994-01-25,41.5594,41.8173,41.4570,41.6618,2544935
1994-01-26,41.4079,41.8173,40.9984,41.5594,1953247
1994-01-27,41.5594,41.9197,41.4079,41.4079,1693506
1994-01-28,41.8173,41.8173,40.9984,40.9984,2844502
1994-01-31,41.1008,41.1008,40.2819,40.3310,6114979
1994-02-01,40.2287,41.3547,40.0239,41.3547,4037576
1994-02-02,41.3547,41.5594,40.9452,41.4079,3703896
1994-02-03,41.3547,41.3547,40.6381,40.6381,2259914
1994-02-04,40.4334,40.6913,39.0003,39.0003,4025281
1994-02-07,39.1027,39.9216,39.1027,39.4098,4543377
1994-02-08,39.5121,41.3055,39.4630,41.0476,4347532
1994-02-09,42.0712,42.0712,40.8961,40.9984,6670304
1994-02-10,40.7937,41.4570,40.5358,40.6381,3882597
1994-02-11,40.6381,40.7405,39.9748,40.3310,1830823
1994-02-14,40.3310,41.0476,40.3310,40.6381,2923810
1994-02-15,40.8961,41.6618,40.7937,41.5103,4570044
1994-02-16,41.6126,42.9925,41.6126,42.7877,6123636
1994-02-17,42.7877,43.3528,41.8665,42.2268,6144589
1994-02-18,42.1736,42.8901,41.3055,42.4807,3648485
1994-02-22,42.5830,43.9670,42.1244,43.8114,3762597
1994-02-23,43.8114,43.9137,43.0948,43.3528,3618701
1994-02-24,43.0948,43.0948,42.1736,42.1736,4168312
1994-02-25,42.5830,42.6854,42.2268,42.2759,2219740
1994-02-28,42.3783,43.1972,41.8173,41.8173,3286234
1994-03-01,41.9688,42.3292,41.1499,42.3292,4472381
1994-03-02,41.7641,43.5043,41.5103,43.4019,5533852
1994-03-03,43.1972,43.5575,42.8410,42.9925,3222164
1994-03-04,43.2996,43.5575,42.6854,42.8901,4997922
1994-03-07,43.4552,43.7090,42.7877,42.9433,3497143
1994-03-08,43.0457,44.0161,42.6854,43.6599,3887446
1994-03-09,44.2779,44.4337,43.5605,44.4337,3848658
1994-03-10,44.2779,44.3312,43.1505,43.4088,3810563
1994-03-11,43.4580,43.8680,43.2038,43.3063,2590304
1994-03-14,43.8680,44.0730,43.6138,43.8680,2788571
1994-03-15,43.9705,44.9462,43.8680,44.5362,3622338
1994-03-16,44.4829,44.9954,44.3312,44.8437,2747532
1994-03-17,44.5854,44.8929,44.3312,44.8929,2124329
1994-03-18,44.5362,44.7412,44.2779,44.3804,3597748
1994-03-21,44.3312,44.8929,44.2288,44.2288,2324156
1994-03-22,44.3804,44.4337,44.0238,44.0238,1633766
1994-03-23,44.2288,44.2288,43.6138,43.6630,2104761
1994-03-24,43.6138,43.7655,42.3305,43.1013,4395844
1994-03-25,43.0480,43.0480,41.5106,41.7156,2894719
1994-03-28,42.1255,42.4863,41.0514,42.4863,3643463
1994-03-29,42.3838,42.4330,40.8956,41.1539,2875498
1994-03-30,40.6906,41.3589,39.8707,40.2314,5608658
1994-03-31,40.5881,41.5106,39.4115,41.5106,5328485
1994-04-04,40.5389,41.9739,40.3831,41.4081,4871515
1994-04-05,42.0764,43.0480,42.0231,42.8963,5095930
1994-04-06,42.9988,43.7655,42.6380,43.6138,3212987
1994-04-07,43.5605,43.7655,43.1505,43.7163,2396190
1994-04-08,43.4580,44.2779,43.4088,43.4580,3079654
1994-04-11,43.0480,44.1755,40.5881,40.6906,3843291
1994-04-12,40.8956,40.8956,38.4890,39.1532,25159481
1994-04-13,39.3090,39.7682,38.5382,39.1532,8913420
1994-04-14,38.7432,39.0015,37.5133,37.5666,8722078
1994-04-15,37.5133,37.8740,36.5908,36.8491,11418875
1994-04-18,36.8983,37.2591,36.5416,36.8983,6843463
1994-04-19,37.1033,37.3083,35.6683,35.9799,2550043
1994-04-20,36.0783,36.4883,34.5450,35.6683,7892295
1994-04-21,36.2833,38.1282,35.6683,37.8248,6736796
1994-04-22,38.9482,39.0548,37.6199,37.7183,5382165
1994-04-25,38.0298,38.2348,37.4149,38.1282,3942857
1994-04-26,37.9232,38.1282,37.5133,37.7183,3701645
1994-04-28,37.9232,38.0298,36.4883,36.5949,4269610
1994-04-29,36.5949,37.3083,36.2833,36.4883,3881731
1994-05-02,36.2833,36.3899,35.6683,35.9799,4326407
1994-05-03,36.0783,36.6933,35.7749,35.9799,4405714
1994-05-04,36.4883,36.6933,36.0783,36.3899,3216450
1994-05-05,36.5949,37.0049,35.8733,36.0783,3111169
1994-05-06,35.6683,36.1849,35.2584,36.1849,3562078
1994-05-09,35.8733,36.6933,35.6683,35.7749,2491948
1994-05-10,36.4883,36.7999,35.8733,36.3899,2754978
1994-05-11,36.7999,36.7999,36.0783,36.1849,2468571
1994-05-12,36.6933,37.4149,36.5949,36.7999,3328658
1994-05-13,37.2099,37.2099,35.9799,36.6933,3652295
1994-05-16,36.7999,37.0049,35.9799,36.0783,2428225
1994-05-17,36.1849,36.7999,35.4634,36.7999,3434459
1994-05-18,36.7999,38.2348,36.6933,37.8248,3296450
1994-05-19,38.1282,39.1532,37.7183,38.6448,4071342
1994-05-20,38.2348,39.0548,38.1282,38.8498,2873420
1994-05-23,38.8498,39.4648,38.5382,38.6448,3393420
1994-05-24,38.7432,38.8498,38.3332,38.7432,2919308
1994-05-25,38.7432,39.3582,38.5382,39.2598,2347532
1994-05-26,39.2598,39.3582,38.8498,38.9482,1823723
1994-05-27,38.4398,38.6448,37.9232,38.5382,2513074
1994-05-31,38.3332,38.5382,37.9232,38.3332,2679827
1994-06-01,38.4398,39.6698,38.0298,39.6698,3567965
1994-06-02,39.5632,39.5632,38.8498,39.1532,2252640
1994-06-03,39.2598,39.7682,38.8498,39.0548,2489870
1994-06-06,39.3582,39.3582,38.2348,38.2348,2145282
1994-06-07,38.3332,38.5382,37.5133,37.6199,2151861
1994-06-08,37.5133,37.6199,36.8983,37.1033,3056796
1994-06-09,36.9560,37.0628,36.3401,36.7507,2909610
1994-06-10,37.1613,38.0893,36.7507,37.7773,2762597
1994-06-13,37.6787,38.4999,37.5719,37.8840,2211082
1994-06-14,38.3932,39.2144,37.9826,39.0091,2933160
1994-06-15,39.1159,39.8304,39.0091,39.4197,3770390
1994-06-16,39.3212,39.5265,38.9106,39.0091,1845022
1994-06-17,38.7053,39.0091,38.4999,38.7053,3025282
1994-06-20,38.2946,38.3932,37.4734,37.8840,2252468
1994-06-21,37.5719,38.0893,37.0628,37.5719,2483983
1994-06-22,37.7773,38.0893,37.6787,38.0893,2185801
1994-06-23,38.0893,38.0893,36.9560,37.2681,2377662
1994-06-24,36.9560,37.3666,36.7507,36.8575,2699221
1994-06-27,36.5454,38.3932,36.3401,38.2946,2130217
1994-06-28,38.3932,38.3932,37.0628,37.6787,2678095
1994-06-29,37.8840,38.2946,37.1613,37.3666,2062338
1994-06-30,37.5719,37.6787,36.5454,36.6521,2554113
1994-07-01,36.9560,36.9560,36.2415,36.8575,2534199
1994-07-05,36.8575,37.0628,36.5454,36.5454,2145455
1994-07-06,36.4468,36.5454,35.6256,36.1348,4158269
1994-07-07,36.3401,36.5454,35.9295,36.4468,2701991
1994-07-08,36.0362,37.0628,36.0362,36.8575,2385974
1994-07-11,36.8575,36.9560,36.1348,36.7507,1962597
1994-07-12,38.3932,41.4729,37.9826,41.0622,12866666
1994-07-13,41.2675,41.2675,40.2410,40.2410,4180779
1994-07-14,41.0622,41.6782,40.8569,41.2675,6723809
1994-07-15,41.0622,41.0622,39.8304,40.1424,3723983
1994-07-18,40.6516,41.1690,40.4463,41.0622,3164848
1994-07-19,41.3743,41.4729,40.6516,40.6516,3241905
1994-07-20,40.8569,40.9637,39.9371,40.5531,2007100
1994-07-21,40.9637,41.0622,40.1424,40.1424,1834459
1994-07-22,40.5531,40.8569,40.4463,40.6516,1657835
1994-07-25,40.8569,41.2675,40.6516,40.9637,1247792
1994-07-26,40.9637,41.1690,40.4463,40.9637,1899394
1994-07-27,41.0622,41.9902,41.0622,41.8835,2675498
1994-07-28,41.8835,42.9100,41.7849,42.6062,2950822
1994-07-29,43.0168,43.7313,42.7047,43.6327,3421645
1994-08-01,43.7313,43.8380,42.6062,42.6062,2512554
1994-08-02,43.1153,43.4274,42.7047,43.0168,3177662
1994-08-03,42.9100,43.6327,42.8115,43.5260,1403809
1994-08-04,43.3207,43.9366,43.1153,43.1153,1840866
1994-08-05,42.7047,43.4274,42.4994,43.2221,1790130
1994-08-08,43.5260,43.8380,43.2221,43.8380,1312208
1994-08-09,43.9366,44.1419,43.4274,43.9366,2043636
1994-08-10,43.7313,44.4540,43.7313,44.3472,2585455
1994-08-11,44.3472,44.8646,43.8380,44.1419,2328312
1994-08-12,43.8380,44.0433,43.5260,43.8380,1440519
1994-08-15,43.8380,43.9366,43.2221,43.3207,1107705
1994-08-16,43.6327,43.7313,42.9100,43.5260,2124156
1994-08-17,43.6327,44.2487,43.3207,43.6327,2461645
1994-08-18,43.5260,43.6327,42.9100,43.2221,1872554
1994-08-19,43.3207,43.5260,42.9100,43.2221,1563983
1994-08-22,43.0168,43.7313,42.9100,43.3207,1055757
1994-08-23,43.6327,43.9366,43.3207,43.4274,1203117
1994-08-24,43.4274,43.7313,43.1153,43.5260,1996017
1994-08-25,43.7313,44.8646,43.5260,44.4540,3236017
1994-08-26,44.9631,45.7844,44.6593,45.4805,3039308
1994-08-29,45.4805,45.4805,44.6593,44.6593,2645714
1994-08-30,43.5260,45.5791,43.5260,45.5791,3069610
1994-08-31,44.8646,45.3738,44.1419,44.3472,3144588
1994-09-01,43.5260,43.7313,42.9100,43.3207,4395671
1994-09-02,42.9100,43.3207,42.4009,42.4994,1971948
1994-09-06,42.8115,43.7313,42.6062,43.7313,1578874
1994-09-07,43.6327,44.1419,43.3207,44.1419,2760692
1994-09-08,44.1419,44.1419,43.8380,43.9366,1406407
1994-09-09,42.9675,43.2800,42.7619,42.9675,2137316
1994-09-12,42.9675,43.2800,42.9675,43.0744,1028225
1994-09-13,43.5843,43.9955,43.5843,43.6912,1917922
1994-09-14,43.5843,43.8968,43.4856,43.7899,1015757
1994-09-15,43.8968,44.9247,43.7899,44.9247,2082251
1994-09-16,44.4066,44.9247,44.1024,44.8178,3015931
1994-09-19,44.9247,45.4346,44.7191,44.8178,2175757
1994-09-20,44.6122,44.8178,43.9955,43.9955,2036191
1994-09-21,44.2010,45.8457,42.9675,43.3787,2664762
1994-09-22,43.5843,43.6912,43.2800,43.4856,2131082
1994-09-23,43.6912,43.8968,43.2800,43.2800,1763290
1994-09-26,43.1731,43.4856,42.8688,43.1731,1701991
1994-09-27,43.3787,43.4856,42.8688,43.0744,1990476
1994-09-28,43.0744,43.2800,42.6633,42.7619,2411429
1994-09-29,42.6633,43.6912,42.3508,43.5843,2727792
1994-09-30,43.3787,44.1024,43.1731,43.3787,2147879
1994-10-03,43.7899,43.9955,43.2800,43.2800,1689351
1994-10-04,43.3787,43.3787,41.5284,41.9396,4153593
1994-10-05,40.4018,41.5284,40.2949,41.1172,6923117
1994-10-06,41.4297,41.6353,40.2949,40.4018,4721212
1994-10-07,40.5005,41.8409,40.5005,41.7340,2797056
1994-10-10,41.9396,43.3787,41.8409,43.3787,2686753
1994-10-11,45.0234,45.1303,44.3079,44.5135,6455065
1994-10-12,44.1024,44.8178,43.7899,44.4066,3255584
1994-10-13,45.0234,45.1303,44.4066,44.6122,2853160
1994-10-14,44.5135,44.6122,44.1024,44.4066,2497143
1994-10-17,44.4066,44.8178,44.2010,44.4066,1438961
1994-10-18,44.5135,44.8178,44.2010,44.8178,1896623
1994-10-19,44.7191,46.1582,44.6122,46.1582,4388052
1994-10-20,46.3638,46.7750,45.6401,46.1582,3285195
1994-10-21,46.2569,46.3638,45.7470,46.2569,2209870
1994-10-24,46.4625,46.8737,45.8457,45.8457,2196017
1994-10-25,45.6401,46.0513,45.3359,45.9526,2581126
1994-10-26,46.3638,47.1861,45.8457,46.8737,2263377
1994-10-27,46.9806,47.0792,46.1582,46.3638,3146840
1994-10-28,46.4625,48.2141,46.3638,48.2141,3316883
1994-10-31,48.3128,48.9295,48.1072,48.4197,2424069
1994-11-01,48.1072,48.8308,48.1072,48.8308,2585282
1994-11-02,48.6253,49.5463,48.6253,48.9295,3391342
1994-11-03,49.7519,49.7519,48.8308,49.2420,3135931
1994-11-04,49.3407,49.5463,48.0085,48.1072,2428571
1994-11-07,48.2141,48.7239,46.2569,46.4625,3739567
1994-11-08,46.6681,47.5973,46.6681,47.3259,4205714
1994-11-09,48.0085,48.1072,47.0792,47.3917,2982511
1994-11-10,47.2848,47.8029,46.8737,46.8737,1993247
1994-11-11,46.5694,47.5973,46.4625,47.4904,1762770
1994-11-14,47.8029,48.8308,47.8029,48.7239,1943896
1994-11-15,48.9295,49.2420,48.4197,49.0364,2933334
1994-11-16,49.2420,49.9575,49.1351,49.5463,3021126
1994-11-17,49.5463,50.2699,49.2420,50.1630,3441731
1994-11-18,49.6532,49.9575,49.0364,49.5463,3141645
1994-11-21,49.6532,49.9575,48.4197,48.5183,2330043
1994-11-22,48.0085,48.1072,46.8737,46.8737,11091948
1994-11-23,46.0513,46.4625,45.2290,46.0513,8433074
1994-11-25,46.1582,46.7750,46.1582,46.5694,1584243
1994-11-28,46.8737,47.0792,46.6681,46.6681,3282078
1994-11-29,46.7750,46.9806,46.4625,46.8737,2909957
1994-11-30,47.0792,48.1072,46.3638,46.5694,3552900
1994-12-01,46.5694,47.4904,46.0513,46.1582,3583030
1994-12-02,46.2569,47.1861,45.7470,47.0792,2283290
1994-12-05,47.2848,47.8029,46.8737,46.9806,1712208
1994-12-06,46.7750,47.3917,46.0513,46.5694,2497143
1994-12-07,46.1582,46.9806,45.9526,46.0513,1978701
1994-12-08,45.9526,46.4625,44.1024,44.3079,4030996
1994-12-09,44.4870,45.9287,44.1822,45.5168,4500952
1994-12-12,45.3108,46.1347,45.2120,46.0358,2752208
1994-12-13,45.9287,46.3406,45.3108,45.6239,2201039
1994-12-14,45.5168,46.5466,45.0060,46.1347,3141818
1994-12-15,46.1347,46.6537,46.0358,46.2418,2280000
1994-12-16,46.5466,46.8596,46.1347,46.3406,3502857
1994-12-19,46.1347,46.6537,45.4179,45.8298,2447100
1994-12-20,45.9287,46.7525,45.7227,46.5466,2679653
1994-12-21,46.5466,47.7823,46.4477,47.4775,3002597
1994-12-22,47.6835,47.8894,47.1645,47.6835,2068052
1994-12-23,48.0954,48.0954,47.4775,47.6835,989610
1994-12-27,47.7823,48.1942,47.7823,48.1942,1254892
1994-12-28,48.1942,48.5073,47.7823,48.0954,1302165
1994-12-29,48.0954,48.6062,47.9883,48.5073,1260087
1994-12-30,48.4002,48.6062,47.6835,47.7823,1086753
1995-01-03,47.6835,47.7823,46.5466,46.9585,2175412
1995-01-04,47.0656,47.3704,46.0358,46.8020,2439827
1995-01-05,46.9585,47.8894,46.5466,47.2716,3015931
1995-01-06,47.5764,47.9883,47.2716,47.7823,5239653
1995-01-09,47.9883,48.9192,47.8894,48.5073,4617662
1995-01-10,50.4598,51.9015,50.4598,50.8717,8309437
1995-01-11,51.0777,51.1848,50.0479,50.0479,3893679
1995-01-12,49.7431,51.1848,49.6360,51.1848,2991861
1995-01-13,51.1848,51.4896,50.8717,51.1848,2429091
1995-01-16,51.0777,51.8026,50.8717,51.5967,2319653
1995-01-17,51.4896,51.8026,50.9788,51.4896,2318788
1995-01-18,51.6955,52.0086,51.0777,51.4896,1987013
1995-01-19,51.4896,51.4896,50.9788,51.2836,1845022
1995-01-20,51.0777,51.1848,50.3609,50.3609,2286061
1995-01-23,49.0181,50.4598,49.0181,50.3609,3805368
1995-01-24,50.3609,51.2836,50.0479,51.1848,2164848
1995-01-25,50.2538,50.6657,49.8419,50.0479,2648312
1995-01-26,49.8419,50.1550,49.3311,49.4300,1765368
1995-01-27,49.7431,50.0479,49.2735,49.7431,2250563
1995-01-30,49.8419,49.9490,48.4002,48.6062,3321905
1995-01-31,48.5073,49.0181,48.0954,48.8121,3507186
1995-02-01,49.0181,50.2538,48.7133,50.0479,2485368
1995-02-02,50.0479,50.4598,49.7431,49.9490,1658009
1995-02-03,50.5669,51.0777,50.3609,50.4598,2989783
1995-02-06,50.6657,51.4896,50.5669,50.9788,2793074
1995-02-07,51.1848,51.1848,50.4598,50.6657,2514978
1995-02-08,50.3609,50.4598,49.8419,50.0479,3764675
1995-02-09,50.8717,51.0777,50.5669,50.6657,4628052
1995-02-10,50.8717,51.4896,50.7728,51.2836,3715498
1995-02-13,51.2836,51.3907,50.7728,50.7728,2010217
1995-02-14,51.0777,51.1848,50.3609,50.6657,2602078
1995-02-15,50.7728,51.1848,50.3609,50.8717,2806926
1995-02-16,51.0777,53.3432,50.8717,52.9313,4000866
1995-02-17,49.8419,50.6657,46.7525,47.6835,28308399
1995-02-21,48.6062,48.6062,48.0954,48.5073,10477922
1995-02-22,48.7133,49.0181,47.4775,47.7823,6532468
1995-02-23,48.4002,48.4002,46.1347,46.5466,9303377
1995-02-24,46.4477,46.7525,45.4179,46.0358,6852295
1995-02-27,46.0358,46.7525,45.3108,45.7227,4683290
1995-02-28,45.8298,47.5764,45.8298,47.3704,5073247
1995-03-01,47.4775,48.0954,47.0656,47.8894,4321905
1995-03-02,47.8894,48.0954,47.0656,47.7823,3385627
1995-03-03,47.7823,48.6062,47.5764,48.3013,2959481
1995-03-06,47.8894,48.0954,47.1645,47.4775,3354632
1995-03-07,47.5764,47.6835,46.1347,46.7525,5187013
1995-03-08,46.8596,47.0656,45.9287,46.5466,4002597
1995-03-09,46.7370,47.2487,46.2170,46.2170,4494718
1995-03-10,46.3243,46.8360,46.1180,46.5307,3302684
1995-03-13,46.8360,47.8677,46.7370,47.7686,3416623
1995-03-14,48.4866,48.8002,48.1813,48.3876,4246061
1995-03-15,47.8677,48.0740,46.7370,46.9433,4840692
1995-03-16,46.7370,47.1496,46.2170,46.5307,4827013
1995-03-17,46.0107,46.2170,45.4990,45.7054,7555325
1995-03-20,45.8044,46.1180,44.5664,44.6737,7277230
1995-03-21,44.7728,44.9791,43.7411,44.0547,10548399
1995-03-22,44.2611,44.9791,44.0547,44.8801,6204502
1995-03-23,44.8801,45.5981,44.3601,44.6737,6131429
1995-03-24,45.2927,46.1180,45.0864,45.7054,5622165
1995-03-27,46.2170,46.7370,46.1180,46.7370,4587532
1995-03-28,47.1496,47.7686,46.7370,46.8360,5202770
1995-03-29,47.0424,47.7686,44.9791,47.3560,7050563
1995-03-30,47.4550,47.4550,45.4990,45.5981,5913593
1995-03-31,44.6737,45.3917,43.7411,45.0864,6458355
1995-04-03,45.3917,45.3917,44.3601,44.4674,4002597
1995-04-04,44.5664,44.8801,43.7411,44.0547,6424935
1995-04-05,45.3917,45.3917,44.2611,44.8801,7884329
1995-04-06,45.2927,45.8044,45.1854,45.5981,4478095
1995-04-07,45.8044,46.0107,45.1854,45.9117,3566926
1995-04-10,45.9117,47.0424,45.6476,46.6297,5260260
1995-04-11,45.8539,46.3243,44.7728,45.0864,15867879
1995-04-12,45.2927,45.2927,44.6737,44.9791,7538009
1995-04-13,45.2927,45.9117,45.0864,45.2927,6532987
1995-04-17,45.4990,45.5981,43.7411,43.8484,9713074
1995-04-18,44.3601,44.4674,43.2294,43.5348,7471688
1995-04-19,43.7411,44.2611,42.5032,44.2611,7572295
1995-04-20,44.4674,44.4674,42.9158,43.2294,5302684
1995-04-21,43.3285,43.5348,42.7095,43.1222,5709610
1995-04-24,43.3285,44.9791,43.2294,44.7728,5559134
1995-04-25,45.3917,46.4234,45.3917,46.1180,8094892
1995-04-26,46.2170,47.7686,45.9117,47.5623,6331429
1995-04-27,47.7686,47.9749,46.5307,47.1496,4928139
1995-04-28,47.1496,47.3560,46.7370,46.9433,3687619
1995-05-01,47.3560,47.5623,46.4234,46.5307,4029610
1995-05-02,46.3243,46.9433,45.8044,46.8360,3758614
1995-05-03,47.2487,47.8677,46.7370,47.6613,5159481
1995-05-04,47.8677,48.8993,47.2487,47.9749,7784935
1995-05-05,48.1813,48.1813,47.4550,47.8677,3374199
1995-05-08,47.8677,48.6930,47.6613,48.1813,3172468
1995-05-09,48.5939,48.5939,47.2487,47.7686,5155671
1995-05-10,48.1813,48.4866,47.3560,48.2803,4016277
1995-05-11,48.3876,48.6930,47.9749,48.6930,3416970
1995-05-12,48.4866,49.4192,48.3876,48.6930,4465974
1995-05-15,48.8993,50.4509,48.8002,50.3436,5476537
1995-05-16,50.4509,50.9625,50.1372,50.4509,3970909
1995-05-17,50.4509,50.5499,49.3119,49.6256,3907705
1995-05-18,49.4192,49.6256,48.6930,48.6930,4749783
1995-05-19,48.2803,48.5939,47.8677,48.3876,3587360
1995-05-22,48.4866,49.7246,48.4866,49.3119,2808831
1995-05-23,49.9309,51.3752,49.9309,51.1689,5323290
1995-05-24,52.7204,52.8195,51.0698,51.4825,7812640
1995-05-25,51.4825,51.4825,50.7562,50.9625,3088658
1995-05-26,51.1689,51.1689,49.3119,50.0382,3477056
1995-05-30,50.2445,50.4509,48.3876,48.5939,5099221
1995-05-31,48.8002,49.5183,48.0740,49.4192,4705282
1995-06-01,49.5183,50.6572,49.3119,50.4509,3285022
1995-06-02,50.4509,51.8951,49.3119,49.5183,7278269
1995-06-05,50.1372,50.5499,49.2129,49.4192,4569004
1995-06-06,49.8319,50.4509,49.4192,49.5183,4774545
1995-06-07,49.2129,49.6256,48.8002,49.1056,3614545
1995-06-08,49.4192,50.0382,49.1056,50.0382,3487965
1995-06-09,50.0382,50.3436,49.4192,49.9309,2905282
1995-06-12,50.2445,50.3436,49.7246,49.9309,1761039
1995-06-13,50.3269,50.7402,50.1202,50.4261,3751688
1995-06-14,50.5336,50.5336,49.9136,50.1202,2504935
1995-06-15,50.3269,50.7402,49.5994,50.0128,4188571
1995-06-16,50.2194,50.4261,49.9136,50.1202,4546147
1995-06-19,50.8394,53.3194,50.6328,53.3194,8345455
1995-06-20,53.3194,53.9394,52.6994,53.5261,6705282
1995-06-21,53.6335,54.0469,53.0135,53.9394,5275325
1995-06-22,53.7327,55.4935,53.6335,55.2868,5527619
1995-06-23,55.0802,55.7002,54.5594,55.5927,3318269
1995-06-26,55.3860,55.5927,54.1461,54.6669,4138355
1995-06-27,54.5594,55.0802,54.0469,54.1461,3867879
1995-06-28,53.9394,53.9394,52.6994,53.1127,4901991
1995-06-29,53.4269,55.3860,53.3194,54.7661,4501818
1995-06-30,55.4935,56.1135,55.0802,55.4935,3884675
1995-07-03,55.5927,56.6260,55.1794,56.6260,1856104
1995-07-05,56.7335,57.4527,56.4194,57.0394,4880347
1995-07-06,57.1468,58.1801,56.3202,58.0727,4481212
1995-07-07,57.6594,58.5935,57.6594,58.2793,4690736
1995-07-10,58.2793,58.3868,57.4527,57.9735,4019394
1995-07-11,56.2127,58.4860,56.2127,58.2793,6055412
1995-07-12,60.7593,62.6193,60.6601,62.5201,11133679
1995-07-13,61.6934,62.8260,61.3793,62.2060,5415931
1995-07-14,61.2801,62.9334,60.9660,62.6193,4402251
1995-07-17,63.2393,65.2067,63.0326,64.1734,5334026
1995-07-18,63.6526,63.6526,61.6934,62.4126,6694026
1995-07-19,60.9660,61.5860,56.0060,60.2468,12442251
1995-07-20,60.0401,60.5527,58.8001,60.5527,5481212
1995-07-21,61.1726,63.2393,60.9660,62.8260,7119827
1995-07-24,62.8260,65.3059,62.7268,64.5867,3656277
1995-07-25,65.0993,66.2401,64.8926,65.0001,4927100
1995-07-26,65.2067,65.9259,64.8926,65.3059,3347705
1995-07-27,65.3059,65.9259,64.7934,65.2067,2536104
1995-07-28,65.0001,65.2067,63.4460,64.3801,2276710
1995-07-31,63.6526,63.8593,63.0326,63.2393,3136796
1995-08-01,63.3468,63.4460,60.5527,61.9001,5105974
1995-08-02,62.6193,62.7268,61.0734,61.0734,5655931
1995-08-03,60.3460,61.9993,59.6268,61.7926,4398269
1995-08-04,61.7926,62.6193,61.6934,62.1068,1957230
1995-08-07,62.3134,62.7268,62.1068,62.1068,1546147
1995-08-08,62.7268,62.9334,62.3134,62.8260,2050563
1995-08-09,63.6526,63.8593,62.9334,63.4460,2560519
1995-08-10,63.6526,63.8593,62.3134,62.3134,2218009
1995-08-11,63.0326,63.4460,62.5201,63.4460,2107879
1995-08-14,63.4460,64.4793,63.0326,64.4793,1944762
1995-08-15,64.4793,64.6859,63.5534,64.4793,2072208
1995-08-16,64.7934,65.0001,63.9667,64.7934,1935931
1995-08-17,64.7934,64.7934,63.6526,63.8593,2352381
1995-08-18,64.0659,64.3801,63.1401,63.5534,2320000
1995-08-21,63.6526,63.9667,61.0734,61.1726,2691775
1995-08-22,61.5860,62.6193,61.1726,62.4126,2795498
1995-08-23,62.1068,62.5201,61.7926,62.2060,1989091
1995-08-24,62.2060,62.4126,60.9660,61.9001,2407100
1995-08-25,61.6934,61.9001,60.1393,60.1393,2972814
1995-08-28,60.1393,60.3460,58.4860,58.5935,3745801
1995-08-29,58.5935,60.3460,56.7335,60.2468,6781299
1995-08-30,60.6601,60.8668,59.6268,60.1393,3002251
1995-08-31,60.5527,62.1068,60.1393,61.6934,3465974
1995-09-01,61.9001,62.8260,61.3793,61.5860,3070649
1995-09-05,61.6934,64.4793,61.6934,64.2726,3137662
1995-09-06,64.8926,65.2067,63.7601,64.4793,3483290
1995-09-07,65.0993,65.2067,64.3801,64.7934,3199481
1995-09-08,64.7934,65.9259,64.1734,65.8267,3590649
1995-09-11,65.9259,66.3393,65.0993,65.5126,2778009
1995-09-12,65.7193,65.7193,64.6859,64.7934,2804502
1995-09-13,64.7669,66.6292,64.5600,66.1161,3460260
1995-09-14,66.2154,66.9437,65.3877,66.2154,3545108
1995-09-15,66.2154,66.2154,64.3531,65.1808,4503723
1995-09-18,65.2884,67.6638,64.9738,67.6638,4223550
1995-09-19,67.5645,68.0777,66.7368,67.2500,3923636
1995-09-20,67.8708,68.2846,66.6292,66.6292,2529870
1995-09-21,66.4223,66.6292,64.7669,64.9738,3005195
1995-09-22,64.3531,65.5946,64.3531,65.1808,2780779
1995-09-25,65.3877,65.7022,63.8399,64.3531,2540779
1995-09-26,64.3531,64.6676,63.4261,63.7323,3132987
1995-09-27,62.8053,63.5254,61.3568,63.2191,4255931
1995-09-28,63.3185,64.6676,62.5984,64.3531,4192727
1995-09-29,64.6676,64.9738,63.0122,63.2191,2877056
1995-10-02,63.2191,64.0468,62.8053,63.2191,1671169
1995-10-03,63.7323,63.7323,61.4561,61.9776,3884675
1995-10-04,61.4561,61.4561,59.3869,59.5938,4672035
1995-10-05,59.5938,60.8354,59.1800,59.4945,6547705
1995-10-06,60.1153,60.2146,56.5976,56.9038,9120692
1995-10-09,56.9038,58.6668,55.6623,57.1108,10258874
1995-10-10,50.6961,53.9076,50.0754,52.9723,26865974
1995-10-11,53.9076,54.8346,53.0799,53.2868,11125022
1995-10-12,53.5931,53.9076,52.3515,52.9723,7470822
1995-10-13,53.2868,53.3861,51.7308,52.3515,9363636
1995-10-16,52.2522,53.3861,52.1446,53.2868,6122944
1995-10-17,53.7007,55.6623,53.3861,55.5630,6385455
1995-10-18,56.6969,57.0114,55.3561,55.8692,7294373
1995-10-19,55.2485,55.2485,53.2868,53.8000,10254892
1995-10-20,53.9076,54.2138,52.8730,53.2868,5149783
1995-10-23,52.9723,54.5284,52.7654,54.1145,3645195
1995-10-24,54.8346,54.9422,53.7007,54.2138,4403463
1995-10-25,54.4208,54.5284,52.9723,53.0799,4414199
1995-10-26,53.0799,53.8000,51.3169,53.5931,4718442
1995-10-27,53.7007,54.8346,53.4937,54.5284,3842078
1995-10-30,55.4554,55.4554,54.0069,54.1145,4325541
1995-10-31,54.4208,55.0415,53.9076,54.4208,4468225
1995-11-01,54.4208,54.4208,53.2868,53.8000,4182165
1995-11-02,54.0069,55.6623,53.9076,55.6623,4229610
1995-11-03,56.1837,56.6969,55.5630,56.5976,4318961
1995-11-06,56.5976,56.6969,55.1491,55.1491,2948571
1995-11-07,54.6277,55.1491,53.4937,54.8346,5565022
1995-11-08,55.2485,55.5630,53.0799,53.5931,5680866
1995-11-09,55.0415,56.0761,54.7353,55.9768,4125195
1995-11-10,55.9768,56.8045,55.1491,56.0761,3517922
1995-11-13,55.7699,56.0761,54.4208,54.6277,2869437
1995-11-14,53.8000,54.4208,52.9723,53.0799,4648139
1995-11-15,53.2868,53.3861,51.8384,52.8730,7610909
1995-11-16,52.9723,53.4937,52.1446,52.5585,4903377
1995-11-17,52.4591,52.6661,51.3169,52.6661,5730563
1995-11-20,52.9723,53.1792,51.3169,51.7308,4494026
1995-11-21,51.6314,51.6314,49.7691,50.5968,9179394
1995-11-22,50.8037,51.2176,49.4546,49.5622,8151342
1995-11-24,49.6615,51.3169,49.0408,51.3169,3721386
1995-11-27,51.5238,51.6314,50.5968,50.8037,5919481
1995-11-28,50.5968,53.8000,50.5968,53.4937,6225108
1995-11-29,51.3169,51.9377,50.3899,50.5968,14770390
1995-11-30,50.5968,51.8384,50.2823,50.9031,8022511
1995-12-01,50.2823,50.2823,49.5622,49.9761,8215757
1995-12-04,50.2823,50.6961,49.4546,50.2823,6205195
1995-12-05,50.3899,51.0107,49.6615,50.2823,6074286
1995-12-06,50.6961,50.9031,49.6615,49.7691,6317230
1995-12-07,49.7691,50.8037,49.7691,50.4892,4993074
1995-12-08,50.6961,50.9031,49.2477,50.8037,8349610
1995-12-11,51.1100,51.6314,51.0107,51.3169,4536623
1995-12-12,51.6314,51.7308,50.6961,50.9031,3126580
1995-12-13,50.6813,50.7808,49.6450,49.6450,6718442
1995-12-14,49.7445,49.9517,47.1578,47.5723,19734718
1995-12-15,47.5723,48.4014,46.8427,47.4645,12917749
1995-12-18,47.2572,47.4645,46.4282,46.6354,6414199
1995-12-19,46.7432,48.4014,46.7432,48.2936,7857143
1995-12-20,48.7081,48.8159,47.8791,48.1941,5687792
1995-12-21,48.1941,48.5009,47.1578,47.4645,5231515
1995-12-22,47.7796,47.9868,47.1578,47.6718,4361386
1995-12-26,47.6718,47.8791,47.0500,47.8791,2837403
1995-12-27,48.0863,48.1941,47.3650,47.5723,2580433
1995-12-28,47.2572,47.9868,46.9505,47.1578,2966753
1995-12-29,47.1578,47.4645,46.9505,47.2572,3509610
1996-01-02,47.8791,49.0232,47.4645,48.9154,3778701
1996-01-03,48.9154,48.9154,47.8791,47.8791,4060433
1996-01-04,48.1941,48.8159,47.2572,48.7081,5847100
1996-01-05,47.8791,48.2936,47.0500,47.2572,7866321
1996-01-08,47.1578,47.5723,46.2209,46.6354,4302338
1996-01-09,46.6354,46.6354,37.1011,37.8307,12643636
1996-01-10,37.5156,42.4901,37.3084,41.3542,41407965
1996-01-11,41.9760,42.1833,41.1470,41.5615,13312035
1996-01-12,41.6610,41.6610,40.4174,40.9397,9703896
1996-01-15,41.2465,41.3542,39.9034,40.1106,6097835
1996-01-16,40.3179,40.7324,39.7956,40.3179,9329178
1996-01-17,40.1106,41.7688,40.0028,41.0392,8460779
1996-01-18,41.5615,42.0755,41.3542,41.7688,6581645
1996-01-19,41.4537,42.4901,41.3542,42.2828,5675152
1996-01-22,42.1833,44.5628,42.1833,44.0487,6442078
1996-01-23,44.0487,44.0487,43.3191,43.9409,5223550
1996-01-24,44.2560,44.6705,43.5264,44.5628,6371601
1996-01-25,44.6705,45.0851,43.5264,43.8415,4962078
1996-01-26,43.8415,44.2560,43.4269,44.1482,2934892
1996-01-29,44.1482,44.2560,43.1119,43.9409,3646753
1996-01-30,44.2560,44.8778,44.1482,44.7700,3551342
1996-01-31,44.7700,44.8778,43.9409,44.7700,4372640
1996-02-01,44.7700,46.6354,44.6705,46.4282,5647446
1996-02-02,46.6354,46.7432,45.9141,46.2209,4619913
1996-02-05,46.2209,48.1941,46.1214,47.9868,4984762
1996-02-06,48.2936,48.9154,48.0863,48.9154,5444848
1996-02-07,48.7081,48.7081,46.8427,47.7796,5563290
1996-02-08,47.4645,47.6718,47.0500,47.2572,5003983
1996-02-09,47.2572,47.2572,45.7069,46.4282,5058874
1996-02-12,46.5360,47.2572,46.1214,46.7432,3789610
1996-02-13,45.9141,46.7432,45.8064,46.3287,3843809
1996-02-14,46.5360,47.1578,46.1214,46.2209,3260433
1996-02-15,46.0136,46.2209,45.3918,45.4996,3007100
1996-02-16,45.3918,45.9141,45.0851,45.8064,3363117
1996-02-20,45.7069,47.2572,45.5991,46.5360,4888139
1996-02-21,46.7432,47.4645,46.5360,47.4645,3390822
1996-02-22,47.8791,48.8159,47.5723,48.5009,4716883
1996-02-23,48.7081,48.8159,47.7796,48.4014,4027705
1996-02-26,48.0863,48.6086,47.6718,47.8791,2439827
1996-02-27,47.8791,48.1941,46.7432,47.0500,3249351
1996-02-28,46.5360,47.4645,45.5991,46.1214,3816104
1996-02-29,45.5991,45.9141,44.9773,44.9773,4797922
1996-03-01,44.9773,44.9773,43.5264,44.2560,6861126
1996-03-04,44.5628,44.9773,43.7337,43.9409,4579221
1996-03-05,43.9409,45.1846,43.9409,45.1846,4051775
1996-03-06,44.8778,45.0851,43.8415,43.8415,4808485
1996-03-07,43.9409,44.0487,43.1119,43.4269,5475671
1996-03-08,42.6973,44.7700,42.4901,43.9409,7777835
1996-03-11,44.1482,44.7700,43.9409,44.2560,4082770
1996-03-12,43.8415,44.6705,43.5264,44.6705,3068399
1996-03-13,44.8543,45.1699,43.9240,44.1316,3198788
1996-03-14,44.4390,45.0619,44.3393,44.7546,3027013
1996-03-15,44.6466,46.2082,44.4390,46.2082,6091948
1996-03-18,46.5156,46.8312,46.1002,46.5156,4269783
1996-03-19,46.8312,47.0389,46.4159,46.8312,3416277
1996-03-20,46.6235,46.6235,45.2696,45.6849,4269610
1996-03-21,45.4773,45.5852,44.9623,45.2696,3187879
1996-03-22,45.2696,45.4773,45.0619,45.3776,2110822
1996-03-25,45.5852,45.8926,44.8543,44.9623,2538701
1996-03-26,44.7546,45.6849,44.7546,44.8543,3651429
1996-03-27,45.1699,45.6849,44.9623,45.1699,3484329
1996-03-28,44.9623,45.0619,44.2313,44.3393,4083636
1996-03-29,44.2313,44.3393,43.9240,44.0237,3792208
1996-04-01,44.0237,44.0237,43.1930,43.5087,3643636
1996-04-02,43.5087,43.8160,43.1930,43.3010,3853679
1996-04-03,42.8857,43.5087,42.6780,43.3010,4406753
1996-04-04,43.3010,43.8160,42.8857,42.9854,4258701
1996-04-08,42.1547,43.5087,42.0550,43.4007,6240347
1996-04-09,43.6083,44.0237,42.6780,43.6083,4783723
1996-04-10,44.6466,47.1385,44.2313,46.7232,12923463
1996-04-11,46.7232,47.0389,45.6849,46.1002,6043463
1996-04-12,46.1002,46.3079,45.6849,45.7929,3048312
1996-04-15,46.0006,47.3462,45.8926,47.3462,3739221
1996-04-16,47.8695,48.4925,47.6618,48.2848,7039827
1996-04-17,48.3845,48.3845,47.4542,47.7615,2817143
1996-04-18,48.2848,49.9461,48.1768,49.9461,8711515
1996-04-19,49.8381,49.8381,49.3231,49.7384,3017143
1996-04-22,49.9461,50.2534,49.3231,49.4228,2660433
1996-04-23,49.6304,51.2917,49.5308,51.2917,5281731
1996-04-24,51.6073,52.6456,51.2917,52.5377,7513766
1996-04-25,53.0610,53.5760,52.5377,53.0610,6912554
1996-04-26,52.8533,52.9530,51.9147,52.0227,3494373
1996-04-29,51.1920,51.8150,51.1920,51.2917,2100087
1996-04-30,51.0840,51.9147,50.8764,50.8764,2352727
1996-05-01,50.7767,51.6073,50.7767,51.1920,2249870
1996-05-02,51.0840,51.6073,50.0458,50.3614,3266147
1996-05-03,51.0840,52.4380,50.7767,52.0227,5465974
1996-05-06,52.2303,52.2303,51.2917,52.1223,3082078
1996-05-07,52.0227,52.1223,50.8764,51.1339,2638095
1996-05-08,50.6687,51.0840,49.6304,50.8764,4355498
1996-05-09,50.3614,50.6687,49.9461,50.1537,2846753
1996-05-10,50.7767,50.7767,50.2534,50.3614,1971948
1996-05-13,50.6687,52.4380,50.5691,52.4380,3729351
1996-05-14,52.8533,53.0610,52.3300,52.7453,3752554
1996-05-15,52.7453,53.5760,52.5377,52.6456,3856450
1996-05-16,52.0227,53.0610,52.0227,52.8533,2384416
1996-05-17,52.7453,53.8916,52.4380,53.5760,3971948
1996-05-20,53.9913,54.8219,53.9913,54.6142,5775412
1996-05-21,54.7222,55.0296,54.3069,54.5146,4074459
1996-05-22,54.4066,54.5146,53.8916,54.3069,2689524
1996-05-23,54.4066,54.6142,53.6839,53.8916,3001731
1996-05-24,54.5146,54.5146,53.7836,54.0993,1756883
1996-05-28,54.0993,54.6142,53.6839,54.1989,2526407
1996-05-29,54.1989,54.1989,53.4763,53.5760,2151515
1996-05-30,53.5760,54.5146,53.2686,54.5146,2657835
1996-05-31,54.8219,55.7605,54.3069,55.4449,4382684
1996-06-03,55.2372,55.3452,54.3069,54.3069,2760866
1996-06-04,54.7222,55.0296,54.0993,54.4066,2031515
1996-06-05,54.0993,54.6142,54.0993,54.4066,1964329
1996-06-06,54.6142,54.7222,53.1606,53.2686,2819394
1996-06-07,52.7453,54.8219,52.6456,54.8219,3419913
1996-06-10,54.7222,54.8219,53.6839,54.3069,1899567
1996-06-11,54.3069,54.8219,53.8916,53.8916,2145627
1996-06-12,54.4060,54.9220,54.1980,54.7139,3074805
1996-06-13,54.6141,54.6141,53.7819,53.9900,2997749
1996-06-14,53.6737,53.7819,53.3658,53.7819,2314113
1996-06-17,53.7819,53.8818,53.2577,53.4657,1890390
1996-06-18,53.2577,53.3658,51.9096,51.9096,3231515
1996-06-19,51.9096,52.3257,51.5934,52.1176,2452640
1996-06-20,52.4255,53.0496,52.1176,52.9498,3179567
1996-06-21,53.2577,53.2577,52.6335,53.2577,3267705
1996-06-24,53.2577,53.2577,52.7417,52.7417,1738009
1996-06-25,52.8416,52.8416,51.8014,51.9096,1767446
1996-06-26,51.8014,51.8014,50.3451,50.9692,3316883
1996-06-27,50.7612,52.0094,50.7612,52.0094,2596191
1996-06-28,52.3257,52.7417,52.1176,52.2175,2730736
1996-07-01,53.1578,53.8818,52.9498,53.6737,3937143
1996-07-02,53.6737,53.9900,52.9498,53.8818,3710649
1996-07-03,53.8818,54.8221,53.5739,54.7139,3122770
1996-07-05,53.9900,55.0301,53.7819,54.8221,2410563
1996-07-08,55.1300,57.0023,55.1300,56.3782,9410043
1996-07-09,56.3782,56.4864,55.0301,55.3380,4866494
1996-07-10,47.9569,48.4728,46.9167,48.1649,26713593
1996-07-11,47.5408,47.6406,45.5603,46.5006,13226666
1996-07-12,46.9167,47.1247,46.0845,46.3924,5679308
1996-07-15,46.5006,46.6005,44.1040,44.4202,5556710
1996-07-16,44.4202,45.0443,42.0236,43.5881,9477230
1996-07-17,44.6283,46.0845,43.8960,45.4604,6991169
1996-07-18,45.4604,46.0845,44.9362,45.9763,3945801
1996-07-19,45.9763,46.3924,45.1442,45.3522,2684329
1996-07-22,45.1442,45.1442,44.1040,44.6283,3831688
1996-07-23,44.4202,44.8363,43.4799,44.0041,3552035
1996-07-24,42.5479,44.1040,42.2317,43.6879,5036537
1996-07-25,43.8960,44.3120,43.6879,44.2122,2418009
1996-07-26,44.7281,45.6684,44.5201,45.5603,3262165
1996-07-29,45.3522,45.6684,43.8960,44.0041,2434805
1996-07-30,44.3120,45.0443,43.6879,45.0443,2111342
1996-07-31,44.9362,45.5603,44.7281,44.9362,1935931
1996-08-01,44.6283,45.3522,43.6879,45.2524,2290217
1996-08-02,45.8765,47.1247,45.6684,47.1247,3470130
1996-08-05,46.6005,46.9167,45.7683,45.9763,1887965
1996-08-06,45.7683,46.5006,45.6684,46.1844,2682770
1996-08-07,46.5006,47.9569,46.3924,47.6406,4012640
1996-08-08,48.2648,48.7890,47.9569,48.1649,3997403
1996-08-09,47.5408,47.7488,46.6005,46.8085,2354978
1996-08-12,46.6005,47.1247,46.2926,46.8085,2003636
1996-08-13,46.6005,46.6005,45.4604,45.6684,2216277
1996-08-14,45.6684,46.2926,45.6684,45.7184,2164502
1996-08-15,45.7683,46.7086,45.6684,46.3924,2380606
1996-08-16,46.3924,46.3924,44.5201,44.9362,3816450
1996-08-19,44.8363,45.5603,44.7281,45.4604,2065974
1996-08-20,45.4604,45.5603,45.0443,45.4604,1807619
1996-08-21,44.9362,45.5603,44.7281,45.5603,2059913
1996-08-22,45.6684,45.8765,45.4604,45.8765,1970043
1996-08-23,45.8765,46.3924,45.3522,45.4604,2189610
1996-08-26,45.3522,45.7683,44.7281,45.1442,1538355
1996-08-27,45.1442,45.2524,44.9362,45.1442,1645714
1996-08-28,45.1442,45.3522,44.9362,45.0443,1715152
1996-08-29,44.8363,45.2524,44.6283,44.9362,1743030
1996-08-30,45.0443,45.0443,44.3120,44.4202,1682597
1996-09-03,44.1040,44.6283,44.0041,44.4202,1985627
1996-09-04,44.2122,44.5201,43.8460,43.8960,1594805
1996-09-05,43.7961,44.0041,42.8558,43.0638,3188399
1996-09-06,43.1720,43.5881,42.5479,42.9640,3020952
1996-09-09,43.2718,43.4799,42.0236,42.1318,4016970
1996-09-10,42.4397,42.7559,42.1318,42.2317,5575757
1996-09-11,42.3346,42.3346,38.9978,41.0833,14887965
1996-09-12,40.3576,40.4577,39.8320,39.8320,9670476
1996-09-13,40.3576,40.7746,40.2491,40.5661,6646061
1996-09-16,40.7746,42.4430,40.6662,42.1260,7193247
1996-09-17,42.4430,43.0686,42.1260,42.9602,6239827
1996-09-18,42.9602,43.0686,42.4430,42.8601,3257489
1996-09-19,42.8601,43.1687,42.6515,43.1687,3022684
1996-09-20,43.0686,43.4857,42.8601,43.0686,3365714
1996-09-23,43.0686,43.0686,42.3346,42.6515,2126580
1996-09-24,42.8601,44.6286,42.8601,44.1114,5202251
1996-09-25,44.2115,44.3199,43.4857,43.5858,4098528
1996-09-26,43.4857,44.6286,43.4857,43.4857,3255238
1996-09-27,43.3773,43.3773,42.8601,43.1687,2559827
1996-09-30,43.1687,44.0029,42.9602,42.9602,2223030
1996-10-01,42.9602,43.1687,42.2345,42.4430,2647792
1996-10-02,42.5431,42.9602,42.2345,42.4430,2634632
1996-10-03,42.3346,42.4430,41.2918,41.4003,4594113
1996-10-04,41.6088,41.7089,40.0406,40.2491,9025801
1996-10-07,40.2491,41.7089,40.2491,41.5004,6745974
1996-10-08,41.1917,41.5004,40.1490,40.6662,10630476
1996-10-09,40.8747,41.2918,40.3576,40.8747,6220952
1996-10-10,40.7746,41.0833,40.0406,40.2491,5287273
1996-10-11,40.4577,40.9832,40.2491,40.6662,3851082
1996-10-14,40.8747,41.2918,40.5661,40.8747,3426147
1996-10-15,41.0833,41.4003,39.8320,39.9405,7080173
1996-10-16,39.8320,40.9832,39.6235,40.9832,6144243
1996-10-17,41.0833,41.1917,40.0406,40.0406,4107360
1996-10-18,40.6662,40.8747,40.3576,40.6662,4034113
1996-10-21,40.6662,41.0833,40.2491,40.2491,4048831
1996-10-22,40.2491,40.5661,39.9405,40.2491,3435498
1996-10-23,39.9405,40.8747,39.9405,40.0406,2984588
1996-10-24,40.7746,40.7746,39.8320,40.0406,3221472
1996-10-25,40.0406,40.1490,39.5234,39.6235,3557403
1996-10-28,39.6235,39.6235,38.7893,38.7893,3482597
1996-10-29,38.5808,38.6892,37.8550,38.1637,5387879
1996-10-30,38.1637,38.5808,37.8550,38.2721,4177662
1996-10-31,38.3722,38.8977,37.9551,38.3722,3576277
1996-11-01,38.3722,38.4807,37.3295,37.6465,6528312
1996-11-04,37.8550,37.9551,37.1209,37.3295,4190303
1996-11-05,37.3295,38.7893,36.8123,38.6892,5175757
1996-11-06,38.5808,39.6235,38.4807,39.1063,5364675
1996-11-07,38.8977,40.7746,38.7893,40.2491,5954978
1996-11-08,40.4577,40.5661,40.0406,40.4577,3563463
1996-11-11,40.5661,41.8174,40.2491,41.7089,4689178
1996-11-12,43.2772,44.0029,42.3346,43.3773,11074459
1996-11-13,43.4857,43.5858,42.6515,43.2772,4614373
1996-11-14,44.8371,45.6713,43.3773,45.5712,8434459
1996-11-15,45.6713,45.6713,44.0029,44.8371,5856623
1996-11-18,44.8371,45.0456,44.3199,44.6286,2909264
1996-11-19,44.6286,45.9883,44.5284,45.9883,5082251
1996-11-20,45.9883,46.1968,45.5712,45.7797,4514632
1996-11-21,45.8798,45.8798,44.6286,44.9455,2771775
1996-11-22,45.0456,46.4054,44.9455,45.7797,3403117
1996-11-25,45.6713,45.7797,45.2542,45.7797,3141645
1996-11-26,45.5712,45.6713,44.5284,44.9455,3463723
1996-11-27,44.7370,46.6139,44.5284,46.5055,4696796
1996-11-29,46.5055,46.6139,45.2542,46.1968,1419394
1996-12-02,45.7797,47.1311,45.6713,46.9225,3785108
1996-12-03,46.9225,47.7567,45.8798,46.0884,4653160
1996-12-04,45.8798,46.2969,45.0456,45.7797,3077056
1996-12-05,45.6713,45.7797,44.5284,44.7370,2521731
1996-12-06,43.0686,45.5712,42.9602,44.7370,4627532
1996-12-09,44.9455,45.9883,44.9455,45.6713,3386147
1996-12-10,46.2969,47.0310,45.9883,46.0884,5445714
1996-12-11,45.3552,45.7732,44.6279,44.9372,4390130
1996-12-12,45.6729,46.1913,44.6279,44.8369,3922770
1996-12-13,44.6279,45.3552,44.5192,44.9372,2628399
1996-12-16,45.5642,45.6729,45.0459,45.0459,3653160
1996-12-17,44.8369,45.3552,44.6279,44.7282,3467013
1996-12-18,44.9372,47.4453,44.9372,47.1360,6157056
1996-12-19,47.3450,48.1810,46.5090,48.0723,6062511
1996-12-20,49.2261,49.3264,47.8633,48.1810,5950649
1996-12-23,49.2261,49.6441,48.8081,49.2261,5922424
1996-12-24,49.4351,50.6892,49.4351,50.4801,3024935
1996-12-26,50.7895,53.1973,50.6892,52.9883,5157922
1996-12-27,52.5702,52.6706,51.2075,51.5252,3297143
1996-12-30,51.5252,52.3612,51.5252,51.7342,2555671
1996-12-31,51.7342,52.3612,51.1072,51.2075,2774026
1997-01-02,51.4165,51.4165,49.4351,50.0621,4728658
1997-01-03,50.5805,51.7342,50.4801,51.7342,4017316
1997-01-06,51.8345,52.1522,50.7895,51.6255,4388918
1997-01-07,51.4165,51.7342,50.6892,51.4165,3463377
1997-01-08,52.3612,53.5066,51.9432,53.1973,9611256
1997-01-09,53.5066,54.3427,52.3612,54.3427,7022338
1997-01-10,54.9697,56.8508,54.3427,55.4964,16970043
1997-01-13,54.9697,55.4964,54.7607,54.9697,4923636
1997-01-14,55.0784,56.3324,55.0784,56.0147,4918269
1997-01-15,56.0147,56.4328,55.5967,56.1234,5005887
1997-01-16,56.4328,57.6868,56.2237,57.3775,6988744
1997-01-17,57.5865,58.3139,57.3775,57.7955,5085022
1997-01-20,57.5865,57.5865,56.3324,56.4328,3559653
1997-01-21,55.3877,58.0045,55.3877,57.0598,5678269
1997-01-22,57.6868,58.3139,57.4778,58.0045,4719308
1997-01-23,57.8958,58.2135,56.7505,56.7505,4207446
1997-01-24,56.9595,57.0598,55.0784,55.3877,4884675
1997-01-27,55.2874,55.2874,53.0886,54.1336,4733853
1997-01-28,55.0784,56.4328,54.8694,55.9144,4342857
1997-01-29,55.9144,56.1234,54.8694,55.1787,2062338
1997-01-30,55.1787,56.2237,55.1787,55.7054,2166407
1997-01-31,55.8057,57.6868,55.8057,57.0598,3988918
1997-02-03,56.2237,56.7505,55.7054,55.8057,2241386
1997-02-04,55.4964,56.9595,55.4964,56.5414,4349610
1997-02-05,56.3324,56.3324,52.0435,53.7156,6065801
1997-02-06,53.7156,56.0147,53.5066,55.4964,5272900
1997-02-07,55.8057,56.3324,54.6604,55.9144,3357576
1997-02-10,55.0784,57.1685,55.0784,56.4328,4327619
1997-02-11,55.5967,56.0147,51.8345,53.0886,10061472
1997-02-12,53.2976,53.9246,51.4165,53.2976,8104069
1997-02-13,52.8796,53.1973,52.2526,52.6706,6194978
1997-02-14,52.7793,53.7156,52.5702,52.8796,4069783
1997-02-18,52.5702,52.8796,51.9432,51.9432,2775065
1997-02-19,51.8345,52.8796,51.6255,52.3612,2836710
1997-02-20,51.9432,52.5702,48.8081,49.9534,6043983
1997-02-21,49.9534,50.2711,49.0171,49.4351,4786666
1997-02-24,48.9084,50.0621,48.9084,49.1174,3259740
1997-02-25,48.6994,48.9084,47.4453,47.9720,7736970
1997-02-26,48.9084,49.0171,47.3450,48.9084,5283636
1997-02-27,49.1174,49.1174,46.4003,46.4003,4946494
1997-02-28,46.4003,47.4453,45.9822,46.8183,5797749
1997-03-03,46.9270,47.3450,46.4003,46.6093,2707532
1997-03-04,46.8183,48.6994,46.4003,47.7630,5961731
1997-03-05,48.3900,48.5991,47.4453,48.1810,3819221
1997-03-06,48.0723,49.6441,48.0723,49.1174,5800692
1997-03-07,49.5354,50.2711,49.4351,49.6441,3846407
1997-03-10,49.6441,49.9534,48.1810,48.2814,2079481
1997-03-11,48.5991,49.6441,48.2814,48.3900,3010043
1997-03-12,48.0728,48.8017,47.4444,47.8633,3975931
1997-03-13,47.4444,47.9639,46.7072,46.7072,2479308
1997-03-14,47.4444,47.4444,46.1877,46.2883,2505455
1997-03-17,46.0788,46.3972,45.2410,46.2883,3584762
1997-03-18,46.4977,47.3355,45.5594,46.9166,3534026
1997-03-19,46.4977,46.7072,45.7688,45.9783,3213160
1997-03-20,46.1877,47.6539,45.9783,47.4444,3806407
1997-03-21,47.3355,47.3355,46.2883,47.0255,3589264
1997-03-24,46.6066,48.1733,46.1877,48.0728,3453334
1997-03-25,49.0111,50.0584,48.9106,48.9106,5310303
1997-03-26,49.6395,52.1529,49.5389,50.7370,7814373
1997-03-27,50.6867,52.2618,50.3767,50.8962,5309783
1997-03-31,50.5862,51.2145,49.8489,50.6867,3857143
1997-04-01,50.1673,50.5862,49.7484,49.9578,3899048
1997-04-02,49.5389,49.9578,48.9106,49.3295,3286234
1997-04-03,48.8017,49.9578,48.7011,49.8489,2876017
1997-04-04,49.2206,50.4773,49.2206,50.0584,3668399
1997-04-07,50.5862,52.0523,50.4773,51.2145,3449004
1997-04-08,51.1056,51.2145,48.8017,49.8489,6247965
1997-04-09,49.6395,50.5862,49.2206,49.4300,3953593
1997-04-10,49.3295,50.4773,48.8017,50.1673,3300087
1997-04-11,49.4300,50.1673,48.5922,48.9106,2912035
1997-04-14,49.0111,49.4300,47.9639,49.2206,2733506
1997-04-15,49.9578,49.9578,48.7011,49.1200,2144588
1997-04-16,49.1200,49.7484,49.0111,49.5389,1821126
1997-04-17,49.4300,49.9578,48.3828,48.7011,2150476
1997-04-18,48.7011,48.9106,47.2350,47.4444,2535757
1997-04-21,47.6539,48.1733,46.3972,47.0255,2409351
1997-04-22,47.1261,48.2822,46.3972,48.2822,3097143
1997-04-23,48.0728,49.3295,47.9639,48.7011,2414892
1997-04-24,49.0111,49.4300,48.1733,48.5922,2624762
1997-04-25,48.2822,48.3828,46.1877,46.3972,3185974
1997-04-28,45.9783,46.7072,45.9783,46.3972,3062857
1997-04-29,48.5922,48.7011,47.5450,47.6539,3098009
1997-04-30,47.3355,48.4917,47.2350,47.8633,4161212
1997-05-01,48.1733,49.1200,47.7544,47.7544,3526407
1997-05-02,48.2822,50.8962,48.0728,50.3767,5020260
1997-05-05,50.3767,52.9907,50.2678,52.8901,7810736
1997-05-06,52.3623,52.6807,50.7956,51.1056,5329524
1997-05-07,51.0051,52.6807,51.0051,51.4240,3931256
1997-05-08,51.2145,52.1529,50.4773,50.4773,3021645
1997-05-09,50.7956,51.9434,50.5862,51.9434,3758614
1997-05-12,52.1529,53.6190,51.9434,53.3090,7322251
1997-05-13,53.5185,53.9374,52.0523,52.2618,5670130
1997-05-14,52.5718,53.7279,52.4712,53.3090,3749091
1997-05-15,53.3090,54.0379,53.0996,53.8285,2935238
1997-05-16,53.4096,53.5185,52.3623,52.5718,3499567
1997-05-19,52.4712,52.8901,52.0523,52.2618,2120866
1997-05-20,51.7340,53.3090,51.7340,53.2001,2827705
1997-05-21,53.5185,54.2474,53.4096,53.9374,3518269
1997-05-22,53.7279,53.9374,53.2001,53.2001,2226147
1997-05-23,53.3090,54.6663,53.3090,54.6663,3764329
1997-05-27,54.3563,55.8224,54.2474,55.8224,4534373
1997-05-28,55.6130,56.8697,55.4035,56.5513,4947013
1997-05-29,56.5513,56.7607,55.7135,55.7135,3103030
1997-05-30,54.1468,55.8224,54.1468,55.6130,5122770
1997-06-02,55.5040,56.3418,55.4035,55.9229,2189610
1997-06-03,55.4035,55.6130,54.5657,54.7752,2429610
1997-06-04,54.4568,54.8757,53.6190,54.7752,3208831
1997-06-05,54.8757,55.7135,54.6663,54.9846,2284675
1997-06-06,54.9846,56.0319,54.8757,55.9229,2368139
1997-06-09,56.1324,56.5513,55.9229,56.1324,3267360
1997-06-10,56.1324,56.4508,55.5040,55.7135,2972987
1997-06-11,56.1324,58.1264,55.9229,57.4980,6081212
1997-06-12,57.3880,58.6469,57.0691,58.0174,5359134
1997-06-13,57.9083,59.1672,57.8076,58.7476,6713766
1997-06-16,58.8567,59.0665,58.4371,58.5378,2961905
1997-06-17,58.5378,60.4261,58.4371,59.5868,5961039
1997-06-18,59.1672,60.8457,58.9574,60.7450,4467186
1997-06-19,60.3254,60.4261,59.3770,59.4861,3581299
1997-06-20,60.0065,60.3254,59.5868,60.3254,3882597
1997-06-23,60.1156,60.3254,59.1672,59.1672,2369524
1997-06-24,59.5868,60.1156,58.3280,59.9058,2599308
1997-06-25,61.1646,63.0529,60.4261,62.9438,8044502
1997-06-26,63.1537,65.2518,63.0529,64.4125,7463723
1997-06-27,64.8825,66.2505,64.4125,64.5216,5189091
1997-06-30,64.3118,64.5216,62.4235,63.8922,5069783
1997-07-01,63.9929,64.8322,63.2040,63.9929,3472381
1997-07-02,64.6223,66.5107,64.4629,66.1414,5731601
1997-07-03,66.9303,67.5597,66.5610,67.5094,3467186
1997-07-07,67.2492,68.6591,67.1401,67.4590,4692987
1997-07-08,67.3499,69.6579,66.6198,69.2382,8854373
1997-07-09,72.1756,73.0149,71.4455,72.1756,12993766
1997-07-10,71.8063,72.3351,70.1866,71.2356,7276364
1997-07-11,71.2356,72.0749,70.7573,71.4455,4109437
1997-07-14,71.2356,72.1253,71.0258,71.3364,4782857
1997-07-15,71.7560,73.4345,71.3867,73.1240,7023030
1997-07-16,73.8038,75.9522,73.5436,75.4823,5404848
1997-07-17,74.2737,74.9032,73.9632,74.6934,4758442
1997-07-18,73.0149,73.0652,67.9794,68.8186,9045541
1997-07-21,68.6088,68.7682,65.4616,66.2001,9865627
1997-07-22,67.1401,67.4590,66.4100,67.4590,7143723
1997-07-23,67.6101,68.2983,66.5107,66.5107,4507186
1997-07-24,67.5597,67.7695,66.5107,66.8296,6437922
1997-07-25,66.8799,66.9806,65.2518,66.5107,3466494
1997-07-28,66.6198,66.6701,65.6211,65.8309,2435671
1997-07-29,65.0923,65.4112,63.9426,64.3118,4369524
1997-07-30,64.6223,67.9290,64.5720,67.8786,5529004
1997-07-31,68.3990,68.8186,66.8799,67.4590,3462511
1997-08-01,67.2996,67.8199,65.8309,67.7695,3350996
1997-08-04,68.2983,70.9167,67.9794,69.9768,4099221
1997-08-05,70.2369,71.2860,70.0775,70.1866,3116017
1997-08-06,70.1866,70.1866,68.8186,68.9781,3056796
1997-08-07,69.8677,70.0775,67.9794,68.2395,3082251
1997-08-08,67.2996,67.9290,65.9903,67.2996,2988744
1997-08-11,67.2996,67.3499,65.6714,67.0897,2385282
1997-08-12,67.1401,69.0788,66.6701,67.1401,3043117
1997-08-13,68.2395,68.2983,66.4603,67.4590,3194632
1997-08-14,67.6688,69.2382,67.1401,69.2382,3001558
1997-08-15,68.6591,68.6591,67.1401,67.1905,2180952
1997-08-18,66.5107,67.1401,65.5707,67.0897,2727446
1997-08-19,67.1401,67.7192,66.3008,66.9303,3740260
1997-08-20,66.7205,66.8799,65.4616,66.5107,4650390
1997-08-21,66.7708,68.0885,66.3008,67.1401,4566061
1997-08-22,66.4100,66.9303,65.4616,66.6198,3169351
1997-08-25,66.6198,67.9794,66.1414,66.7708,2827705
1997-08-26,66.3008,66.6198,64.8825,65.0923,3494545
1997-08-27,64.9413,65.1511,62.3144,63.7831,6691256
1997-08-28,61.8444,63.5229,61.4752,62.6333,4576796
1997-08-29,62.5242,62.5242,61.4752,61.5843,3027532
1997-09-02,62.0542,64.3118,61.8948,64.3118,4536104
1997-09-03,64.2027,65.0923,63.0529,63.1537,2836710
1997-09-04,63.5733,64.0433,62.2137,62.8935,2595844
1997-09-05,63.4138,64.5720,62.7844,64.3118,4971775
1997-09-08,65.0420,65.2518,64.1524,64.7314,2856623
1997-09-09,64.5216,65.5707,64.4125,64.4629,3120866
1997-09-10,63.8922,64.1524,62.4235,62.4235,2371948
1997-09-11,62.3648,63.4726,55.3906,55.3906,3625455
1997-09-12,59.2698,59.2698,57.4287,58.1685,20012987
1997-09-15,58.6393,58.6897,56.1172,56.3274,5850390
1997-09-16,56.9074,57.9583,56.6468,57.7482,4886234
1997-09-17,58.0088,58.0088,55.4866,55.4866,5761558
1997-09-18,55.7473,56.9074,55.6968,55.8566,4753766
1997-09-19,56.6468,56.6468,55.5959,55.9574,4091429
1997-09-22,56.5375,56.6973,55.9070,56.6973,3711169
1997-09-23,56.7477,57.9079,56.6468,57.3278,5490390
1997-09-24,58.3787,58.6897,58.0088,58.2189,4736277
1997-09-25,58.7990,59.1689,57.5884,57.8490,3550822
1997-09-26,58.3282,58.4291,56.7982,57.5884,2601731
1997-09-29,57.6977,59.7406,57.4287,59.4296,4708399
1997-09-30,59.6902,61.0017,59.4800,60.4300,4964156
1997-10-01,60.5309,61.6322,59.9508,60.2198,3998095
1997-10-02,60.2198,60.4300,58.2189,58.6897,4213506
1997-10-03,59.4800,61.0017,59.3791,60.6906,4550130
1997-10-06,61.4220,61.4809,59.6902,59.6902,3834113
1997-10-07,60.1105,62.5318,60.1105,61.5313,8073766
1997-10-08,61.9012,62.6831,61.5818,62.5318,3841039
1997-10-09,62.2123,63.2127,61.8424,62.7924,2742338
1997-10-10,62.6831,63.0026,62.1114,62.2123,1921386
1997-10-13,62.7924,63.0530,61.9012,62.4225,2026666
1997-10-14,62.3720,62.3720,60.2198,61.0017,2748052
1997-10-15,60.5309,60.5309,58.9588,59.2698,4286407
1997-10-16,59.4800,59.7995,58.0088,58.7486,3708052
1997-10-17,58.4796,58.8495,56.8570,57.7986,5271169
1997-10-20,58.1181,58.7486,57.1681,58.5889,2461991
1997-10-21,58.7486,59.5304,56.6468,57.6977,5992554
1997-10-22,58.1685,59.1101,57.1681,57.2774,3470130
1997-10-23,55.4866,56.2769,54.6459,54.9654,8990130
1997-10-24,56.0163,56.1172,50.4929,53.5951,10001212
1997-10-27,52.3844,53.1747,48.7106,49.6017,7906666
1997-10-28,49.1813,52.8636,47.0796,52.4937,11908744
1997-10-29,52.7544,53.3849,50.8123,51.7539,5441905
1997-10-30,50.4929,51.4933,48.7610,48.9207,9066494
1997-10-31,51.2327,52.3340,50.7619,52.1238,6157749
1997-11-03,52.9141,53.8052,52.9141,53.4942,3329178
1997-11-04,53.4942,54.7552,53.0150,54.3853,2954113
1997-11-05,54.5451,55.2765,53.4942,54.2760,2580606
1997-11-06,53.8052,53.9145,52.8048,53.0150,3151169
1997-11-07,52.9141,52.9141,51.4933,52.3340,4434805
1997-11-10,52.5442,53.5446,51.8632,51.8632,3313939
1997-11-11,52.0734,53.6455,52.0734,52.5442,2713766
1997-11-12,52.1238,53.0738,51.5437,51.5437,4521039
1997-11-13,51.6026,53.3849,51.6026,52.7544,4011256
1997-11-14,53.1243,54.6459,52.4433,54.2760,3149783
1997-11-17,55.4866,55.9070,55.0663,55.6968,2836017
1997-11-18,55.4866,55.6464,53.7548,53.7548,2429264
1997-11-19,53.7548,54.6459,53.1747,53.3344,2934718
1997-11-20,53.3849,55.8061,53.2251,55.2765,3887619
1997-11-21,55.6968,56.5375,55.4866,56.4366,4634286
1997-11-24,56.0163,56.9074,53.8052,53.9650,3893679
1997-11-25,54.6459,55.4866,53.4353,54.4862,3662857
1997-11-26,55.0159,55.5371,53.1747,53.3344,3118961
1997-11-28,53.3344,53.3849,52.8048,52.8636,1804848
1997-12-01,53.0738,55.8566,53.0738,55.8061,3511342
1997-12-02,55.2765,55.2765,52.9645,53.4942,4348399
1997-12-03,52.9645,54.8057,52.7039,54.4358,5155671
1997-12-04,54.9654,54.9654,51.7035,52.2836,5017662
1997-12-05,52.2836,53.7044,51.7035,52.4433,5423204
1997-12-08,52.8048,54.2256,52.5442,53.1243,3305108
1997-12-09,52.8048,53.7044,52.1238,52.2331,2171082
1997-12-10,51.4933,51.4933,49.6017,50.3415,8234113
1997-12-11,49.6063,50.4994,47.4411,47.4411,10172295
1997-12-12,48.8144,49.0250,46.4469,47.0788,8245368
1997-12-15,47.1799,49.1261,46.3374,48.8144,7098874
1997-12-16,49.0250,49.6063,47.0198,47.3905,6200519
1997-12-17,47.3400,48.1319,45.6044,45.6550,9217143
1997-12-18,46.8682,47.7107,46.1773,47.0198,8236364
1997-12-19,46.9693,49.2356,46.4975,49.0755,8065282
1997-12-22,49.2862,50.1287,48.1825,48.8144,4446061
1997-12-23,48.6543,48.9744,47.0198,47.0788,3084156
1997-12-24,47.2894,47.7612,46.6576,46.7587,1643983
1997-12-26,47.1294,47.3905,46.8092,47.1799,1099221
1997-12-29,47.8118,47.9213,46.5986,47.2305,3869957
1997-12-30,47.8118,48.3931,47.7107,48.1319,3727792
1997-12-31,48.1319,48.8649,47.9719,48.1825,3070303
1998-01-02,48.6037,49.2356,48.4942,48.9744,2323117
1998-01-05,49.1851,50.9712,49.0755,50.1287,4931082
1998-01-06,50.1287,50.9206,49.0250,49.4968,3272035
1998-01-07,49.1261,49.2356,47.8118,49.0755,3313074
1998-01-08,49.0250,49.7580,48.2836,48.6543,3685541
1998-01-09,48.5532,48.9155,46.1773,46.7587,5461645
1998-01-12,46.0762,46.8092,45.2843,45.9162,5844502
1998-01-13,46.7587,48.5532,45.9162,48.4437,9396364
1998-01-14,48.4437,48.4437,46.7587,47.9719,4628399
1998-01-15,47.8118,48.0224,46.9187,47.0788,2891429
1998-01-16,47.7107,47.7107,46.5480,47.2894,3618182
1998-01-20,48.0224,48.5532,47.2894,48.3931,3327792
1998-01-21,48.0224,48.8144,47.6517,48.7048,3777489
1998-01-22,47.8623,48.3426,47.4411,47.6517,3056970
1998-01-23,48.0730,48.1825,46.3880,46.5480,3850217
1998-01-26,47.1294,47.9719,46.8092,47.7612,2524848
1998-01-27,47.8118,48.3931,47.7107,47.9213,2784588
1998-01-28,48.4437,50.7605,48.3426,50.4488,6971429
1998-01-29,50.4994,51.3924,49.8169,50.4994,4516017
1998-01-30,50.8111,51.0217,50.0781,50.1792,2801731
1998-02-02,50.8701,52.4455,50.8701,52.3444,3946147
1998-02-03,52.3444,54.6613,52.1338,54.4507,5558269
1998-02-04,53.9199,54.7118,52.7067,54.5518,3901299
1998-02-05,54.7624,55.5038,53.9199,54.1305,4261299
1998-02-06,53.8188,54.3411,52.8668,53.4986,3823030
1998-02-09,53.8693,54.0800,52.8668,53.1279,1718961
1998-02-10,53.2375,55.2342,52.9173,54.7118,4819567
1998-02-11,53.4986,54.3411,51.4430,51.9232,10626494
1998-02-12,52.3444,52.8668,51.0217,51.9737,6743723
1998-02-13,52.1844,52.8162,51.6030,51.6536,2745455
1998-02-17,52.2349,52.6562,51.2913,51.5019,3043636
1998-02-18,51.6536,52.2855,51.2913,51.7631,2669957
1998-02-19,52.1844,52.1844,50.7605,51.3924,4736104
1998-02-20,51.3924,51.6030,50.4488,50.7100,5061472
1998-02-23,51.3419,51.3924,50.0276,50.9712,8915844
1998-02-24,48.4437,50.2382,47.8118,48.5532,14043809
1998-02-25,48.5532,48.8649,48.0730,48.5532,8658009
1998-02-26,48.2330,48.7638,47.9719,48.2330,6096277
1998-02-27,47.7612,47.8623,46.8682,46.8682,8142338
1998-03-02,47.2894,47.7107,47.0788,47.1294,5748918
1998-03-03,46.8682,47.8118,46.8092,47.3905,5561386
1998-03-04,47.5001,48.5532,46.3880,46.8682,7037056
1998-03-05,47.2305,47.5506,46.3880,47.0788,6684502
1998-03-06,44.4418,45.4949,43.8099,44.6524,19224416
1998-03-09,45.0737,45.2843,44.4418,44.7030,5893679
1998-03-10,44.9136,45.1242,44.0711,44.6019,5157230
1998-03-11,44.8023,45.9169,44.7516,45.5960,4622511
1998-03-12,45.9675,46.8119,45.8578,46.5502,4952208
1998-03-13,46.8626,48.0278,46.8119,47.4958,5302338
1998-03-16,47.4958,48.1798,47.3354,47.7576,3452295
1998-03-17,47.7576,47.7576,45.7564,46.2800,5025455
1998-03-18,45.9169,46.6008,45.5454,46.0689,4745801
1998-03-19,46.0689,46.6515,46.0689,46.3391,3645887
1998-03-20,46.2293,46.2800,45.6467,45.7564,4116017
1998-03-23,45.5960,46.1280,45.4947,45.4947,3711688
1998-03-24,45.6467,47.1834,45.5960,46.7021,4637749
1998-03-25,47.7069,48.2389,47.1243,47.7069,6112727
1998-03-26,47.9180,48.3909,47.1834,47.9180,3537662
1998-03-27,48.1798,48.7624,47.9180,48.5513,4964848
1998-03-30,48.1291,48.6020,48.1291,48.5006,4199134
1998-03-31,49.5561,51.2955,49.5054,51.2955,12280866
1998-04-01,50.7720,51.2449,49.6068,51.0844,8304243
1998-04-02,50.6622,52.0386,50.5609,50.8227,5185974
1998-04-03,51.0338,51.0338,50.3498,50.8227,4758961
1998-04-06,50.8227,51.1942,50.1894,50.5609,4246407
1998-04-07,47.2848,48.1291,44.8023,45.1738,16767792
1998-04-08,45.0725,46.5502,44.9627,46.3897,6647965
1998-04-09,46.3897,46.6008,45.3343,45.5960,4160692
1998-04-13,45.5960,45.7564,44.8614,45.2836,2939221
1998-04-14,45.0725,46.2800,45.0725,46.2800,3234978
1998-04-15,46.2800,47.8167,46.2293,47.4452,4817835
1998-04-16,46.9723,47.1834,46.4910,46.6515,2920519
1998-04-17,47.2341,48.1291,46.9132,48.1291,4342165
1998-04-20,48.3402,48.5006,47.6056,48.2896,4159827
1998-04-21,48.4500,48.8131,47.9687,48.5513,3461645
1998-04-22,48.1291,49.2353,47.7576,49.0242,4069264
1998-04-23,48.0785,48.4500,47.4958,47.4958,3280173
1998-04-24,47.4958,48.9228,47.2848,48.6020,3429783
1998-04-27,47.1834,48.3402,47.0737,47.4452,3778874
1998-04-28,47.8167,47.9687,46.4910,47.1834,3294718
1998-04-29,46.9723,48.2896,46.7612,47.2341,4598788
1998-04-30,47.4958,47.9180,46.7612,47.0737,4036883
1998-05-01,46.8626,47.7576,46.5502,47.3945,2406234
1998-05-04,47.3945,48.5513,47.2848,48.0278,3514632
1998-05-05,47.8674,48.3909,47.2848,47.4452,3150996
1998-05-06,47.3354,47.8674,46.9723,47.0737,2755671
1998-05-07,46.8626,47.6056,46.7612,47.1243,2292468
1998-05-08,46.7612,47.9180,46.7612,47.9180,3492468
1998-05-11,48.0785,48.0785,46.7021,47.1834,3057835
1998-05-12,47.0737,47.2341,46.4404,47.1834,3290563
1998-05-13,49.3957,50.2907,48.4500,50.1387,11136104
1998-05-14,50.2401,50.5609,48.5006,49.1846,6450563
1998-05-15,48.9735,49.1339,48.5006,48.6020,3337143
1998-05-18,48.5513,48.9735,46.9723,47.7069,2762944
1998-05-19,48.1291,48.2389,46.8119,46.9723,3223896
1998-05-20,46.7021,47.0230,46.0182,46.2293,3902338
1998-05-21,46.1786,48.4500,46.0182,46.7021,8303030
1998-05-22,46.4910,46.7021,45.8578,46.5502,4145108
1998-05-26,46.8119,47.1243,45.2836,45.8071,4658009
1998-05-27,45.3849,45.8071,44.5406,45.1738,7015238
1998-05-28,44.8023,45.1738,44.1690,44.9627,3692987
1998-05-29,45.2836,45.3849,44.7010,44.7516,3281731
1998-06-01,44.3801,44.5912,43.1136,43.9073,5193074
1998-06-02,44.3295,44.9627,43.7468,44.3295,4481905
1998-06-03,44.7010,44.7516,42.7505,42.9025,4095931
1998-06-04,42.8518,43.7468,42.8011,43.4851,3323290
1998-06-05,43.8059,44.3295,42.9616,43.0122,8396364
1998-06-08,43.4851,44.0170,43.1558,43.9073,2912554
1998-06-09,43.9073,44.2788,43.5949,43.7468,3802251
1998-06-10,43.4851,43.5949,42.3283,42.3283,3254545
1998-06-11,42.3722,42.5838,41.3734,41.6866,4150303
1998-06-12,41.6866,42.5330,41.2634,42.4314,4249351
1998-06-15,42.2198,42.8546,41.4750,41.5258,3128139
1998-06-16,41.7374,42.3722,41.3141,42.3722,3516883
1998-06-17,42.6938,42.9054,41.4750,41.5850,3161039
1998-06-18,41.1025,42.4822,41.1025,42.3722,3385627
1998-06-19,42.5838,42.5838,41.7374,42.1098,2456623
1998-06-22,42.2706,43.1170,41.6866,43.0663,2811948
1998-06-23,43.4302,44.3359,43.3794,44.0143,4542511
1998-06-24,44.5983,46.1811,44.4883,45.9695,5569524
1998-06-25,46.0288,46.5028,44.7591,44.8099,4131775
1998-06-26,44.8099,45.2331,44.2766,44.4375,1957922
1998-06-29,44.6491,45.7071,44.5475,45.6055,3490217
1998-06-30,45.3939,45.4447,44.3359,44.4883,3035325
1998-07-01,44.4883,44.8099,44.1751,44.8099,2807965
1998-07-02,44.4375,44.4883,43.8534,44.0650,2165714
1998-07-06,44.4375,45.4955,44.4375,45.3347,3548225
1998-07-07,45.3347,46.5535,44.9707,46.5535,5327100
1998-07-08,46.4520,46.4520,43.9635,44.1751,7126926
1998-07-09,43.4302,44.6999,43.2779,44.2259,4509783
1998-07-10,44.1243,44.3867,43.5403,44.0143,2322251
1998-07-13,43.5910,44.3867,43.5149,44.1751,3460260
1998-07-14,44.0143,44.1751,43.5910,43.5910,3086234
1998-07-15,43.5910,45.9187,43.5403,45.7071,5061299
1998-07-16,46.3927,46.6636,45.6055,46.0795,4180260
1998-07-17,46.0795,46.0795,45.0723,45.4447,2420433
1998-07-20,45.7071,46.5028,45.4955,45.9695,3386147
1998-07-21,46.5535,47.7216,44.2259,44.5983,8521386
1998-07-22,44.5475,44.9707,44.0143,44.5983,4244156
1998-07-23,44.1243,45.1823,43.7011,43.7011,3039827
1998-07-24,44.0143,44.3359,42.5838,43.3794,3669264
1998-07-27,43.0070,43.8026,42.5838,42.8546,2438095
1998-07-28,42.5330,43.3794,42.3214,42.3722,3804329
1998-07-29,42.5330,42.7954,41.8982,42.0082,2613853
1998-07-30,42.4822,43.8534,42.2198,43.8026,2636710
1998-07-31,43.8534,45.1823,43.6418,44.2259,4144935
1998-08-03,44.2259,45.4955,44.0143,44.6491,4028744
1998-08-04,45.0723,45.6055,42.8546,43.1170,4196017
1998-08-05,42.7446,43.9635,41.8982,43.3286,4070996
1998-08-06,42.7954,44.6491,42.7446,44.4375,4076364
1998-08-07,44.8099,45.8679,44.2259,45.6563,4753939
1998-08-10,45.2839,46.1303,45.0723,45.3347,3857489
1998-08-11,44.8607,44.8607,43.7011,43.9127,4910130
1998-08-12,44.0143,44.6491,43.6418,43.9127,3034632
1998-08-13,44.1243,44.4883,42.6430,42.7446,2547360
1998-08-14,43.1678,43.5910,42.0590,42.1098,2855065
1998-08-17,42.3214,44.0143,41.9490,43.8026,2241558
1998-08-18,43.5910,44.4375,43.4302,44.1243,2660952
1998-08-19,43.9127,44.2259,42.7954,42.9562,2134718
1998-08-20,42.5838,42.7954,41.6866,42.1098,2953247
1998-08-21,41.6866,41.8982,41.0518,41.2126,3046234
1998-08-24,41.2634,42.0082,41.2634,41.6866,2061991
1998-08-25,42.1098,43.5910,42.0590,42.8546,4177835
1998-08-26,42.3722,42.9054,42.0082,42.3722,2125022
1998-08-27,41.6358,41.8474,39.7821,40.6285,4780952
1998-08-28,40.6285,40.9502,38.9357,39.0457,4311515
1998-08-31,38.8849,39.0457,36.1848,36.3456,4878961
1998-09-01,36.3964,36.8196,34.9152,35.9732,6075671
1998-09-02,36.1848,36.6080,35.1268,35.5500,4034978
1998-09-03,34.3311,35.2368,33.7555,33.7555,4410909
1998-09-04,34.2295,34.4412,33.0615,33.7555,3184243
1998-09-08,33.7555,36.3964,33.7555,36.3964,4312035
1998-09-09,36.0832,37.0312,35.4484,35.5500,3745974
1998-09-10,34.9152,35.3384,34.6020,35.2368,3512208
1998-09-11,35.0164,35.8653,34.7533,35.1268,3229783
1998-09-14,35.8653,38.8364,35.8653,38.8364,4400173
1998-09-15,38.0384,38.4119,36.7142,37.2999,2805887
1998-09-16,38.3610,40.5851,38.1488,40.1097,4841212
1998-09-17,38.3610,40.3729,38.3101,39.0486,3648658
1998-09-18,39.0995,39.8975,38.4119,39.4730,3027705
1998-09-21,37.5631,41.5443,37.5631,41.1708,3328485
1998-09-22,41.5443,41.5443,39.5834,40.3729,3590649
1998-09-23,40.4832,41.1708,39.7956,40.8567,2722770
1998-09-24,40.7464,41.5443,40.1097,41.1708,3489697
1998-09-25,40.7464,41.3321,39.6853,40.0078,2689870
1998-09-28,39.7362,39.8465,37.7243,38.0978,4550476
1998-09-29,38.0978,38.9467,37.0367,37.8262,3364156
1998-09-30,37.4018,37.5631,35.5512,36.4001,3528831
1998-10-01,35.4918,36.0266,34.8042,34.9655,3404502
1998-10-02,34.9145,35.2796,33.6921,33.9553,4928312
1998-10-05,33.9553,34.3797,32.5801,32.7329,4675844
1998-10-06,37.3508,37.7753,35.2286,35.4918,11593593
1998-10-07,35.4918,37.4612,35.0164,37.1386,6927100
1998-10-08,35.4918,38.1997,35.2286,37.9366,6503896
1998-10-09,37.1386,38.7345,37.1386,38.5223,3288485
1998-10-12,39.0486,40.0078,38.8873,39.7956,2899740
1998-10-13,39.3118,39.6853,37.7243,38.0384,2052468
1998-10-14,37.9366,40.4832,37.8856,39.5834,3088485
1998-10-15,39.5834,41.1199,39.0995,40.5341,3267013
1998-10-16,41.5952,42.4951,41.2812,41.5952,5643636
1998-10-19,41.3830,42.1810,40.7464,41.8075,2913593
1998-10-20,41.8075,42.5545,40.9586,41.0689,4641039
1998-10-21,41.3321,41.9688,40.9586,41.5443,2506666
1998-10-22,41.3830,41.3830,39.8975,40.3729,3226666
1998-10-23,40.0078,41.3830,39.9484,40.1097,2158961
1998-10-26,41.4934,42.0197,40.5851,41.5952,2846753
1998-10-27,42.3423,43.4543,42.1300,42.3423,4627705
1998-10-28,42.0706,43.9297,42.0197,43.5052,3738009
1998-10-29,43.9297,44.9908,43.3439,44.0910,3586666
1998-10-30,44.1419,44.5154,43.5052,44.1419,2873420
1998-11-02,43.9297,45.6784,43.5562,45.3134,3548571
1998-11-03,45.6274,45.8397,44.2522,44.5154,3406234
1998-11-04,44.9908,46.2132,44.7786,45.8397,4590649
1998-11-05,45.2539,46.3745,45.0417,45.8906,3699394
1998-11-06,45.6784,47.1130,45.4662,46.2641,4443636
1998-11-09,45.8397,45.8397,44.4050,45.3134,4010043
1998-11-10,44.9398,45.8906,44.9398,45.6784,2609178
1998-11-11,45.7378,46.7395,44.8889,45.3134,3655931
1998-11-12,45.2030,45.6784,44.7276,45.3643,2542511
1998-11-13,45.3643,47.5374,45.1521,46.6885,6310822
1998-11-16,47.1130,49.2352,47.0111,49.2352,7925022
1998-11-17,48.8107,49.6087,48.0128,49.0739,5295412
1998-11-18,48.8107,49.4474,48.5985,48.8107,2777835
1998-11-19,48.9211,50.1944,48.8617,49.4474,4228571
1998-11-20,50.4576,52.4694,50.0841,52.3166,8934718
1998-11-23,52.3676,52.5289,51.3065,52.2572,5208139
1998-11-24,50.9330,51.7818,50.7207,51.3574,4647965
1998-11-25,51.7818,53.0042,51.3574,51.9941,4696796
1998-11-27,52.1553,52.3166,51.3065,51.4678,1264069
1998-11-30,53.0552,54.2266,52.5289,52.5289,7521212
1998-12-01,51.9431,53.6409,51.6800,53.5305,5280000
1998-12-02,53.1655,53.3777,52.3676,53.2674,2850909
1998-12-03,51.8922,54.5916,51.8328,52.1044,6802770
1998-12-04,52.6817,53.4796,51.3574,52.5798,3720519
1998-12-07,52.5798,52.5798,51.2555,52.5289,13418701
1998-12-08,52.2063,53.4796,51.1452,51.6800,6805541
1998-12-09,51.7309,51.7818,49.8209,50.9839,3814545
1998-12-10,50.0841,50.6189,48.3863,48.8617,4309091
1998-12-11,47.6884,48.9644,47.6884,48.5391,2676710
1998-12-14,48.0627,48.3860,46.9994,47.3227,2961905
1998-12-15,47.4758,48.4881,47.0504,47.5864,4626147
1998-12-16,48.1733,49.5514,47.4247,48.9134,6150822
1998-12-17,49.2877,50.8274,48.5987,50.8274,4696104
1998-12-18,51.0401,51.2527,49.9257,50.0873,3434286
1998-12-21,50.4531,52.1034,50.3510,51.3038,3997230
1998-12-22,52.1544,52.3161,50.3000,50.5127,3581299
1998-12-23,50.7253,51.3633,50.3510,50.7253,4263204
1998-12-24,50.6147,51.2527,50.5127,50.9890,1010390
1998-12-28,51.5760,51.7291,51.0401,51.2527,1907532
1998-12-29,51.6270,52.1544,51.0911,52.0013,3100779
1998-12-30,52.0013,52.5798,51.8397,51.8907,3045368
1998-12-31,52.0013,52.5798,51.7887,51.9418,2056450
1999-01-04,53.5410,55.2934,53.2178,55.2934,6614892
1999-01-05,54.8681,58.0581,54.7660,57.8454,7172987
1999-01-06,58.4834,58.8577,56.6204,57.8454,7056970
1999-01-07,56.6800,58.4324,56.6204,58.0581,5209870
1999-01-08,59.0704,60.3974,58.3813,59.2320,7541991
1999-01-11,59.5467,60.8227,58.9087,59.3851,5910130
1999-01-12,59.6573,59.7084,57.3690,57.4201,7744243
1999-01-13,56.0420,61.1460,55.5061,60.2953,9012121
1999-01-14,60.8227,60.8227,56.3567,56.5694,15984762
1999-01-15,58.2197,59.1214,57.7944,58.5940,6645368
1999-01-19,59.1725,59.4957,57.2074,59.1214,4470476
1999-01-20,59.7594,61.6224,59.3341,60.8738,8676883
1999-01-21,60.2358,60.8227,57.8454,58.4834,3879827
1999-01-22,57.4201,59.4447,56.9947,58.6961,3642770
1999-01-25,58.8577,59.5467,58.8067,59.3341,4113247
1999-01-26,59.3341,61.6734,59.1214,60.8738,5100606
1999-01-27,61.4097,61.8350,59.9721,59.9721,4022338
1999-01-28,60.3974,62.0477,60.3974,61.6734,4103030
1999-01-29,61.6734,62.5241,61.0865,61.4607,4178701
1999-02-01,61.5118,61.7245,59.2830,59.4447,2709610
1999-02-02,59.0193,59.4447,57.8454,59.0193,3193074
1999-02-03,58.5940,59.3851,58.0070,59.3851,3909957
1999-02-04,58.8067,59.3341,57.2074,57.8965,3450390
1999-02-05,56.9947,57.2074,54.7660,56.5184,4496623
1999-02-08,57.8454,58.6450,56.9947,58.1091,4165541
1999-02-09,58.6961,59.3851,56.1441,56.1951,5393247
1999-02-10,56.1951,56.4673,54.7064,55.6677,4742338
1999-02-11,56.6800,57.6327,56.1951,57.2074,4282251
1999-02-12,56.6800,57.4201,55.2934,55.2934,4554805
1999-02-16,56.1441,56.3567,54.1790,55.3444,3239134
1999-02-17,55.3444,56.3057,53.8558,54.0174,4945282
1999-02-18,55.2934,57.2585,54.1790,56.4673,5367619
1999-02-19,56.1441,58.3813,56.0420,57.3180,3081039
1999-02-22,57.8454,59.4957,57.2585,59.2830,3946147
1999-02-23,58.9087,59.7084,58.2707,59.0193,3270303
1999-02-24,59.7084,63.3237,59.5978,61.5713,10738528
1999-02-25,60.8227,61.1460,59.7594,60.9333,5255065
1999-02-26,59.8105,59.9210,58.0581,59.7594,4660779
1999-03-01,59.2320,59.2320,57.1053,57.7944,4155498
1999-03-02,58.5940,59.0704,57.2074,57.4711,3874632
1999-03-03,57.5307,58.3218,55.7187,56.4078,4304588
1999-03-04,56.1951,58.0581,55.6167,56.9947,3591515
1999-03-05,58.4324,59.2320,57.8965,59.0704,3210390
1999-03-08,59.0704,60.6101,58.8067,60.3974,3676191
1999-03-09,59.9721,61.9371,59.6573,60.7207,4882597
1999-03-10,59.8700,60.1847,58.1091,59.5467,3370909
1999-03-11,60.0760,60.4509,58.1587,59.0108,3810043
1999-03-12,59.0108,59.0108,57.7326,57.7837,3079134
1999-03-15,56.7186,58.5336,56.2925,57.9456,3120866
1999-03-16,58.3717,60.0760,58.2098,59.6499,4333334
1999-03-17,60.4509,60.7151,59.1727,59.2239,3566926
1999-03-18,60.2890,62.9562,59.9141,61.8911,6904935
1999-03-19,62.5813,63.8084,60.5021,61.4053,5482424
1999-03-22,61.3031,62.9562,60.9793,61.4053,3638269
1999-03-23,60.5532,60.6640,59.5477,59.6499,4551861
1999-03-24,60.5021,61.3542,59.8118,61.0389,4439308
1999-03-25,61.5673,62.1041,60.7662,61.6184,5332640
1999-03-26,61.6184,65.9387,61.1923,63.6976,11460606
1999-03-29,63.4846,65.3508,63.3227,64.1748,4739394
1999-03-30,64.1748,65.3508,64.0214,64.0725,6518961
1999-03-31,64.2856,65.0269,62.2064,62.4194,4521039
1999-04-01,63.2715,63.6976,61.8911,63.0585,3863030
1999-04-05,63.8595,65.5638,63.4334,65.5127,4988225
1999-04-06,65.5127,67.5322,64.9247,65.5127,6079308
1999-04-07,66.4159,67.9072,66.0410,66.8931,6651429
1999-04-08,66.8931,70.1994,66.3648,69.4496,9454199
1999-04-09,71.1027,71.3158,70.3017,70.7278,8578182
1999-04-12,69.8756,70.3017,68.9724,69.5007,6405368
1999-04-13,69.5007,70.8386,68.3333,70.6766,5553766
1999-04-14,72.4321,73.2842,70.3017,70.8386,17836883
1999-04-15,69.8756,69.9268,66.0410,68.3333,8287273
1999-04-16,68.5974,69.1854,67.4811,68.0691,4769870
1999-04-19,68.1714,68.5974,62.8455,65.2400,6249351
1999-04-20,65.4019,66.0410,62.9562,64.5497,4970043
1999-04-21,64.7628,68.5974,64.5497,68.3333,7461991
1999-04-22,70.0375,70.0887,68.2225,69.4496,5640866
1999-04-23,69.2365,69.5007,66.8931,69.1854,3089697
1999-04-26,68.2821,70.6255,68.2225,69.3473,2888658
1999-04-27,70.1398,70.1398,66.8931,66.8931,2952208
1999-04-28,67.4811,67.5322,65.9387,66.1518,3067879
1999-04-29,66.3648,67.9583,65.9899,66.6801,4527792
1999-04-30,67.7964,68.2821,66.2029,68.1714,3817143
1999-05-03,67.9583,69.6626,67.5834,69.5007,3122424
1999-05-04,68.5974,69.3473,66.4671,66.5778,2701299
1999-05-05,66.5778,68.6486,64.9247,68.4952,2750130
1999-05-06,68.1714,68.1714,65.8280,67.1062,2745282
1999-05-07,67.1573,67.9072,65.1377,66.2029,5213160
1999-05-10,68.0691,69.7734,67.5322,69.7734,4975065
1999-05-11,70.7278,73.4972,70.3528,73.1819,8567619
1999-05-12,73.0712,74.3494,71.1538,74.0852,6015584
1999-05-13,74.5113,75.7384,72.8581,72.8581,4467186
1999-05-14,71.3669,72.2190,70.3017,70.6255,4130217
1999-05-17,69.7734,70.3528,68.8105,70.1398,3284502
1999-05-18,71.5799,72.5940,71.1538,72.2190,3681558
1999-05-19,72.4321,73.2842,71.5288,72.4321,2969870
1999-05-20,72.4321,73.1223,70.8386,70.8386,2478442
1999-05-21,71.1538,74.1363,70.8897,73.3353,3517576
1999-05-24,73.3950,74.6135,72.8581,73.6080,5452295
1999-05-25,73.7103,73.7103,67.0039,67.3192,6914805
1999-05-26,69.2365,70.5147,68.1714,69.8756,7295584
1999-05-27,69.0746,70.0887,67.5322,68.2225,3660260
1999-05-28,68.2821,70.5659,67.6430,70.5659,2923636
1999-06-01,70.3528,70.7278,67.1062,67.1062,2329870
1999-06-02,67.9072,70.7278,67.4811,70.4636,4424416
1999-06-03,70.5659,71.6907,69.9864,70.5147,2902511
1999-06-04,70.8386,75.0396,70.8386,74.8862,4352035
1999-06-07,74.1363,74.1875,72.4321,73.1819,2314459
1999-06-08,73.3353,74.2983,70.9919,71.6310,2446234
1999-06-09,71.6907,73.2842,71.6907,72.1679,2451256
1999-06-10,72.0060,72.0571,70.3017,70.3528,2449351
1999-06-11,70.8296,73.0142,70.5650,71.1538,4366753
1999-06-14,72.1608,73.9273,71.4184,73.2873,3758614
1999-06-15,73.3897,76.8031,73.3897,76.7519,6386147
1999-06-16,77.0165,77.4432,75.8986,76.5386,5649870
1999-06-17,75.8474,77.6565,75.6852,77.1274,3135757
1999-06-18,77.3920,79.9521,77.1274,79.4742,6850043
1999-06-21,80.2166,82.4610,79.7387,82.4012,4841905
1999-06-22,80.8566,82.5122,79.7899,79.7899,3677056
1999-06-23,79.5766,79.9009,78.0320,78.0832,3888831
1999-06-24,77.9211,78.0832,75.2073,75.9498,4486061
1999-06-25,76.8031,77.2298,75.9498,76.8031,3380260
1999-06-28,77.1274,78.5611,77.0677,78.4075,3317922
1999-06-29,78.4075,80.5409,78.2965,80.5409,3273766
1999-06-30,79.7899,81.8210,78.7744,80.8566,5142165
1999-07-01,80.9078,84.1080,80.4812,83.8946,5043117
1999-07-02,83.6813,84.5944,82.7767,83.8946,2744935
1999-07-06,83.3143,84.6968,82.3500,82.7255,2783377
1999-07-07,82.2476,83.1522,79.8411,80.8566,5156710
1999-07-08,81.3345,83.9544,81.3345,83.5789,4497662
1999-07-09,84.2701,85.4990,83.7410,85.0723,5371601
1999-07-12,85.0211,85.0723,83.7922,84.4835,4603290
1999-07-13,83.6301,84.1677,81.8210,82.3500,3707532
1999-07-14,80.8566,81.9234,79.8411,80.9676,8374026
1999-07-15,82.9901,85.3368,82.2476,84.9101,7691601
1999-07-16,84.9613,84.9613,83.2034,83.2034,4237576
1999-07-19,83.2034,83.2034,80.4300,80.7542,3654718
1999-07-20,80.9078,80.9078,76.9141,77.2298,6480347
1999-07-21,77.6565,80.9676,77.2298,79.3633,5635152
1999-07-22,80.0033,80.2166,76.1631,76.9653,3999308
1999-07-23,78.0832,78.2965,75.4207,76.3765,4799308
1999-07-26,76.2741,76.8031,75.2073,75.2073,4337489
1999-07-27,75.8474,79.1499,74.1406,78.9366,5250736
1999-07-28,77.8699,79.2608,76.6410,78.5099,5667532
1999-07-29,76.8031,78.0320,76.0010,77.3920,4395844
1999-07-30,77.4432,78.6208,77.0165,77.8699,3199653
1999-08-02,78.5099,80.6433,78.2965,79.2608,5885195
1999-08-03,80.0033,80.1142,73.4409,77.4432,6352381
1999-08-04,78.2965,78.5611,76.2143,77.4432,5855238
1999-08-05,75.9498,76.2741,73.8164,75.0964,4864762
1999-08-06,74.8831,76.7519,74.8319,75.7364,2847100
1999-08-09,75.4207,77.8699,74.0809,77.7675,2610563
1999-08-10,77.2298,77.2298,74.4564,75.5231,3327792
1999-08-11,76.3765,79.3633,75.8986,79.1499,3530736
1999-08-12,78.9366,78.9366,74.7807,74.8831,4210909
1999-08-13,76.9141,79.3633,76.1119,79.3633,4142511
1999-08-16,78.6208,78.7744,77.8699,78.2965,2175584
1999-08-17,77.2810,77.6053,76.2143,76.5386,3159134
1999-08-18,76.4874,77.1274,75.3610,75.6852,2396017
1999-08-19,75.2073,75.2585,73.7140,73.9273,2757403
1999-08-20,74.1918,75.6852,73.9785,74.9343,2123983
1999-08-23,74.7807,77.0165,74.5673,76.7519,2857143
1999-08-24,76.0607,78.9878,76.0607,78.5099,3097143
1999-08-25,78.5099,78.5099,77.0165,77.4944,2665282
1999-08-26,78.0832,79.3633,77.5541,78.2965,3360000
1999-08-27,78.8854,80.6433,77.6565,79.4145,2933334
1999-08-30,79.6278,81.2321,77.8699,78.9366,2766061
1999-08-31,78.6720,79.3120,76.8031,78.7232,2602944
1999-09-01,78.7232,79.2011,75.9498,78.2965,4857662
1999-09-02,76.8031,77.3920,76.1119,77.1274,2744069
1999-09-03,79.2608,81.2321,78.4587,81.1809,4059567
1999-09-07,81.9234,86.6169,81.7100,85.3368,6674805
1999-09-08,84.4835,85.9769,82.7767,83.2546,5201039
1999-09-09,83.7922,84.4835,83.1522,84.2189,3036191
1999-09-10,84.4835,84.5944,83.0413,84.2701,5461818
1999-09-13,82.4594,82.4594,77.1700,77.2298,7327965
1999-09-14,77.7084,80.7504,77.5973,79.6310,6179221
1999-09-15,78.1869,78.2381,73.8631,74.0255,17626494
1999-09-16,74.7689,76.5890,74.5552,74.9312,12963463
1999-09-17,76.0506,77.5460,76.0506,76.4779,8032554
1999-09-20,76.5890,78.6141,76.3753,77.4947,4314459
1999-09-21,76.6915,76.8538,74.1793,75.0936,7703377
1999-09-22,75.0936,75.5208,72.2054,73.2735,7385455
1999-09-23,73.2735,73.6495,71.0347,71.5132,6770217
1999-09-24,71.7781,73.2222,70.0691,70.8211,7845887
1999-09-27,72.4703,76.0506,71.9917,73.9144,7087100
1999-09-28,75.8370,76.5890,74.3929,75.7345,6423030
1999-09-29,76.4266,77.0675,75.7857,76.3155,5285022
1999-09-30,76.4779,77.6571,74.9312,75.1961,6465974
1999-10-01,75.5208,76.3155,74.0767,76.1019,4933853
1999-10-04,76.5890,80.1095,76.3753,80.0582,5349783
1999-10-05,79.5199,80.1608,78.2381,78.2381,3662684
1999-10-06,78.2381,80.6991,78.0843,79.2550,5705282
1999-10-07,79.6822,79.6822,77.2298,78.3492,3216450
1999-10-08,78.5629,80.0070,78.0245,79.4686,4011082
1999-10-11,80.1095,82.8354,79.9471,82.5705,6233939
1999-10-12,83.2626,84.1171,80.6991,81.1264,7984243
1999-10-13,79.4686,80.9127,76.4779,77.2298,7851775
1999-10-14,77.4435,79.4686,77.0675,79.2550,5075844
1999-10-15,77.4435,77.7596,74.8201,75.1961,6267360
1999-10-18,75.6234,76.8026,74.1280,75.3072,5301991
1999-10-19,75.5721,76.8538,73.8118,74.1793,4640000
1999-10-20,74.1793,75.6746,72.6326,75.4610,5323117
1999-10-21,75.1961,76.1617,74.1280,75.8370,4196017
1999-10-22,77.6571,80.6991,77.5973,80.1608,6616277
1999-10-25,79.6310,79.9471,76.7428,78.7765,5517749
1999-10-26,79.4686,80.2719,78.4005,78.6141,3884675
1999-10-27,78.5116,79.0414,77.0675,78.0843,3664416
1999-10-28,78.8277,80.3744,78.5116,80.0582,4292640
1999-10-29,82.0321,84.3307,82.0321,83.1515,5953420
1999-11-01,84.5444,87.5864,84.3820,87.3728,7904762
1999-11-02,88.1760,89.6201,87.1079,87.5864,6830649
1999-11-03,88.3383,88.8681,87.1079,88.2273,5003290
1999-11-04,92.2349,92.8245,90.1499,91.0044,7927446
1999-11-05,92.7134,98.3787,92.7134,97.6780,9582338
1999-11-08,96.9859,99.7630,94.0464,95.2769,6789610
1999-11-09,95.4905,96.1314,92.7134,94.4224,5049004
1999-11-10,94.1062,99.9254,93.6192,99.7630,5514113
1999-11-11,99.5494,100.3526,96.2425,99.2332,4809351
1999-11-12,99.1222,99.4981,95.6016,99.1222,7199308
1999-11-15,98.2677,99.3358,95.7554,98.2677,4611429
1999-11-16,98.5924,100.5150,96.0801,100.5150,6532121
1999-11-17,100.4039,103.3434,99.6605,101.6857,8163983
1999-11-18,103.3434,106.1718,102.7025,105.7958,5404329
1999-11-19,105.0524,107.8295,104.3602,107.1374,4607792
1999-11-22,107.1374,107.1374,102.3265,103.1810,5021126
1999-11-23,103.3434,103.3434,98.3189,99.8143,5615757
1999-11-24,99.8143,99.9254,97.4132,99.9254,4783377
1999-11-26,101.3097,103.1298,100.6175,101.7113,2068052
1999-11-29,102.2240,104.4628,100.3526,102.1129,4339394
1999-11-30,101.6857,102.7538,97.5755,99.7118,3830303
1999-12-01,97.6268,100.8824,97.6268,99.9254,4106321
1999-12-02,100.9935,103.8219,100.8312,101.3097,4728485
1999-12-03,102.9674,106.6503,102.6512,105.9582,5211256
1999-12-06,107.3510,114.9304,106.1718,111.6321,7185801
1999-12-07,114.1272,114.5544,111.6235,112.3669,4654199
1999-12-08,112.3669,116.5882,110.5554,111.0339,6839308
1999-12-09,110.3930,112.5806,107.2912,111.0339,6139567
1999-12-10,111.0339,111.9397,108.4191,111.9397,4640866
1999-12-13,109.6921,111.4540,107.7677,109.9572,3678614
1999-12-14,109.2644,109.5895,101.6181,102.1056,6169004
1999-12-15,102.5846,111.3514,102.1569,111.3514,8535584
1999-12-16,111.1889,111.5139,108.6743,111.1889,4499740
1999-12-17,113.7548,114.3449,110.5474,112.5231,7066666
1999-12-20,112.8481,119.1004,111.6165,118.8866,4494373
1999-12-21,119.1004,124.2322,117.3898,118.4589,7346666
1999-12-22,118.8866,121.9314,118.5102,121.2386,4389437
1999-12-23,122.7354,126.0540,121.9913,123.8558,5113593
1999-12-27,124.0183,124.7710,120.9222,120.9222,2971429
1999-12-28,121.4524,122.6328,120.8623,122.0426,2326234
1999-12-29,122.1452,125.1987,121.9314,124.5572,2651429
1999-12-30,126.2678,127.8672,125.9941,126.1566,2135065
1999-12-31,126.1566,127.0119,125.7803,125.9428,893160
2000-01-03,129.3640,131.3996,125.0875,127.4395,5923983
2000-01-04,122.7354,124.6598,117.1760,117.9286,7165714
2000-01-05,117.1760,117.5010,111.8303,114.8239,8111861
2000-01-06,114.1824,114.6101,100.9253,101.7806,8271515
2000-01-07,105.2018,110.4448,104.2952,110.1711,11349264
2000-01-10,113.2245,122.8466,112.3692,119.5280,8891082
2000-01-11,115.5765,120.4945,113.2758,113.5409,6018355
2000-01-12,115.3627,118.8352,113.5409,114.4476,6026840
2000-01-13,116.6457,120.1695,114.8239,118.5102,4416623
2000-01-14,123.1630,131.8272,123.1630,129.1501,9091948
2000-01-18,122.7354,125.9941,121.9913,123.1630,11917749
2000-01-19,122.9492,124.3947,119.7419,120.3833,6009697
2000-01-20,121.1360,124.4460,120.0669,120.5972,6581991
2000-01-21,125.9428,126.3191,122.6328,123.4881,5296970
2000-01-24,125.3013,126.1053,119.1004,119.1004,4583896
2000-01-25,120.0669,121.7176,117.4411,121.5636,5354805
2000-01-26,121.3498,124.8736,116.5345,119.3142,5765368
2000-01-27,119.7419,120.2807,116.1068,116.3207,6154632
2000-01-28,118.4589,120.1695,106.9124,109.6921,8174373
2000-01-31,109.9059,116.9621,108.0328,116.3207,7356191
2000-02-01,117.8174,119.3142,113.9173,117.0733,6013853
2000-02-02,117.1760,126.2678,117.1246,123.7019,7121386
2000-02-03,124.9848,130.8094,124.9848,130.6469,7684848
2000-02-04,130.8094,134.7609,128.6199,133.4266,7554632
2000-02-07,132.2549,136.0438,131.0232,135.8899,3549091
2000-02-08,136.8478,138.0281,133.9056,136.7452,5642770
2000-02-09,136.8478,136.8478,130.1166,131.3397,5484156
2000-02-10,131.5535,134.6583,131.3996,132.8108,5761212
2000-02-11,132.1437,132.7852,127.0119,129.3640,5225974
2000-02-14,130.5443,130.5443,125.1388,125.9428,5220779
2000-02-15,126.8494,128.2435,122.3591,127.3882,6226147
2000-02-16,127.3882,129.1501,125.8401,126.4816,4327446
2000-02-17,124.4460,127.1231,122.3077,125.9428,5886580
2000-02-18,125.8401,126.5842,123.7019,123.9670,4407273
2000-02-22,124.8736,135.4622,123.6420,134.0681,7096450
2000-02-23,131.6134,138.3959,129.5265,137.4893,6989264
2000-02-24,136.6340,140.9105,134.7609,140.4829,7530390
2000-02-25,138.5584,139.8414,135.1372,136.2064,4945801
2000-02-28,137.0103,138.3446,132.3062,135.5649,4885541
2000-02-29,136.8478,149.8911,136.5827,147.1114,9883809
2000-03-01,146.6838,146.8463,140.9105,145.5120,6637922
2000-03-02,145.4008,149.6773,142.3046,148.9845,7002424
2000-03-03,150.1050,154.3301,149.2497,149.9425,5482944
2000-03-06,150.9603,157.2724,150.9603,154.4926,4775065
2000-03-07,157.3750,157.9138,151.3879,151.6531,6252814
2000-03-08,152.2945,152.2945,143.9554,144.9219,9382684
2000-03-09,143.0487,144.5455,136.8478,140.2690,7521558
2000-03-10,142.8349,153.9025,141.7145,149.6773,14477749
2000-03-13,142.9373,151.5477,141.2254,143.3652,8289697
2000-03-14,141.8674,146.7889,137.3738,137.9644,8163117
2000-03-15,138.1784,139.5136,128.1728,129.1400,10072900
2000-03-16,132.5636,134.0614,122.8233,129.8846,11230996
2000-03-17,129.2427,130.5265,126.8889,127.9588,10241731
2000-03-20,127.8561,135.6106,127.7962,131.9217,8549264
2000-03-21,130.2098,139.7276,128.0701,136.0386,7622165
2000-03-22,138.2297,142.4066,137.3738,140.3182,6930217
2000-03-23,139.5650,140.3695,137.7504,138.2297,5201905
2000-03-24,138.6577,142.8859,136.4152,139.9929,5586840
2000-03-27,140.7975,140.9601,138.3410,139.9416,4259913
2000-03-28,138.2297,144.4351,138.2297,140.3695,7103377
2000-03-29,139.5136,140.0528,129.3539,132.6663,9291082
2000-03-30,128.3868,133.7876,119.7249,123.2513,11549264
2000-03-31,126.4610,127.1029,119.8790,124.9631,9983723
2000-04-03,122.3954,125.5537,116.4040,118.3298,8762944
2000-04-04,120.0416,123.0373,110.4640,115.2314,14744416
2000-04-05,113.8363,126.5123,111.4825,125.8190,13074459
2000-04-06,124.9631,127.0515,121.5908,123.8932,6439134
2000-04-07,124.2698,131.8104,124.2698,131.5964,6354286
2000-04-10,132.2384,135.1827,126.7862,129.2427,9335931
2000-04-11,106.9890,114.6922,102.9234,106.1330,43381645
2000-04-12,104.6352,106.1330,96.7180,99.1830,22934545
2000-04-13,100.9976,105.4398,99.2858,100.1417,18395844
2000-04-14,98.4812,100.8949,92.6524,93.2944,14357056
2000-04-17,94.1503,100.1417,93.2944,99.7137,12320692
2000-04-18,99.6624,101.3742,96.2901,100.9976,9695412
2000-04-19,100.5696,100.9976,91.5826,91.7965,7921905
2000-04-20,93.1917,95.4342,92.2758,95.0062,7349957
2000-04-24,93.2944,94.8436,89.2288,89.8707,7329178
2000-04-25,94.0476,96.7694,92.4385,96.2901,7699394
2000-04-26,97.0433,101.8535,96.2901,100.9976,8719308
2000-04-27,98.8578,101.4255,97.6852,99.7137,6731775
2000-04-28,101.4255,103.4626,100.6809,101.8535,5801212
2000-05-01,104.4212,105.8164,102.2814,104.1045,6103030
2000-05-02,104.1045,104.1045,99.3371,99.6110,5445714
2000-05-03,99.3970,100.6210,94.1503,97.3600,5753766
2000-05-04,98.2159,99.7137,94.2616,94.7922,5819048
2000-05-05,94.7922,96.9320,92.6011,93.7223,6601386
2000-05-08,93.2944,93.5084,90.5640,91.4798,5682078
2000-05-09,92.5497,93.0804,88.3215,89.4428,7572295
2000-05-10,81.5256,82.6468,73.6084,74.2503,38098701
2000-05-11,76.1761,79.5998,75.5856,78.9065,20037922
2000-05-12,79.5998,82.9721,79.0691,81.9022,13216623
2000-05-15,81.9022,83.4514,80.4557,82.3815,8635671
2000-05-16,83.4514,85.4285,83.3487,84.0420,9943550
2000-05-17,80.4557,82.6468,80.4557,81.3116,8115152
2000-05-18,81.9535,82.0049,79.6511,80.4557,6094026
2000-05-19,79.1718,79.5484,76.3388,77.1433,8443463
2000-05-22,78.2132,78.2132,73.6084,75.2175,8956537
2000-05-23,75.7482,78.6412,74.8923,75.3202,8734373
2000-05-24,76.2275,83.0234,75.3202,83.0234,10030996
2000-05-25,81.3116,84.3073,77.3573,78.8551,9522770
2000-05-26,78.5299,80.3530,77.8880,78.8551,6045541
2000-05-30,81.3116,83.1347,80.8837,81.4742,7694892
2000-05-31,83.8793,86.6097,79.8651,80.2417,20270649
2000-06-01,83.0234,86.4471,82.3815,86.4471,13432381
2000-06-02,95.0062,97.5739,92.4385,94.5183,4998499
2000-06-05,95.6481,98.5240,94.0305,98.5240,9667013
2000-06-06,98.0618,101.2715,94.3643,95.6481,8672900
2000-06-07,95.0062,96.5982,92.9263,96.5982,6579913
2000-06-08,97.5739,98.8578,91.0005,93.0804,11126926
2000-06-09,93.7223,94.6724,86.9692,89.8707,10733506
2000-06-12,90.0248,92.9263,88.5869,89.5369,6153247
2000-06-13,86.2713,90.2816,86.2713,90.2816,7102857
2000-06-14,90.2816,90.2816,81.9269,83.7007,14953074
2000-06-15,82.9038,88.6878,80.8215,88.3536,9264242
2000-06-16,87.8909,88.9962,85.1402,88.6878,6253160
2000-06-19,84.8318,88.0451,84.1891,88.0451,7463377
2000-06-20,87.0682,89.1762,84.8318,88.6878,6991688
2000-06-21,87.5567,90.6158,87.2482,89.4847,7004502
2000-06-22,90.1273,90.4615,84.8318,86.7598,6203290
2000-06-23,85.4744,86.6055,80.8215,83.2123,9621645
2000-06-26,77.1198,78.7136,76.3229,77.7625,15533853
2000-06-27,77.2740,81.4642,76.7856,78.8935,10049004
2000-06-28,77.7625,79.3563,77.1198,77.4283,8369177
2000-06-29,77.2740,77.6082,74.2149,75.3460,9341472
2000-06-30,77.1198,78.7136,74.4720,77.9167,7477056
2000-07-03,76.7856,79.0478,75.9887,79.0478,2765195
2000-07-05,78.7136,79.2020,76.1429,77.1198,6548052
2000-07-06,79.0478,82.7495,77.1198,82.2611,7876710
2000-07-07,83.2123,87.0682,83.2123,84.8318,7469610
2000-07-10,84.8318,85.9629,83.2123,83.3922,5936623
2000-07-11,83.5464,86.7598,82.9038,86.2713,8693680
2000-07-12,88.6878,98.9704,83.5464,93.1864,11563117
2000-07-13,99.9215,102.1837,94.1376,101.0526,27460433
2000-07-14,101.0526,101.2069,97.1966,97.9935,10554286
2000-07-17,100.2557,100.2557,97.9935,97.9935,4994632
2000-07-18,97.8393,99.9215,95.7571,96.3997,6116883
2000-07-19,96.8882,97.0424,92.5437,93.8291,5058874
2000-07-20,95.4229,98.8162,94.4717,97.6851,6863896
2000-07-21,97.6851,97.8393,93.6748,93.8291,4067532
2000-07-24,94.6260,96.2455,93.3406,93.3406,3942511
2000-07-25,95.1144,96.7082,93.8291,95.7571,3800173
2000-07-26,95.6028,96.0655,93.8291,94.1376,3800346
2000-07-27,91.5669,91.7468,83.2123,87.2482,10960000
2000-07-28,86.2713,88.3536,83.7007,85.4744,6220087
2000-07-31,86.4256,86.6055,84.9860,85.4744,4770216
2000-08-01,88.5335,90.4615,87.8909,89.9731,6685195
2000-08-02,88.8420,95.7571,88.5335,94.1376,9009870
2000-08-03,89.9731,93.3406,86.1171,92.3895,11196537
2000-08-04,95.4229,95.4229,89.3304,91.1042,5452468
2000-08-07,91.7468,93.0322,89.3304,92.5437,3207792
2000-08-08,91.7468,92.2096,87.8909,90.2816,4771948
2000-08-09,89.9731,90.9242,88.0451,88.9962,4655411
2000-08-10,89.9731,89.9731,86.7598,87.4024,3820606
2000-08-11,87.4024,87.7109,85.4744,87.4024,3868398
2000-08-14,88.5335,93.1864,87.4024,91.9011,3175065
2000-08-15,90.4615,93.6748,90.4615,92.2096,4310823
2000-08-16,91.9011,95.6028,90.9242,93.6748,4682424
2000-08-17,94.4717,95.7571,93.9833,94.3175,3569004
2000-08-18,94.7802,94.9602,92.5437,93.1864,3819740
2000-08-21,93.8291,93.8291,91.5669,92.5437,2914286
2000-08-22,92.5437,94.1376,92.0553,93.8291,5394978
2000-08-23,91.9011,94.7802,91.9011,93.8291,4717749
2000-08-24,90.2816,92.8522,90.1273,90.4615,5943377
2000-08-25,91.5669,92.5437,90.7700,92.5437,3603810
2000-08-28,91.9011,92.2096,90.7700,91.2584,3097835
2000-08-29,91.5669,92.8522,89.4847,91.9011,8687100
2000-08-30,91.5669,91.9011,89.3304,90.6158,4894026
2000-08-31,90.9242,93.6748,89.9731,93.1864,6184069
2000-09-01,93.9833,95.1144,91.4127,91.5669,4611082
2000-09-05,92.8522,93.1864,88.9962,90.6158,4858355
2000-09-06,88.8420,90.2816,88.5335,89.1762,4782165
2000-09-07,89.3304,91.9011,89.1762,91.2584,5333333
2000-09-08,89.9731,91.9011,85.6287,87.4024,6538182
2000-09-11,87.0682,88.8420,84.9860,85.7829,4542857
2000-09-12,86.1171,86.2713,82.2611,83.5464,5477229
2000-09-13,82.8489,85.8859,82.3599,85.7315,4328139
2000-09-14,88.1508,90.5701,87.5074,88.6398,6849351
2000-09-15,88.7943,90.3900,86.8639,90.0811,5392727
2000-09-18,89.2833,89.5921,84.9336,84.9336,3379048
2000-09-19,85.8859,91.6769,85.2425,91.5224,5382165
2000-09-20,90.2356,90.3900,86.3749,88.4597,4520519
2000-09-21,87.1728,88.4597,77.2124,81.0730,3717749
2000-09-22,82.3599,83.4923,78.4993,83.3122,9352035
2000-09-25,83.3122,84.9336,78.9883,81.7165,5756017
2000-09-26,81.0730,81.0730,75.9255,77.3668,9793766
2000-09-27,78.0103,78.1647,70.1346,74.7931,12620606
2000-09-28,73.5062,75.5909,72.0649,72.2193,8720173
2000-09-29,72.7083,75.9255,71.2670,74.4842,5732987
2000-10-02,74.9475,75.2821,71.4215,72.3738,6013680
2000-10-03,73.6606,74.3041,70.1346,70.1346,5284675
2000-10-04,72.0649,76.7234,70.7780,76.5690,6486926
2000-10-05,76.2344,76.2344,72.7083,73.3518,5321732
2000-10-06,76.5690,76.5690,69.6456,71.4215,7110649
2000-10-09,69.8000,70.4434,68.2043,69.4912,7513766
2000-10-10,69.4912,71.4215,65.7850,67.5608,8754286
2000-10-11,54.6921,60.6375,52.7618,55.1811,34528139
2000-10-12,55.9790,57.2659,51.6294,51.9639,16415758
2000-10-13,52.4272,57.1114,52.2728,56.9313,13415411
2000-10-16,57.9093,60.4830,56.7768,57.5747,8496277
2000-10-17,58.2181,58.8616,54.0487,55.4900,7780087
2000-10-18,51.7838,56.4680,51.4749,53.4052,11026147
2000-10-19,58.3983,60.3286,57.4203,59.1962,11238095
2000-10-20,57.7549,60.9721,57.1114,60.1485,7495758
2000-10-23,60.1485,63.0568,59.1962,61.1265,6472035
2000-10-24,61.6155,61.7699,58.0637,58.7072,4988918
2000-10-25,58.7072,59.0417,51.7838,54.6921,8605714
2000-10-26,55.3356,56.4680,53.4052,56.1334,6895584
2000-10-27,55.9790,57.1114,54.6921,56.2878,5153420
2000-10-30,56.2878,58.2181,55.8246,57.9093,4965541
2000-10-31,59.3506,64.1892,59.1962,64.1892,8056623
2000-11-01,62.4134,63.7002,60.6375,62.5678,4937835
2000-11-02,63.3656,65.6305,63.0568,63.2112,6065108
2000-11-03,63.7002,65.6305,63.5458,65.6305,5125714
2000-11-06,65.6305,67.5608,62.5678,63.5458,4648485
2000-11-07,62.7222,63.2112,60.9721,62.0788,4053506
2000-11-08,62.9024,62.9024,59.1962,59.8396,3968831
2000-11-09,57.9093,59.8396,56.7768,59.0417,4710996
2000-11-10,57.4203,57.7549,55.3356,55.9790,4899394
2000-11-13,54.0487,59.5050,53.8943,58.7072,7161212
2000-11-14,60.6375,63.8547,60.6375,61.7699,6316190
2000-11-15,61.2809,63.3656,59.5050,61.1265,4744762
2000-11-16,61.6155,61.6155,58.8616,59.1962,3164675
2000-11-17,59.5050,59.9940,57.2659,57.7549,4781126
2000-11-20,56.7768,60.3286,56.6224,58.7072,4528312
2000-11-21,58.7072,59.6852,54.0487,57.5747,5385801
2000-11-22,56.1334,58.5527,54.0487,54.0487,6350303
2000-11-24,56.6224,57.2659,55.0010,56.7768,3068398
2000-11-27,58.5527,58.8616,55.6444,55.8246,4960519
2000-11-28,55.4900,55.6444,53.2508,53.4052,5830996
2000-11-29,54.6921,54.6921,52.6074,53.4052,6414545
2000-11-30,51.9639,52.9162,50.1881,51.6294,9521558
2000-12-01,51.4749,53.5597,46.9709,47.7687,12987013
2000-12-04,48.2577,49.3902,46.6363,47.2797,7593247
2000-12-05,49.5446,52.1184,47.9232,48.9012,11406061
2000-12-06,48.9012,49.5446,45.3494,45.8384,10324848
2000-12-07,41.1799,45.6840,40.6909,45.6840,21968658
2000-12-08,49.3902,51.9639,47.6143,49.5446,10691775
2000-12-11,50.1881,56.6224,48.9012,55.6444,10416104
2000-12-12,54.2031,55.0010,51.9639,53.5597,6978874
2000-12-13,54.8008,55.7550,51.4225,51.8867,6438442
2000-12-14,51.8867,53.8209,51.5773,52.0673,4341299
2000-12-15,51.5773,52.0673,49.4884,50.1331,6614719
2000-12-18,50.9326,52.5314,49.4884,49.6431,5227879
2000-12-19,49.6431,54.0014,48.9984,50.1331,7069784
2000-12-20,48.5084,49.7979,47.5542,47.5542,8113420
2000-12-21,46.5743,48.3537,44.4854,45.1301,7349784
2000-12-22,45.6201,48.8437,45.6201,48.3537,6237922
2000-12-26,48.9984,51.8867,48.5084,51.5773,5708225
2000-12-27,50.5973,55.1103,50.5973,54.6461,7347706
2000-12-28,53.5114,55.9355,53.0214,53.6661,6209870
2000-12-29,52.8667,53.6661,51.8867,52.2220,6038268
2001-01-02,52.7120,53.6661,52.2220,52.2220,3904935
2001-01-03,52.3767,63.0274,52.2220,62.2022,12374892
2001-01-04,59.1591,61.5575,58.3339,59.4686,11230649
2001-01-05,58.9786,59.3139,54.4656,54.6461,8388918
2001-01-08,54.4656,56.5803,53.0214,56.0903,4389610
2001-01-09,54.1561,55.2908,52.5314,53.3567,8118788
2001-01-10,52.3767,55.1103,51.0873,54.6461,9282424
2001-01-11,54.1561,58.3339,52.3767,57.0445,12761558
2001-01-12,56.2450,57.6892,55.2908,57.0445,6157229
2001-01-16,57.2250,57.5344,54.1561,54.8008,4373333
2001-01-17,56.7350,59.4686,56.0903,57.8697,7073247
2001-01-18,57.8697,61.8927,57.0445,61.7380,7373680
2001-01-19,64.4716,64.7810,62.5374,63.6721,12697316
2001-01-22,62.8469,63.1822,59.9586,60.6033,6066667
2001-01-23,58.6691,61.0933,58.3339,60.6033,4489177
2001-01-24,61.7380,62.2022,59.8038,60.4486,3979048
2001-01-25,59.4686,59.9586,58.0244,58.0244,4074286
2001-01-26,58.0244,58.9786,56.5803,58.1792,3495238
2001-01-29,56.7350,59.9328,55.6261,59.5717,5242078
2001-01-30,58.3339,59.9586,57.6892,59.3396,4273247
2001-01-31,58.8239,60.9901,58.4113,58.8239,5817489
2001-02-01,57.6376,59.9328,55.5745,56.8897,5190476
2001-02-02,57.5344,57.5860,54.9298,55.0072,3453333
2001-02-05,54.1561,54.3882,52.4541,52.6346,5541299
2001-02-06,51.7320,54.9040,51.7320,53.7693,5108398
2001-02-07,52.4283,52.8667,51.3194,51.4483,6699913
2001-02-08,51.3194,52.7120,50.6747,51.1131,4100779
2001-02-09,50.5973,51.0615,48.7405,48.7405,5255065
2001-02-12,48.7405,51.1131,48.7405,49.9526,4736970
2001-02-13,51.3967,52.3251,49.9010,50.9326,5545455
2001-02-14,50.8036,50.8036,48.8437,49.2563,4941299
2001-02-15,49.3852,50.7778,49.2563,49.3337,6492468
2001-02-16,48.0184,48.3537,47.5542,47.9926,4981818
2001-02-20,48.9984,48.9984,45.8780,47.1932,5084848
2001-02-21,45.9811,47.1674,43.9696,44.6917,6057662
2001-02-22,43.9180,46.3680,43.5828,44.5885,6891082
2001-02-23,42.0097,43.8407,41.2876,41.9065,14794459
2001-02-26,42.6544,42.7576,39.9724,40.9781,9868052
2001-02-27,40.3334,40.6171,39.4050,39.4308,7540606
2001-02-28,39.7145,39.9208,38.6830,39.1214,7387706
2001-03-01,38.7603,41.1329,38.3735,41.0813,8371775
2001-03-02,39.5856,43.8665,39.4050,43.2991,9544935
2001-03-05,43.2733,44.0986,43.1960,43.1960,4586320
2001-03-06,44.6143,47.2706,44.3049,45.6459,6600000
2001-03-07,44.6659,45.7748,43.1960,45.1559,5068052
2001-03-08,45.1301,45.7748,41.7776,41.9065,6176277
2001-03-09,40.6171,41.3908,39.9724,40.1013,7233939
2001-03-12,38.7603,40.7203,38.2961,38.6830,9978182
2001-03-13,38.7847,39.8449,38.3193,39.3019,7353420
2001-03-14,38.5003,39.6897,36.8455,37.4661,7169004
2001-03-15,38.7847,39.2243,37.2334,37.2592,5676190
2001-03-16,36.5611,37.1816,36.0181,36.1991,6780260
2001-03-19,37.4144,39.0692,36.5869,38.7847,5008312
2001-03-20,38.7847,39.0175,36.4059,36.5094,4739048
2001-03-21,36.5094,38.6296,36.3284,36.6128,5041039
2001-03-22,37.2592,40.8533,36.2250,40.5430,6450390
2001-03-23,41.3445,42.4047,39.5604,41.3445,6466840
2001-03-26,43.7751,43.7751,41.3963,42.1202,5259913
2001-03-27,42.1202,43.1804,39.9224,41.2670,4967965
2001-03-28,39.7414,40.3361,38.1125,38.7330,4041558
2001-03-29,38.6555,39.1985,37.0782,37.5436,4132294
2001-03-30,38.0091,38.0866,36.4059,36.8714,4856970
2001-04-02,37.2334,38.2676,36.5869,38.0091,4254026
2001-04-03,36.9748,37.1558,35.0873,35.4234,8432727
2001-04-04,34.9063,37.5436,34.8028,36.3284,7280519
2001-04-05,37.7246,38.6555,37.3626,38.6555,5480866
2001-04-06,37.0265,37.0265,27.1493,29.7350,30891429
2001-04-09,31.6742,32.3206,29.4764,29.7350,17910130
2001-04-10,31.4156,33.6134,30.8468,33.6134,18524156
2001-04-11,36.1991,36.4577,32.8378,33.3549,15251082
2001-04-12,32.9670,34.8287,31.4156,34.2857,9599827
2001-04-16,34.0530,35.6303,33.0187,35.5527,6568831
2001-04-17,34.5184,36.7162,34.2857,36.1991,6376104
2001-04-18,38.1383,40.8016,37.1041,39.3019,13572641
2001-04-19,39.0433,42.4047,38.6555,41.6031,9536797
2001-04-20,41.3704,42.4047,40.2327,41.3963,8948571
2001-04-23,40.3361,41.2153,38.3193,39.7932,4669610
2001-04-24,39.5346,40.5947,38.2159,38.3969,4490390
2001-04-25,38.2676,38.7847,37.0524,38.7847,6059567
2001-04-26,38.7330,40.0776,37.7505,37.7505,4767100
2001-04-27,39.1726,40.0517,38.9140,40.0517,4033420
2001-04-30,41.2153,41.4480,39.4312,40.2069,4802078
2001-05-01,39.4570,41.2411,39.1726,41.0860,4192900
2001-05-02,41.7582,43.6975,41.2928,42.6115,7365022
2001-05-03,41.3704,42.0168,40.4654,41.0084,4515671
2001-05-04,39.3019,42.6632,39.2243,42.5339,4778009
2001-05-07,42.5339,43.2062,41.6290,42.4047,4307706
2001-05-08,43.9560,43.9560,42.0427,42.1719,5513247
2001-05-09,41.3704,42.5339,40.9825,41.4480,4203290
2001-05-10,42.3529,42.3788,40.8533,40.8533,2708225
2001-05-11,41.3704,41.5772,40.7498,41.3704,2482771
2001-05-14,41.1118,41.3187,40.3361,40.6981,3033247
2001-05-15,38.8365,39.5604,38.6038,38.6813,6454719
2001-05-16,39.0433,40.5947,38.2676,40.4654,5873766
2001-05-17,40.2069,41.1377,39.4312,40.2327,3771082
2001-05-18,40.3361,40.7757,39.7156,40.3361,2928658
2001-05-21,40.7240,43.5423,39.6897,42.7666,4986320
2001-05-22,43.3096,43.6975,42.1978,42.9218,3949784
2001-05-23,42.0168,43.3096,41.0084,41.7582,4409177
2001-05-24,41.5772,42.4047,40.7498,41.9651,3068745
2001-05-25,41.9651,42.2495,40.5171,40.6206,2300606
2001-05-29,41.2928,41.3187,38.6555,38.7847,3991342
2001-05-30,38.5262,38.5262,36.3542,36.4577,3687100
2001-05-31,37.1041,38.7847,36.6128,38.0091,4026147
2001-06-01,37.6471,38.0091,36.7421,36.9231,3488485
2001-06-04,37.5178,37.7505,36.4577,36.8714,2203983
2001-06-05,37.2592,39.6897,37.0782,39.4053,2908918
2001-06-06,38.9399,39.2502,38.1125,38.2676,3754113
2001-06-07,37.9056,41.2670,37.9056,40.2069,4451775
2001-06-08,40.2069,40.2069,39.0433,39.3019,2508571
2001-06-11,38.4745,38.7589,37.9056,38.4228,2074286
2001-06-12,36.7162,36.8455,34.9063,36.1991,8058874
2001-06-13,37.7223,38.5779,37.0742,38.5779,4979913
2001-06-14,36.8149,37.6964,35.6483,36.1149,6221299
2001-06-15,35.0001,37.0742,34.3779,36.9446,7711169
2001-06-18,35.8557,36.5557,33.7297,33.8853,5608831
2001-06-19,35.0001,35.6483,33.9890,34.1186,5456970
2001-06-20,34.0927,35.3890,33.1853,34.9483,5972294
2001-06-21,35.7779,37.3075,35.7001,36.4260,6556364
2001-06-22,37.3334,39.5112,36.6853,37.7223,5859740
2001-06-25,36.9964,38.1631,36.7631,37.7223,3930563
2001-06-26,37.6964,38.6297,37.0483,37.9816,7023723
2001-06-27,38.2409,40.4446,38.1112,39.0964,5183550
2001-06-28,39.2779,41.3261,39.2779,40.1075,4646407
2001-06-29,40.3927,43.4261,39.7186,42.9335,8419740
2001-07-02,42.7779,44.1779,41.8446,43.4779,6017316
2001-07-03,43.0372,43.9446,42.6483,43.8149,2326926
2001-07-05,42.7779,42.8298,41.0668,41.5075,3554459
2001-07-06,40.5223,40.7038,39.4335,39.8483,3348571
2001-07-09,39.4335,40.9372,38.9927,39.8483,4590476
2001-07-10,40.7816,41.0149,39.6668,40.1853,5683290
2001-07-11,38.8890,41.0668,36.9446,40.6260,7612294
2001-07-12,44.1261,48.2742,44.0742,47.0557,19372987
2001-07-13,46.0187,46.4075,44.9816,45.6038,6380433
2001-07-16,45.5779,46.5890,44.3075,44.4631,4489697
2001-07-17,44.7224,47.0038,44.0483,46.9520,4905974
2001-07-18,45.8890,46.5631,45.2150,45.5779,4010909
2001-07-19,47.1853,49.6483,46.9261,49.6224,9377489
2001-07-20,48.4557,49.5964,47.7038,47.9631,6147532
2001-07-23,49.2594,49.2594,46.5372,46.7964,4285022
2001-07-24,46.7705,46.7964,44.5150,45.1112,4221472
2001-07-25,45.1372,45.8890,44.2038,44.8001,4707532
2001-07-26,45.1112,48.9742,44.8001,48.0927,7285195
2001-07-27,49.1298,49.8039,48.8964,49.2594,7252814
2001-07-30,50.0372,50.4261,49.0001,49.3372,5796710
2001-07-31,49.6483,49.6483,47.8335,48.4557,7041039
2001-08-01,49.2594,50.2705,48.4816,49.6224,5744416
2001-08-02,49.6483,50.5298,49.6483,50.2964,6171602
2001-08-03,48.5335,48.9224,47.6261,48.3001,4023723
2001-08-06,48.2224,49.1816,47.5483,48.2224,2432381
2001-08-07,48.2224,48.5335,47.4964,48.2224,2568658
2001-08-08,47.7038,49.4668,46.7187,47.4964,4379913
2001-08-09,46.6668,47.4446,46.0446,46.6409,3120346
2001-08-10,47.1853,47.1853,46.0446,46.6668,3853853
2001-08-13,47.0557,48.2224,46.7705,47.9631,2892121
2001-08-14,48.2224,48.8446,47.7298,47.7298,2402597
2001-08-15,47.3150,47.8853,44.9816,45.1112,4299740
2001-08-16,44.5927,46.6668,44.2557,46.6668,4145628
2001-08-17,44.5927,45.6298,43.1668,44.0742,4627706
2001-08-20,42.7779,43.8927,42.3631,42.9075,4291948
2001-08-21,43.9705,44.6705,42.9075,43.0372,3360693
2001-08-22,44.4372,46.6150,44.1001,46.2779,4670476
2001-08-23,46.7964,47.2372,46.0446,46.9261,4178355
2001-08-24,46.6668,48.8446,46.5631,48.6113,4291602
2001-08-27,48.3520,49.1298,47.9631,48.7927,3152727
2001-08-28,49.2594,50.0372,48.2742,48.3520,5049177
2001-08-29,49.0001,49.4668,46.9779,47.4705,4357229
2001-08-30,46.1483,47.1853,43.1149,44.5927,7083636
2001-08-31,43.7112,45.7594,43.7112,45.1112,3184069
2001-09-04,44.7224,46.9261,44.0742,45.3446,5010563
2001-09-05,43.4520,43.9187,41.8186,42.5186,7412468
2001-09-06,41.3520,41.9742,35.2075,36.1409,13137316
2001-09-07,36.1668,38.1112,34.9483,37.0483,7668052
2001-09-10,35.7779,39.2779,35.7779,38.9927,6344935
2001-09-17,38.9943,40.4240,36.4206,38.4223,8033593
2001-09-18,37.8244,40.4500,37.6685,40.1641,6177662
2001-09-19,40.4500,41.0739,37.7464,40.2421,7064242
2001-09-20,38.9943,40.0081,37.9544,37.9544,5993247
2001-09-21,35.7447,39.0982,35.2508,38.7863,6979394
2001-09-24,39.6442,40.7620,38.8643,39.9301,6223377
2001-09-25,39.3062,41.0739,39.0203,40.1641,4401385
2001-09-26,41.5939,41.5939,39.5142,40.2161,4346320
2001-09-27,39.5662,40.2941,37.8244,40.2941,3612468
2001-09-28,40.5540,41.3079,39.6182,40.5540,3971429
2001-10-01,40.0341,40.5020,38.9943,39.7741,3196883
2001-10-02,39.7741,40.5020,38.7343,39.5922,5597403
2001-10-03,38.6043,40.7100,37.0445,39.9041,9300779
2001-10-04,40.8920,43.1536,39.3842,41.3079,7684502
2001-10-05,41.7239,44.0635,40.9960,43.9335,5800519
2001-10-08,43.1536,46.5331,42.7897,45.2073,6646926
2001-10-09,45.2073,45.2073,42.6337,43.4656,6582165
2001-10-10,41.5939,44.2975,41.3339,43.9595,8019567
2001-10-11,44.9734,46.0652,43.9335,45.1034,7644502
2001-10-12,45.1034,45.8572,43.8035,45.8572,4322251
2001-10-15,44.8954,46.1692,44.2195,45.7013,3162424
2001-10-16,44.8434,46.1432,44.4535,45.4933,5451082
2001-10-17,46.6371,46.7931,45.4933,46.0392,7020952
2001-10-18,46.0392,46.6631,45.1553,46.5331,4620606
2001-10-19,45.8832,45.9872,44.6094,45.4933,5047273
2001-10-22,44.1935,46.7931,43.5436,46.6631,5386320
2001-10-23,46.7411,46.7671,45.4413,45.4933,3941472
2001-10-24,45.2333,46.0392,44.8434,45.8832,4116710
2001-10-25,44.1935,45.3893,43.6996,44.9214,9786840
2001-10-26,43.7256,45.0774,43.7256,44.5834,9643636
2001-10-29,44.3235,44.9734,43.9595,44.0635,4935931
2001-10-30,43.3096,43.7256,41.3859,41.9578,6397922
2001-10-31,43.0237,44.3495,42.4777,42.5557,5763290
2001-11-01,43.2576,44.8434,42.5037,44.8434,4159827
2001-11-02,44.3235,45.4673,43.2836,43.6736,4638788
2001-11-05,44.0635,45.1034,44.0635,44.4535,5260779
2001-11-06,44.1935,45.5453,44.0635,45.4933,3723290
2001-11-07,44.3235,46.6371,44.1935,45.3113,4952900
2001-11-08,45.2853,47.3910,44.8954,45.4933,6917229
2001-11-09,44.1935,45.4933,44.0375,44.8174,5041558
2001-11-12,44.7134,45.9872,43.1276,45.7013,5253680
2001-11-13,46.7411,47.9109,46.0912,47.2350,8230476
2001-11-14,47.9629,48.8728,47.1830,48.3529,6920519
2001-11-15,47.4430,48.9508,47.1571,48.0929,5450736
2001-11-16,48.0929,48.1969,47.0531,48.0929,4666494
2001-11-19,47.5730,48.4829,45.9872,46.6111,5525022
2001-11-20,45.7533,46.2472,45.2333,45.3893,4167273
2001-11-21,45.0514,45.7533,44.4535,45.2593,2968139
2001-11-23,44.9734,46.1172,44.9734,45.9352,1228398
2001-11-26,45.7533,47.2090,45.6233,46.6891,4758268
2001-11-27,45.6753,46.7671,44.9734,45.5193,4782511
2001-11-28,45.2333,45.2593,44.0895,44.2195,4896104
2001-11-29,44.0895,44.1155,41.5939,43.1536,8881558
2001-11-30,43.1536,43.5436,42.2958,42.9977,5023550
2001-12-03,42.5037,44.5054,42.5037,43.9335,4077403
2001-12-04,44.3235,44.5834,43.3616,44.3235,4741818
2001-12-05,45.7533,46.8451,45.3373,46.5071,6533160
2001-12-06,46.5071,46.5071,44.1935,44.9734,9710303
2001-12-07,44.3235,44.8694,42.6597,43.7776,6878788
2001-12-10,42.9977,44.4275,42.6857,43.2836,3951515
2001-12-11,43.9335,44.3235,43.1276,43.7256,4840173
2001-12-12,43.5162,44.1156,42.6563,44.0895,4053853
2001-12-13,42.8648,42.9951,41.9267,42.0831,5440866
2001-12-14,41.9788,42.9690,41.2753,42.3697,4702338
2001-12-17,41.7704,43.3338,41.6922,42.3958,4085887
2001-12-18,43.2557,43.5684,42.8127,43.2817,4493333
2001-12-19,41.4316,41.7964,40.3893,41.0668,11633593
2001-12-20,39.8161,40.4936,39.1125,39.7379,5993074
2001-12-21,39.7379,40.3893,38.7477,39.0604,8626840
2001-12-24,39.0604,39.0604,38.5132,38.6956,2132468
2001-12-26,38.5913,39.3470,38.3047,38.5653,4068571
2001-12-27,38.8259,39.0343,38.3047,38.5913,4728658
2001-12-28,38.5913,39.0864,38.3047,38.8259,4410736
2001-12-31,38.5913,39.9203,38.3568,39.1386,6137489
2002-01-02,39.3210,40.4936,38.8780,40.4936,6352381
2002-01-03,40.7802,41.6922,40.3893,41.4316,6441039
2002-01-04,41.8225,42.3176,40.0245,40.5196,5423896
2002-01-07,40.7281,41.1711,39.0864,39.5294,4441732
2002-01-08,39.0864,39.7900,38.4871,38.5653,5212814
2002-01-09,38.9562,39.0343,37.5751,37.6793,6155152
2002-01-10,37.5490,39.0604,36.5328,36.7413,6650043
2002-01-11,37.1321,37.7054,36.4807,37.3666,3825108
2002-01-14,37.2624,37.5230,36.3504,36.9758,3772294
2002-01-15,37.5230,37.7054,35.9595,36.6891,4775238
2002-01-16,35.3081,37.1321,35.1517,36.2201,7181645
2002-01-17,37.0800,37.6012,36.6110,37.1321,4800000
2002-01-18,36.2201,37.2624,35.8292,37.1321,4737662
2002-01-22,36.7413,37.0539,35.2560,35.2560,5060779
2002-01-23,35.7511,36.1940,34.1876,35.3341,10966234
2002-01-24,35.2820,36.1419,34.9172,35.1778,11739567
2002-01-25,34.7869,36.0377,34.5264,35.1778,6125714
2002-01-28,35.3863,35.8292,35.2039,35.2560,4083810
2002-01-29,35.2820,36.4807,34.6566,35.0475,6485368
2002-01-30,35.1517,35.5947,33.3016,34.9172,6600000
2002-01-31,34.6827,35.3081,34.1876,34.6827,6534892
2002-02-01,34.6045,35.0475,34.2658,34.3440,3838442
2002-02-04,34.1355,34.5264,32.3375,32.4417,5854199
2002-02-05,32.4678,32.4678,30.9825,31.0867,7581299
2002-02-06,32.3115,32.3636,31.1389,31.3994,7925887
2002-02-07,31.5297,32.4939,31.4255,32.0509,6883290
2002-02-08,32.3115,33.5362,31.8685,33.3538,7334719
2002-02-11,33.8749,35.3602,33.7446,35.0475,5793074
2002-02-12,34.0313,35.5687,33.8749,34.9172,5665281
2002-02-13,35.5687,35.8814,34.6306,34.9172,3138874
2002-02-14,34.7869,35.1778,34.1876,34.2658,2861991
2002-02-15,34.6045,34.7869,32.8326,33.1974,5125714
2002-02-19,32.5720,33.3277,31.6600,31.9206,4868225
2002-02-20,32.3115,32.3115,31.3213,32.2333,9020779
2002-02-21,31.9206,31.9727,30.8522,31.2692,5059913
2002-02-22,30.6177,31.5037,27.3605,30.7480,4627359
2002-02-25,31.0867,34.2397,31.0607,34.0052,6847273
2002-02-26,34.0052,34.4482,32.9368,33.7967,4509091
2002-02-27,34.1355,35.1778,33.3798,35.1778,5375758
2002-02-28,35.0475,35.0475,33.4319,33.8749,3622165
2002-03-01,34.7348,36.2201,33.8749,36.2201,4217489
2002-03-04,36.2201,37.7836,35.5426,37.1321,4929870
2002-03-05,37.0018,38.7477,36.2983,38.5653,6279481
2002-03-06,37.7836,38.6435,36.9497,38.6174,4877229
2002-03-07,38.1744,38.6956,37.1842,37.8617,5230303
2002-03-08,38.3047,39.2428,38.2005,38.8519,4929524
2002-03-11,37.7836,38.8259,37.5230,38.3829,3445541
2002-03-12,37.0018,37.9138,36.6110,37.6533,5213680
2002-03-13,37.5251,37.5512,36.2707,36.7934,3837749
2002-03-14,36.5582,36.8456,35.4868,36.4275,4325541
2002-03-15,35.8788,36.5843,35.5390,36.5843,4582511
2002-03-18,36.5843,37.3421,35.7742,36.2969,4520866
2002-03-19,35.5390,36.5843,35.5390,36.5843,6190476
2002-03-20,35.9572,36.0356,34.5460,34.5460,4239307
2002-03-21,35.3561,35.5129,34.5199,35.2777,5106840
2002-03-22,35.6697,36.1923,34.8074,35.0948,4717749
2002-03-25,34.8858,35.6174,34.7551,35.2255,2796883
2002-03-26,34.1541,35.8004,34.1279,35.6436,4212121
2002-03-27,35.2777,36.1923,35.2777,35.9310,3422857
2002-03-28,35.9310,37.1069,35.8265,37.1069,4776623
2002-04-01,36.7411,38.7532,36.1401,38.0216,4335411
2002-04-02,38.0216,38.3874,37.6557,38.0216,5174892
2002-04-03,37.8909,38.3351,37.1331,37.2376,4113766
2002-04-04,37.1069,37.3421,36.3230,36.3230,5635671
2002-04-05,36.5059,37.1069,35.0425,36.0617,4783723
2002-04-08,34.8858,36.7934,34.5199,36.4275,4873939
2002-04-09,36.1923,36.8718,35.0948,36.1923,4278268
2002-04-10,36.3230,37.8909,35.9310,36.1923,6351169
2002-04-11,35.2777,36.1923,34.9903,35.5390,3547706
2002-04-12,34.6244,35.4607,34.3631,35.1209,4750649
2002-04-15,36.4537,36.4537,35.4345,35.6958,4156710
2002-04-16,37.8909,39.1975,37.2376,39.1975,8956883
2002-04-17,41.2880,42.6730,40.3734,42.6730,15674632
2002-04-18,41.5493,41.9413,40.2427,41.5493,8140779
2002-04-19,42.0720,42.3594,40.7654,41.5755,4963290
2002-04-22,39.2497,41.0790,39.2236,40.8960,5211429
2002-04-23,40.5041,41.0267,38.2829,38.4397,5685195
2002-04-24,38.6748,39.3543,37.7602,37.7602,4278788
2002-04-25,37.7602,39.1452,37.3421,38.7271,3138528
2002-04-26,39.1452,39.5895,38.2045,39.1975,5960173
2002-04-29,39.2497,41.0790,38.8055,39.6417,5170909
2002-04-30,39.6417,40.9222,39.5895,40.2427,5924502
2002-05-01,40.5563,40.6609,38.9100,40.3473,5207619
2002-05-02,39.9030,40.5041,39.6417,40.1121,3615931
2002-05-03,39.5895,39.7201,38.4397,38.9100,3228918
2002-05-06,38.9362,39.4588,37.7341,37.7341,4289177
2002-05-07,38.1522,38.8055,37.5773,38.3874,5278268
2002-05-08,39.3281,41.8106,39.1975,41.5493,7600519
2002-05-09,41.5493,41.5493,39.8769,39.9814,3813853
2002-05-10,40.4779,40.4779,38.5703,38.5703,3150823
2002-05-13,38.5965,41.5493,38.5965,41.5493,3528831
2002-05-14,42.0197,42.5946,41.8368,42.3333,5547013
2002-05-15,41.8106,43.7444,41.2880,42.5685,6322251
2002-05-16,43.2218,43.6399,42.6469,43.6399,3746494
2002-05-17,43.9012,44.1625,42.7775,43.8489,3936797
2002-05-20,43.8489,44.5806,43.1172,43.9012,4100779
2002-05-21,44.4238,44.7113,42.7514,42.8559,4571602
2002-05-22,42.9866,43.8228,42.6991,43.1172,3640173
2002-05-23,44.1102,44.7374,43.5876,44.2932,4442597
2002-05-24,43.6660,44.2932,43.2740,44.0318,2698528
2002-05-28,44.0318,44.1886,42.5946,43.5615,3604848
2002-05-29,42.7775,43.0388,41.6016,41.7845,4377489
2002-05-30,40.7654,41.6016,39.7724,41.2358,5339567
2002-05-31,40.8438,41.9674,40.8176,41.7845,4592900
2002-06-03,41.1312,41.5493,39.5372,40.1121,3150823
2002-06-04,39.8508,40.8699,39.3281,40.8699,3503203
2002-06-05,40.3734,40.8699,39.5372,40.2950,3576277
2002-06-06,39.9030,40.0076,37.9170,38.5442,5847273
2002-06-07,36.5843,39.3020,35.9833,38.7271,5643463
2002-06-10,38.5442,39.8508,37.9954,39.8508,3008831
2002-06-11,39.9292,40.1121,37.6296,37.7602,5545108
2002-06-12,37.2541,41.2625,37.2541,41.0267,12571948
2002-06-13,41.0267,42.2842,40.7385,41.5507,7042597
2002-06-14,39.3762,41.1839,39.0356,40.8695,7254372
2002-06-17,40.8695,43.4631,40.8695,42.9654,5857316
2002-06-18,42.0484,44.4849,42.0222,42.3890,4188745
2002-06-19,41.9174,42.3366,40.5027,40.6075,5135411
2002-06-20,41.2363,41.6555,38.6164,38.7212,7105108
2002-06-21,37.9877,39.3238,37.9615,39.0618,9225801
2002-06-24,38.5117,39.0094,37.5947,37.7781,6950476
2002-06-25,38.9046,40.2145,36.9659,37.4113,7082944
2002-06-26,35.4202,37.2017,35.2369,36.7826,8431169
2002-06-27,38.2235,38.5378,36.9397,37.8567,6388225
2002-06-28,37.5947,39.1142,37.3851,38.2235,6819048
2002-07-01,38.6426,39.3500,37.0707,37.4637,4538182
2002-07-02,37.4375,38.1187,35.7346,37.0969,5287965
2002-07-03,36.0228,38.2759,36.0228,38.0139,4908052
2002-07-05,41.9174,42.0484,38.0925,39.6906,3203636
2002-07-08,39.6906,39.8740,38.3545,38.4331,4303030
2002-07-09,38.2497,39.4024,38.1187,38.2497,4673247
2002-07-10,38.1187,38.2497,36.2848,36.6254,6054892
2002-07-11,34.8701,35.7346,32.7742,35.2369,13052468
2002-07-12,35.2369,36.5468,34.8177,36.0490,6132468
2002-07-15,35.0273,36.2586,34.5557,36.2586,5495758
2002-07-16,36.1538,38.6688,35.7084,38.0663,9064762
2002-07-17,39.9526,40.4765,38.7736,39.6906,9504589
2002-07-18,39.2976,39.8216,38.6426,39.2976,6713247
2002-07-19,39.2976,39.4286,37.6733,38.9308,5927619
2002-07-22,38.4069,38.7736,36.2324,36.9921,6107186
2002-07-23,35.1059,36.6778,34.7129,35.1059,8907359
2002-07-24,33.5078,35.9704,33.1148,35.2630,8453853
2002-07-25,34.3985,34.4247,30.6259,31.9097,9972121
2002-07-26,29.4732,29.6304,27.4821,28.5563,25181991
2002-07-29,31.4381,31.9097,29.1064,31.6739,9591515
2002-07-30,30.8355,33.0100,30.6521,31.3857,8003463
2002-07-31,31.8311,31.8311,30.0234,30.3901,8367619
2002-08-01,30.3901,31.2809,29.3422,29.8662,4621991
2002-08-02,29.8662,29.8662,28.5563,28.9230,4748225
2002-08-05,28.8706,29.1064,26.8534,27.0106,5245714
2002-08-06,28.0323,29.1850,27.6393,28.6872,8210216
2002-08-07,29.5256,29.9972,28.0847,28.8182,4460606
2002-08-08,28.9492,31.1499,28.7134,30.9141,6601732
2002-08-09,29.6566,31.6739,29.2112,31.4381,7316364
2002-08-12,30.6521,30.9141,29.5256,29.7876,4552727
2002-08-13,29.6042,31.4643,29.4732,29.9972,3624589
2002-08-14,29.6042,31.8311,28.9754,31.6215,4489351
2002-08-15,31.4381,32.6956,31.0451,32.2240,4166753
2002-08-16,32.0930,34.1889,31.5429,33.7959,4653853
2002-08-19,33.7959,35.3678,33.2982,35.0535,4866840
2002-08-20,34.1365,34.8439,33.0624,33.1934,5036883
2002-08-21,33.4554,35.3416,33.2982,35.0535,3374719
2002-08-22,34.7129,36.0490,34.4771,35.4464,3627186
2002-08-23,34.5819,35.1845,33.7173,34.0579,3169697
2002-08-26,34.0841,34.9749,33.4554,34.0579,3219221
2002-08-27,34.5295,34.8439,33.4030,33.4816,3227879
2002-08-28,32.8004,33.3244,31.5691,31.7001,3745628
2002-08-29,31.4119,32.6170,30.6783,32.2502,3635844
2002-08-30,31.4381,32.1978,31.2285,31.4381,2632727
2002-09-03,30.2592,30.8617,30.1544,30.4949,4144416
2002-09-04,30.5211,31.7263,30.5211,31.6215,3221126
2002-09-05,30.5211,31.1761,30.1020,30.7569,5392208
2002-09-06,32.0930,32.3812,31.5429,32.1454,5349957
2002-09-09,32.1192,33.5340,31.7001,32.9314,4748052
2002-09-10,32.9576,33.2720,31.6739,32.1978,3644675
2002-09-11,33.3011,33.3799,32.0920,32.4074,2736104
2002-09-12,31.7766,31.9343,30.6990,30.7253,3674286
2002-09-13,30.4625,31.1195,29.8054,30.2522,4197229
2002-09-16,28.9117,30.0945,28.9117,29.4111,3012814
2002-09-17,29.4111,30.7516,27.8341,28.0707,4885022
2002-09-18,27.8604,29.1483,26.9930,28.3598,3802251
2002-09-19,27.0982,27.7027,26.2834,26.5988,5141818
2002-09-20,27.8867,28.4649,27.1245,27.5450,6965368
2002-09-23,26.5462,27.3873,26.4674,26.5988,3371429
2002-09-24,26.4148,27.2559,26.0731,26.4148,5004502
2002-09-25,27.7027,29.2271,26.8353,28.2809,6753247
2002-09-26,28.9643,29.3848,27.6501,27.9655,6978355
2002-09-27,27.0719,28.5175,26.9668,27.0456,4656797
2002-09-30,26.2834,27.5976,25.7840,26.7565,5746147
2002-10-01,27.0982,27.7027,26.4937,27.5450,5749957
2002-10-02,27.3347,28.6489,26.5462,26.6776,4681558
2002-10-03,28.0444,28.4912,27.0719,27.4924,6419740
2002-10-04,27.7290,28.2546,26.2834,26.3097,5108052
2002-10-07,25.8103,26.5725,24.9692,24.9692,4943550
2002-10-08,25.4949,25.7314,22.7351,25.6263,9375238
2002-10-09,23.7865,24.3384,21.2107,21.8152,14282424
2002-10-10,22.1306,24.3384,22.0780,23.8916,12239827
2002-10-11,25.4423,26.4937,25.1006,26.2045,7690736
2002-10-14,26.0206,26.8879,25.4160,26.5462,4627013
2002-10-15,27.8604,28.2546,25.9417,26.5462,10294719
2002-10-16,21.0530,22.6037,19.2920,20.6325,38944589
2002-10-17,21.0267,21.4210,19.1869,21.1581,24574545
2002-10-18,20.3696,21.1318,19.9754,20.4222,10146147
2002-10-21,20.4222,20.7639,19.7125,20.5273,9207792
2002-10-22,19.9228,21.3947,19.7914,21.3947,9061299
2002-10-23,21.2633,23.1294,21.0530,23.1294,9156017
2002-10-24,23.6551,23.8128,22.8666,22.9717,7660260
2002-10-25,22.3935,23.3922,22.3935,23.3922,4272208
2002-10-28,23.6551,24.0230,23.4711,23.6551,4226494
2002-10-29,23.6551,23.9705,21.8415,23.3397,4665801
2002-10-30,23.2345,24.3910,22.6037,24.1282,5274113
2002-10-31,24.1282,24.9955,23.9179,24.1019,5618009
2002-11-01,23.6288,24.8904,23.0768,24.7590,5171602
2002-11-04,25.6263,26.5988,25.3635,26.2308,6809870
2002-11-05,26.2571,26.5199,25.4160,25.8891,4927446
2002-11-06,25.7840,26.0468,25.0481,25.2846,5329351
2002-11-07,24.3384,24.8641,23.6551,23.7076,5390130
2002-11-08,23.7076,23.7076,22.7877,23.1294,4783030
2002-11-11,22.6300,22.9191,21.9466,22.0255,3096623
2002-11-12,22.6037,23.3922,22.6037,22.9980,6525714
2002-11-13,22.9717,23.4448,22.3935,22.9980,6014545
2002-11-14,23.6551,24.2859,23.4711,23.8390,4708398
2002-11-15,23.6813,24.1282,23.4448,23.7602,4564156
2002-11-18,24.2333,24.9955,24.1282,24.6275,4938182
2002-11-19,24.8378,24.8641,23.2871,23.4185,5410043
2002-11-20,23.1557,24.5750,23.1294,24.5750,5588052
2002-11-21,24.9692,27.5187,24.8115,27.3610,13153074
2002-11-22,26.6776,28.0707,26.3622,27.6238,7819221
2002-11-25,27.8604,28.9906,27.3873,27.6501,7740260
2002-11-26,27.6501,29.2797,27.0982,28.7277,9004502
2002-11-27,28.9117,31.0670,28.8066,29.9105,8878615
2002-11-29,30.7516,30.7516,29.5425,29.5425,2474632
2002-12-02,31.2772,32.1972,30.0419,30.7516,8571429
2002-12-03,28.9117,29.4374,27.4924,27.6238,9866147
2002-12-04,26.4674,26.7039,25.3635,26.2308,11070303
2002-12-05,27.2296,27.2296,25.8891,25.8891,5600000
2002-12-06,25.2321,26.2834,24.9955,25.9417,5121732
2002-12-09,24.3121,26.0206,24.2596,24.2596,4712900
2002-12-10,23.9179,24.2333,23.3134,24.2333,9354632
2002-12-11,23.6551,25.3372,23.6288,25.2058,5346494
2002-12-12,25.4699,26.4201,24.9421,25.1532,5075325
2002-12-13,24.8365,25.5227,24.5198,25.1268,3854026
2002-12-16,25.4699,26.2353,25.2060,25.7867,4411602
2002-12-17,25.1268,26.2617,24.9421,25.0740,4617489
2002-12-18,24.7837,24.8101,24.0975,24.3350,4271342
2002-12-19,23.8863,24.7309,23.4640,23.4640,5772641
2002-12-20,23.4904,24.1239,23.0417,23.6488,8230303
2002-12-23,22.9889,23.8335,22.9889,23.5696,4164848
2002-12-24,23.4904,23.7016,22.8570,23.0681,1719827
2002-12-26,23.6224,24.1239,23.2529,23.6224,3401732
2002-12-27,23.2001,23.8335,23.1737,23.7543,3560866
2002-12-30,23.7543,23.9391,22.4083,22.9097,6391861
2002-12-31,22.9361,23.0945,22.3291,22.8306,4422511
2003-01-02,23.5432,24.4670,22.8306,24.2822,4728831
2003-01-03,24.0711,24.9157,23.9127,24.2030,4144935
2003-01-06,24.7045,26.3145,24.5989,25.6019,8180779
2003-01-07,25.8658,26.4465,25.3644,25.5755,5147186
2003-01-08,25.8658,25.9186,24.9421,25.4963,5751688
2003-01-09,25.7339,26.4729,25.6547,26.1298,6280866
2003-01-10,25.7603,26.6049,25.5491,26.2090,4809524
2003-01-13,25.6547,25.9978,24.4406,24.9421,8692121
2003-01-14,24.9421,25.3644,24.5462,24.9685,4897835
2003-01-15,24.9685,25.2852,24.4142,24.4142,3854372
2003-01-16,24.4142,24.6517,23.7543,24.0975,5080000
2003-01-17,23.6224,23.7543,22.8306,23.1473,6098355
2003-01-21,22.9625,23.3848,22.4610,23.0945,6438268
2003-01-22,23.6224,23.7543,22.4083,22.5138,8556537
2003-01-23,23.0945,23.0945,22.0915,22.8833,9974026
2003-01-24,22.9361,23.0417,22.4610,22.8833,6212641
2003-01-27,22.3027,22.6458,21.7220,22.1179,5178355
2003-01-28,22.2763,22.4347,21.7220,21.9068,5149957
2003-01-29,21.7484,22.2235,21.3261,21.9068,5705281
2003-01-30,22.0387,22.0915,21.3261,21.3789,4088485
2003-01-31,21.3525,21.5901,20.9302,21.0622,6164329
2003-02-03,21.3525,21.6956,21.1150,21.1150,3904069
2003-02-04,21.0622,21.2205,20.3759,20.8774,4732468
2003-02-05,20.6135,20.9302,20.4551,20.6399,5467706
2003-02-06,20.6399,20.8246,20.2704,20.4023,3663203
2003-02-07,20.8510,21.0094,20.3496,20.3496,4325195
2003-02-10,20.3496,21.2469,20.3496,21.1941,4272208
2003-02-11,21.1941,21.8012,21.1414,21.5109,5241385
2003-02-12,21.1941,21.6956,21.1150,21.1150,5734719
2003-02-13,21.1414,21.3261,20.8510,21.0622,5449697
2003-02-14,21.5109,22.1707,20.8510,22.1707,3596537
2003-02-18,22.1707,22.2763,21.6956,21.8012,3778355
2003-02-19,21.5109,21.9332,21.1678,21.8804,4023377
2003-02-20,21.7748,21.9068,21.4581,21.6956,3354805
2003-02-21,22.1443,22.1443,21.5109,21.7748,3621818
2003-02-24,21.4317,21.9860,21.4053,21.4053,3753593
2003-02-25,20.8510,21.8276,20.7982,21.5109,5100952
2003-02-26,21.1678,21.8276,21.1678,21.5373,4146147
2003-02-27,21.5901,21.8540,21.5109,21.8540,3003117
2003-02-28,21.6956,22.6458,21.6428,22.2235,4732468
2003-03-03,22.4347,22.6194,22.0915,22.2235,3974372
2003-03-04,22.3027,22.3555,21.4845,21.5109,4027879
2003-03-05,21.5109,21.9068,21.5109,21.8012,3786494
2003-03-06,21.5637,21.6428,21.1414,21.2469,3744242
2003-03-07,20.9566,21.2469,20.7191,21.1414,5207446
2003-03-10,21.1414,21.2997,20.7982,20.8510,4218182
2003-03-11,20.9830,21.1941,20.8510,21.0622,5056623
2003-03-12,20.7160,21.3261,20.7160,21.3261,6552554
2003-03-13,21.6179,21.7505,21.1139,21.2465,7158268
2003-03-14,21.4587,22.2810,21.2996,21.7240,4377835
2003-03-17,21.4587,22.7054,21.2996,22.6258,5810043
2003-03-18,22.5463,23.0502,22.3341,23.0502,4274805
2003-03-19,22.6524,23.0237,21.7240,21.8831,6960866
2003-03-20,21.8831,22.2014,21.6179,21.9097,4553247
2003-03-21,22.5463,22.5463,21.7505,22.5463,5674805
2003-03-24,22.0158,22.5463,21.8566,21.9627,4039827
2003-03-25,22.2280,22.9441,21.9362,22.8115,4681905
2003-03-26,22.8115,22.8115,21.9362,22.5728,6410563
2003-03-27,22.1749,22.4136,21.8831,22.4136,4339740
2003-03-28,21.8301,22.2545,21.8301,22.0158,3902684
2003-03-31,21.6709,22.2014,21.4322,21.9097,4892294
2003-04-01,21.9097,22.3871,21.7770,22.1484,3519134
2003-04-02,22.5993,22.9707,22.5993,22.8380,6262165
2003-04-03,22.3341,22.9176,22.2810,22.4136,4543030
2003-04-04,22.1749,22.6524,22.1219,22.5463,3801385
2003-04-07,23.1298,23.2624,22.4667,22.6258,5599481
2003-04-08,22.6258,22.6258,21.7770,22.0688,5941645
2003-04-09,21.7770,21.8566,21.0609,21.0874,7591342
2003-04-10,21.2200,21.4322,21.0343,21.2200,4294199
2003-04-11,21.7505,21.8036,21.1139,21.2200,5034805
2003-04-14,20.9282,21.1670,20.9017,21.1670,4130216
2003-04-15,21.0609,21.3526,20.9017,21.0609,6652987
2003-04-16,21.7505,21.7770,20.1060,20.7691,22420779
2003-04-17,20.7691,21.1404,20.5569,20.9548,9448658
2003-04-21,20.9813,21.0874,20.7426,20.8752,6030996
2003-04-22,20.8752,21.4853,20.7426,21.4322,7708571
2003-04-23,21.5648,22.5463,21.4853,22.2280,7864935
2003-04-24,21.8036,21.9362,21.4853,21.5914,5211602
2003-04-25,21.5914,21.6975,20.5834,20.9548,9041558
2003-04-28,20.8221,21.4057,20.7956,21.2465,5064935
2003-04-29,21.5383,21.8831,21.1935,21.2996,4809524
2003-04-30,21.0343,21.2465,20.9813,20.9813,9370216
2003-05-01,21.0078,21.2465,20.8752,21.0609,3644156
2003-05-02,21.0078,21.3526,20.9813,21.3526,6396190
2003-05-05,21.5914,21.8566,21.3792,21.5648,5800173
2003-05-06,21.2200,21.8036,21.2200,21.6179,7144242
2003-05-07,21.2996,21.6444,21.2465,21.2731,6276017
2003-05-08,21.1935,21.3792,21.0874,21.2465,5041212
2003-05-09,21.3792,21.4322,20.9813,21.1404,5831688
2003-05-12,21.0874,21.4587,20.9282,21.4322,6398095
2003-05-13,21.4322,21.4322,20.9548,21.3526,13215411
2003-05-14,21.2731,23.7399,21.2731,23.6603,28441732
2003-05-15,23.9786,24.6152,23.3420,24.1378,16004502
2003-05-16,24.1378,24.2173,23.5542,23.6073,6520000
2003-05-19,23.2624,23.5012,22.6789,22.6789,5610390
2003-05-20,22.9972,23.2094,22.2810,22.4932,8394632
2003-05-21,22.6524,22.7850,22.0158,22.0158,8506667
2003-05-22,22.2810,22.5463,22.1749,22.3871,7211602
2003-05-23,22.5197,22.8911,22.2810,22.5197,5217662
2003-05-27,22.3871,23.2359,22.3606,23.2094,6339221
2003-05-28,23.3685,23.6073,22.6524,22.8115,6674978
2003-05-29,22.8115,23.1829,22.5728,23.0768,5933853
2003-05-30,23.0768,23.2890,22.5993,22.5993,7112208
2003-06-02,23.1829,23.6073,22.8380,23.1563,8432727
2003-06-03,22.8115,22.9176,22.4667,22.5197,8814372
2003-06-04,22.5463,23.8460,22.5463,23.7664,8350996
2003-06-05,23.6073,24.5356,23.4746,24.3234,11053333
2003-06-06,25.0661,25.0927,23.5807,23.5807,10442597
2003-06-09,22.2545,23.0768,22.1219,23.0237,14111861
2003-06-10,23.0237,23.5542,22.2810,22.8115,6363463
2003-06-11,22.6482,23.6340,22.2751,23.5807,9563810
2003-06-12,23.8472,24.2469,23.3676,24.1136,8239827
2003-06-13,23.9804,24.2469,22.9413,23.0745,5738874
2003-06-16,23.2877,23.6607,22.5149,23.3676,5321212
2003-06-17,23.5008,23.8738,23.1811,23.7939,5270476
2003-06-18,23.6873,24.8597,23.5275,24.7265,8903550
2003-06-19,25.0462,26.3785,24.1136,25.6324,15626667
2003-06-20,25.7656,25.9788,25.1528,25.9255,11045887
2003-06-23,25.7123,25.9521,24.8064,24.9663,7801732
2003-06-24,24.7798,25.1794,24.5400,25.0196,7422857
2003-06-25,25.0462,25.5791,24.9396,25.1794,6591688
2003-06-26,25.0729,25.4459,24.9130,25.3926,4181991
2003-06-27,25.3127,25.4192,24.7265,24.9929,4683636
2003-06-30,24.8597,25.4992,24.8064,25.1262,5817835
2003-07-01,24.6465,24.8064,24.2469,24.6199,7285195
2003-07-02,24.6998,25.7390,24.6732,25.6857,6190476
2003-07-03,25.6058,25.9255,25.2594,25.4992,4143377
2003-07-07,26.2186,26.7781,25.9788,26.7248,9279307
2003-07-08,26.5117,27.0712,26.1120,26.2985,6565368
2003-07-09,26.7781,27.7906,26.0587,27.3110,9098182
2003-07-10,24.2469,26.6449,24.1403,25.2327,11019740
2003-07-11,25.4725,26.0587,25.3127,25.3393,5761385
2003-07-14,25.9788,26.1653,25.3127,25.3127,7037229
2003-07-15,25.3926,26.3785,25.3926,26.0587,8689870
2003-07-16,25.5525,25.5525,24.2735,24.8597,8926926
2003-07-17,24.1936,24.3002,23.3942,23.8205,7445887
2003-07-18,24.2202,24.3534,23.7140,24.1136,3974372
2003-07-21,23.3143,23.5541,23.1278,23.2344,5241558
2003-07-22,23.3143,23.9005,23.2610,23.7673,6919481
2003-07-23,23.6340,24.5400,23.4742,24.3534,4553939
2003-07-24,24.5133,24.9130,24.0870,24.1403,4374199
2003-07-25,24.1669,24.4867,23.5807,24.4334,3583377
2003-07-28,24.3002,29.3094,24.3002,24.9396,4053333
2003-07-29,24.9396,24.9396,24.2202,24.4867,4036710
2003-07-30,24.4600,24.5666,24.1136,24.2469,4156710
2003-07-31,24.6998,26.9114,24.0604,24.0870,5202597
2003-08-01,24.1403,24.6998,24.1136,24.5933,3618874
2003-08-04,24.4334,25.0462,24.1669,25.0196,4907532
2003-08-05,24.8863,25.0196,24.5133,24.5933,4966926
2003-08-06,24.2202,24.9929,24.2202,24.7531,4872900
2003-08-07,24.4334,24.7531,24.2469,24.6998,3757749
2003-08-08,24.6998,25.0196,24.3268,24.4600,2872035
2003-08-11,24.3801,24.6998,24.3268,24.6998,1972468
2003-08-12,24.6199,24.8597,24.2469,24.8597,3856623
2003-08-13,24.8597,24.9130,24.5666,24.6998,2859740
2003-08-14,24.6998,25.6324,24.5133,25.6324,4725541
2003-08-15,25.7123,25.9788,25.3660,25.9788,4308571
2003-08-18,26.0054,26.3252,25.7390,26.2186,4661645
2003-08-19,26.3785,27.2311,26.2452,27.1778,8768831
2003-08-20,26.6183,27.3110,26.5383,26.7515,7714632
2003-08-21,26.9380,27.5775,26.9114,27.3110,5983550
2003-08-22,27.6308,27.7374,27.1778,27.4709,7329697
2003-08-25,27.3110,27.5242,27.0446,27.4176,5510649
2003-08-26,27.4443,28.6699,27.2311,28.5900,10141126
2003-08-27,27.4709,28.6166,27.4709,28.5900,8565022
2003-08-28,28.3235,28.6166,27.7906,28.5900,5770563
2003-08-29,28.5900,28.9364,28.2170,28.5900,5247792
2003-09-02,28.9097,28.9097,28.0304,28.3502,7516017
2003-09-03,28.5900,28.8831,28.1370,28.1903,7716883
2003-09-04,27.9772,28.9364,27.9505,28.8831,7065801
2003-09-05,28.8831,29.9755,28.3768,28.6433,10473766
2003-09-08,28.7765,30.4551,28.6699,30.0555,7824762
2003-09-09,30.6416,31.0413,29.7624,29.8423,12290043
2003-09-10,29.8689,29.8689,28.3235,28.4834,7996017
2003-09-11,28.8815,29.6838,28.7478,29.3094,6154632
2003-09-12,29.2024,29.5501,28.8548,28.9885,5593420
2003-09-15,28.7478,28.8815,28.1595,28.6141,5781472
2003-09-16,28.6141,29.4164,28.5606,29.2292,5028052
2003-09-17,29.0955,29.1489,28.4269,28.4537,5666667
2003-09-18,29.2827,29.9512,28.9618,29.7640,7347706
2003-09-19,29.5501,30.0849,29.2827,29.6570,6474978
2003-09-22,32.9998,33.1603,32.1173,32.2510,31645541
2003-09-23,32.3580,32.8928,31.8232,32.8928,14726753
2003-09-24,32.8928,33.5881,32.3580,32.7859,13467359
2003-09-25,32.7859,33.9625,32.5185,33.5079,11941299
2003-09-26,32.2510,33.5347,31.5290,33.5079,19270823
2003-09-29,33.8823,34.0962,32.8394,32.8928,11567965
2003-09-30,32.4917,32.7324,31.5825,31.9569,8300779
2003-10-01,32.0104,32.5719,31.6360,32.4382,7799827
2003-10-02,32.4382,32.9998,32.2510,32.6254,4656797
2003-10-03,33.5614,33.6149,32.6254,32.8394,6932121
2003-10-06,35.3531,36.3693,34.7648,36.1019,16804675
2003-10-07,35.8345,37.6530,35.7008,37.5995,15223030
2003-10-08,37.8669,38.2413,36.3961,36.5565,10506147
2003-10-09,37.0646,37.5460,36.2356,36.7170,6872900
2003-10-10,37.1716,37.3855,36.7170,36.8774,5136797
2003-10-13,37.4390,38.5087,36.7972,37.0914,12207619
2003-10-14,36.3693,36.6368,36.0217,36.2891,9272727
2003-10-15,36.7170,37.0379,36.0217,36.8507,9358961
2003-10-16,36.5030,36.9844,36.3961,36.6368,4715152
2003-10-17,36.6368,36.9577,35.8880,36.0484,4154632
2003-10-20,35.0322,35.9147,34.7648,35.2996,7211775
2003-10-21,35.2996,36.3693,35.2729,35.8880,4714286
2003-10-22,33.6416,35.9682,33.6416,35.3531,4182857
2003-10-23,34.6311,36.1287,34.6311,36.0484,7273593
2003-10-24,35.8345,35.8345,34.8450,35.4334,5059221
2003-10-27,35.4334,35.9415,34.8183,34.9520,7253333
2003-10-28,35.1392,35.8077,34.7648,35.8077,9826840
2003-10-29,35.6473,37.2251,35.4868,37.0914,7406580
2003-10-30,37.4390,37.4390,36.3693,36.7705,5817489
2003-10-31,36.7705,36.8239,36.1554,36.1821,3366753
2003-11-03,36.3158,37.1716,36.3158,37.0111,6772294
2003-11-04,37.0111,37.5460,36.1287,37.3053,5262165
2003-11-05,36.8507,37.2518,36.3693,37.1716,3615931
2003-11-06,37.1716,37.5727,36.7437,37.3053,5862684
2003-11-07,37.7599,38.1343,37.4390,37.9471,7626320
2003-11-10,37.7064,37.9204,35.4334,36.0484,9431342
2003-11-11,35.7810,36.1019,35.3264,35.6205,6774545
2003-11-12,36.1019,36.7705,36.1019,36.5030,7606061
2003-11-13,36.4763,36.5833,35.2462,35.5938,5264935
2003-11-14,35.6740,36.3158,35.1927,35.3531,5001558
2003-11-17,33.4277,35.2996,33.4277,34.7648,5611255
2003-11-18,34.8985,35.4868,34.1497,34.1497,4259740
2003-11-19,34.3637,35.3799,33.4277,35.3799,5578182
2003-11-20,34.8985,36.0217,34.7915,35.5403,6709091
2003-11-21,35.5671,35.8880,35.4601,35.8345,5256450
2003-11-24,36.1821,36.4496,35.8345,36.2624,5108571
2003-11-25,36.3961,36.4228,35.9415,35.9682,5246753
2003-11-26,36.5030,37.3855,36.3961,37.1181,6527273
2003-11-28,37.4390,37.7064,36.9844,37.5460,3393420
2003-12-01,37.8134,37.9471,37.4123,37.7867,4771429
2003-12-02,37.6530,37.9471,37.5192,37.5727,5763983
2003-12-03,37.7064,37.8134,36.3693,36.5565,14668225
2003-12-04,36.4228,36.5565,35.6205,35.7543,9058528
2003-12-05,35.3264,36.0217,35.0322,35.7008,6817835
2003-12-08,35.1927,35.5671,34.9253,35.2194,7149610
2003-12-09,35.2462,35.4601,33.9893,34.2032,7615931
2003-12-10,34.2300,34.3637,33.1335,33.5614,7055238
2003-12-11,33.8255,35.0057,33.6645,34.9253,6366234
2003-12-12,34.9253,35.1398,34.3888,35.0862,4640693
2003-12-15,35.2740,35.9446,34.2278,34.3083,7159481
2003-12-16,34.8180,35.7568,34.5497,35.7568,16412987
2003-12-17,35.4081,35.8641,35.0862,35.3276,9290909
2003-12-18,35.3276,36.0787,35.2740,35.9446,8403463
2003-12-19,36.1055,36.1592,35.1398,35.4617,5383203
2003-12-22,35.2740,36.2128,35.0862,36.1860,5145801
2003-12-23,36.2933,36.6420,36.1055,36.5347,5158788
2003-12-24,36.2128,36.7493,36.1860,36.7225,1738182
2003-12-26,36.5615,37.0175,36.5615,36.9103,1388918
2003-12-29,37.1248,37.8223,36.9103,37.6613,7223377
2003-12-30,37.6613,37.7418,37.0712,37.3126,4740260
2003-12-31,37.3663,37.7955,37.3126,37.5540,4468052
2004-01-02,38.2246,39.0294,38.0637,38.8953,11402944
2004-01-05,39.7000,40.6657,39.4586,40.3706,8723983
2004-01-06,40.2365,40.5047,39.7268,40.2901,6401732
2004-01-07,40.2633,41.2290,40.0755,40.3974,9565195
2004-01-08,41.5240,42.2483,41.3094,42.1946,9033939
2004-01-09,41.6582,42.6507,41.4167,42.1410,6445368
2004-01-12,42.5970,43.6163,42.5165,43.4554,9408312
2004-01-13,45.1185,45.1990,43.4554,43.7773,14397922
2004-01-14,43.9919,44.1528,43.2140,43.8577,8731082
2004-01-15,43.7236,43.8577,42.6507,43.7505,5805195
2004-01-16,43.7505,45.7355,43.7505,45.4672,9791688
2004-01-20,45.6013,46.6743,45.3331,45.7355,13168831
2004-01-21,45.5477,45.7355,44.0455,45.0917,13144242
2004-01-22,45.8427,45.8427,44.7698,44.8234,7862857
2004-01-23,44.8234,45.6013,44.7966,44.9844,6573680
2004-01-26,44.7966,46.4061,44.1528,46.2183,6651775
2004-01-27,45.9232,46.9425,45.7086,46.1110,6241905
2004-01-28,46.6743,46.8621,45.2258,45.3331,7024416
2004-01-29,45.7355,45.7355,44.5284,44.9039,7399134
2004-01-30,44.9039,45.3331,44.4747,44.4747,6758442
2004-02-02,44.6088,44.8234,44.0187,44.1260,5534892
2004-02-03,43.7236,44.5015,43.3213,44.2065,5533333
2004-02-04,43.7773,44.0455,42.7311,42.9725,6093506
2004-02-05,43.1871,44.0187,43.1335,43.5895,4146667
2004-02-06,43.7505,45.7623,43.7505,45.4404,6249524
2004-02-09,45.6013,45.6550,44.6893,45.0648,3295758
2004-02-10,44.8771,45.8159,44.7966,45.4136,3411429
2004-02-11,46.9425,48.1496,46.3792,47.8546,8300779
2004-02-12,47.3449,47.6132,45.6282,46.9962,4731429
2004-02-13,46.9694,47.4522,45.6013,46.1915,4384935
2004-02-17,47.0498,47.0498,45.7623,46.0037,7002944
2004-02-18,46.0037,46.2719,45.5209,45.7355,4417489
2004-02-19,46.6743,47.2913,46.2988,46.7011,10347879
2004-02-20,46.5670,47.7741,46.4061,47.3986,9783203
2004-02-23,48.0692,48.4447,45.4672,45.8159,10046926
2004-02-24,44.8771,46.0842,44.5015,45.3331,7520173
2004-02-25,45.8159,47.2108,45.7355,46.9425,8445714
2004-02-26,46.9157,48.7666,46.5670,48.5252,8362597
2004-02-27,48.2838,50.1615,47.8814,49.4909,9631861
2004-03-01,49.4104,50.6979,49.1690,50.5907,6809004
2004-03-02,50.1615,50.4297,49.1421,49.2494,7511861
2004-03-03,49.2494,49.6250,48.6057,49.1958,4896450
2004-03-04,49.2226,49.6250,48.8202,49.2494,4667359
2004-03-05,48.6325,49.5982,48.4179,48.4984,5645887
2004-03-08,48.4984,48.7666,47.2376,47.3717,6079654
2004-03-09,49.5177,49.5177,46.5402,46.9157,6158095
2004-03-10,47.2108,47.3181,45.0917,45.4404,6896450
2004-03-11,44.5009,45.7915,44.3664,44.7698,8083117
2004-03-12,45.1731,46.1411,45.0118,45.9529,6046407
2004-03-15,45.4420,45.8184,41.9465,43.9093,5673593
2004-03-16,44.2320,45.0656,43.9631,44.6622,6033420
2004-03-17,45.1731,46.8402,45.0118,46.3024,7612814
2004-03-18,45.9798,46.3024,44.7429,45.8184,4442944
2004-03-19,45.8184,45.9529,45.0924,45.5495,5222511
2004-03-22,45.0387,45.0387,42.6725,43.5060,9308745
2004-03-23,44.3933,44.9311,44.0169,44.2320,6424069
2004-03-24,44.4471,45.8453,44.3664,45.4420,6826494
2004-03-25,45.7109,46.5175,44.6891,46.3831,7095065
2004-03-26,45.4420,46.1949,45.3076,45.6571,6160519
2004-03-29,45.8991,47.3511,45.8991,47.2704,5094892
2004-03-30,46.8402,47.5662,46.4100,47.1360,4541645
2004-03-31,47.1360,47.4855,46.6789,47.3242,4603810
2004-04-01,48.2653,48.7224,47.7813,48.4804,10466147
2004-04-02,49.6098,50.4702,49.0451,50.4164,8269957
2004-04-05,50.2282,50.4164,49.4484,50.0937,5716710
2004-04-06,48.3998,50.1475,48.3998,49.0720,9841212
2004-04-07,48.8300,49.0720,48.1309,48.5342,6030130
2004-04-08,49.2064,49.4215,47.9964,48.8031,4766061
2004-04-12,48.6418,48.9106,48.2653,48.3998,5389264
2004-04-13,48.4804,48.5611,46.9478,47.1898,4953939
2004-04-14,47.0553,47.8889,46.6789,47.1629,3789610
2004-04-15,47.1629,47.6469,46.0873,46.2218,4617143
2004-04-16,47.4587,47.4587,44.3664,44.5816,11909264
2004-04-19,44.7967,45.0387,44.0976,44.9042,6930909
2004-04-20,45.4420,45.5764,43.5060,43.6136,13445541
2004-04-21,52.5675,52.7557,51.3575,51.8953,40149091
2004-04-22,51.2231,55.8479,50.6853,55.7135,24745974
2004-04-23,54.8531,56.1706,54.3959,54.9337,12342511
2004-04-26,53.7775,54.7186,53.3742,54.5035,8605541
2004-04-27,54.1808,56.1168,54.1002,54.6379,12723983
2004-04-28,54.4497,54.4497,52.2448,52.7020,9567619
2004-04-29,52.0566,52.2448,49.4753,49.9862,12832208
2004-04-30,50.7660,50.8466,48.7493,49.0720,7088139
2004-05-03,49.6904,49.7173,48.3460,48.9913,6940260
2004-05-04,49.0720,51.0349,48.8300,50.1475,5834632
2004-05-05,50.5509,51.8146,49.9055,51.0886,8025801
2004-05-06,51.3575,51.3575,50.0400,50.5509,4974719
2004-05-07,50.0131,51.6802,49.9324,50.3626,5232035
2004-05-10,49.9593,50.7391,49.5829,50.3089,7463030
2004-05-11,51.4920,51.4920,50.0131,50.2820,7624935
2004-05-12,50.9542,51.0617,49.2064,50.6853,6897835
2004-05-13,50.6853,52.4331,50.4164,52.1104,7811948
2004-05-14,52.2448,52.6751,50.0131,50.7929,6776277
2004-05-17,49.3409,50.7122,49.2871,50.1475,4663550
2004-05-18,50.5509,51.6264,50.4702,51.0886,4108052
2004-05-19,52.3793,53.1860,51.6802,52.0566,5790130
2004-05-20,52.0566,53.0246,51.6533,51.7609,5005022
2004-05-21,52.4331,52.9708,52.2717,52.6751,5544242
2004-05-24,53.4280,53.9120,52.2986,52.4331,5435671
2004-05-25,52.5675,53.5624,51.7609,53.5624,5087446
2004-05-26,52.5675,53.2397,52.1642,52.4868,6317229
2004-05-27,52.8364,53.4280,52.5137,53.2397,4682251
2004-05-28,52.8633,53.3742,52.6751,53.1591,4588571
2004-06-01,52.7557,53.6968,52.7020,53.4817,5364848
2004-06-02,53.5086,54.2884,53.1053,53.8582,7446407
2004-06-03,53.7506,53.7506,51.8953,51.8953,7162597
2004-06-04,52.9171,53.9926,52.5944,53.1591,6259221
2004-06-07,54.0464,55.0413,53.6968,54.8799,7158788
2004-06-08,54.5842,54.9875,54.1002,54.7993,7434113
2004-06-09,54.5035,54.9337,53.4548,53.4817,6041558
2004-06-10,53.8582,54.4497,53.2397,53.5086,5045195
2004-06-14,53.6216,53.7563,51.0617,51.0617,10181991
2004-06-15,51.6007,51.8701,49.5797,49.7145,13881558
2004-06-16,49.9839,50.3342,48.9330,50.1725,10495931
2004-06-17,50.1725,50.1725,48.7175,48.7444,6318961
2004-06-18,47.9630,48.2325,46.4810,46.7235,12776104
2004-06-21,47.5588,48.2325,46.5888,47.2624,8173853
2004-06-22,47.5588,48.7444,47.4241,48.2325,7705628
2004-06-23,48.4750,49.7953,48.0977,49.4989,6129004
2004-06-24,49.5528,50.1187,49.2025,49.2564,5884329
2004-06-25,49.2564,49.4450,48.0708,49.2564,10934719
2004-06-28,49.4181,49.5797,48.0977,48.4211,6723463
2004-06-29,48.3672,48.7714,48.0169,48.5019,9535931
2004-06-30,49.1217,49.7145,48.5289,49.1756,5400173
2004-07-01,49.5258,49.5528,48.2594,48.9869,6678442
2004-07-02,48.7714,49.0947,47.8013,47.8822,4015238
2004-07-06,47.2085,47.5588,45.1337,45.4032,9054372
2004-07-07,45.9421,47.6397,45.6726,46.8044,8399307
2004-07-08,46.9391,48.6097,46.8044,46.9391,7551169
2004-07-09,47.9630,48.1516,46.9391,47.1546,4132294
2004-07-12,47.1546,47.2355,45.7535,45.9960,3521732
2004-07-13,46.1307,46.7774,46.0229,46.6696,3348225
2004-07-14,46.2116,46.2654,44.7834,45.1337,7002078
2004-07-15,44.1637,45.1337,43.9481,44.6757,7875498
2004-07-16,44.5948,44.5948,41.2266,42.5739,16765368
2004-07-19,42.0350,42.5739,41.5230,41.6039,11570043
2004-07-20,43.0589,43.4092,41.8194,43.3553,13513593
2004-07-21,44.9721,44.9721,39.8524,40.0680,19551515
2004-07-22,40.6069,42.4392,40.4183,42.0619,10206234
2004-07-23,41.6308,41.8464,41.0111,41.1727,4748745
2004-07-26,42.0350,42.1697,40.5530,41.5500,5822684
2004-07-27,42.4931,42.5200,41.1458,41.7117,7082078
2004-07-28,41.9003,44.3254,41.5500,43.6248,11799827
2004-07-29,43.9212,44.1367,43.0050,43.1398,5011429
2004-07-30,42.9511,43.2475,42.1967,42.9242,5291255
2004-08-02,42.6278,43.8673,42.3045,43.7326,4035498
2004-08-03,43.3284,43.5439,41.9811,42.0619,5232208
2004-08-04,41.6308,42.4122,41.1727,41.7655,5146147
2004-08-05,41.7655,42.7086,41.0380,41.1997,4392035
2004-08-06,40.7147,40.9572,39.3943,39.7177,4901645
2004-08-09,39.7446,40.0949,38.8015,39.6638,3480000
2004-08-10,39.6099,40.7955,39.6099,40.7955,4269264
2004-08-11,39.4752,39.5560,38.3435,38.6129,7066840
2004-08-12,37.8584,38.3704,37.5890,38.0471,5544242
2004-08-13,38.5051,38.8554,37.2656,38.2896,4588225
2004-08-16,38.1279,39.0710,38.0201,38.8554,3935238
2004-08-17,40.6338,41.5230,40.2027,40.6338,7380606
2004-08-18,40.6338,42.2775,40.1488,42.0889,5752208
2004-08-19,42.0350,42.5739,41.5230,42.0889,4797229
2004-08-20,42.2506,43.7326,42.2506,43.2475,5521732
2004-08-23,43.5709,44.1637,43.4092,43.5439,4272900
2004-08-24,43.5709,43.9212,42.7895,43.1398,3779048
2004-08-25,43.5170,44.4870,42.9242,44.1906,4181991
2004-08-26,44.0020,44.8373,43.7056,44.1367,3600000
2004-08-27,44.2984,44.9721,44.1637,44.7026,2814199
2004-08-30,44.2176,44.5409,43.3823,43.6517,2805541
2004-08-31,43.5709,43.8942,42.7895,43.5170,3647446
2004-09-01,42.8973,44.0559,42.8703,43.8134,3909264
2004-09-02,43.5978,44.5948,43.4092,44.2984,4164156
2004-09-03,43.6248,44.2715,43.4901,43.4901,3922078
2004-09-07,43.9212,44.1906,42.0889,42.2506,7749610
2004-09-08,41.2266,41.2266,40.2835,40.6877,13014719
2004-09-09,41.7655,43.3823,41.7386,43.2745,10329004
2004-09-10,43.5709,45.3224,43.1398,44.9721,6752554
2004-09-13,45.1072,46.3767,44.7560,44.9451,7070823
2004-09-14,45.5123,45.6744,44.9991,45.5663,3779221
2004-09-15,45.5934,45.5934,43.7026,44.1618,5139048
2004-09-16,44.4049,45.5393,44.2428,45.3503,5833074
2004-09-17,45.6474,46.1876,45.4043,45.9445,6686407
2004-09-20,45.8905,47.5381,45.5393,46.9169,7363636
2004-09-21,47.8082,48.5645,47.4571,48.1593,8540606
2004-09-22,47.5921,48.8076,47.4301,48.4564,11241212
2004-09-23,48.2944,48.8346,47.5921,48.3214,5405714
2004-09-24,48.5645,49.0237,48.0783,48.1593,6313939
2004-09-27,47.6191,48.5375,47.2680,47.2680,6070303
2004-09-28,47.8082,47.9433,46.5387,47.2950,5151861
2004-09-29,47.2680,48.1863,47.1059,47.5111,3816797
2004-09-30,47.5381,48.8886,47.4841,48.7266,6604502
2004-10-01,49.1587,50.6983,49.1587,50.6983,7323983
2004-10-04,50.6983,51.8597,50.6983,51.3466,8016277
2004-10-05,50.7793,51.4276,50.4822,51.2925,4755844
2004-10-06,50.9144,51.0494,50.4282,50.6443,4503723
2004-10-07,50.6443,51.0764,50.1041,50.7793,3674113
2004-10-08,50.5633,50.6443,49.5369,49.7259,3419913
2004-10-11,49.6989,50.2661,49.5099,49.9690,2067359
2004-10-12,49.3748,50.0771,49.1317,49.6179,4549437
2004-10-13,50.5092,50.8874,49.5369,49.6989,4384416
2004-10-14,49.6449,50.2931,49.2668,49.5099,4080519
2004-10-15,49.5099,50.4822,49.4288,49.8340,4909091
2004-10-18,49.8340,50.9684,49.5099,50.5633,3562251
2004-10-19,51.1845,52.5890,49.9690,49.9690,13076710
2004-10-20,47.4571,47.8892,45.9175,46.1606,18429784
2004-10-21,46.7278,46.8358,45.7554,45.8905,13168658
2004-10-22,46.0255,46.5657,44.7020,44.7290,8088139
2004-10-25,44.5670,45.6744,44.4589,45.5393,5385628
2004-10-26,45.8365,46.5387,45.6204,45.9445,5618009
2004-10-27,46.0525,47.8082,45.9985,47.6461,6138009
2004-10-28,47.2680,47.8892,46.9709,46.9709,4017489
2004-10-29,46.7548,47.0789,46.2146,46.6198,7175931
2004-11-01,46.6198,46.6738,45.9985,46.3496,4883290
2004-11-02,46.3767,46.8899,45.9175,46.1336,4447446
2004-11-03,46.8628,47.2140,44.8911,45.1072,9899567
2004-11-04,44.8371,46.1066,44.1348,46.0525,12729524
2004-11-05,46.5927,47.2950,46.1066,46.1066,7202771
2004-11-08,46.1876,46.5387,45.7014,45.7284,6453506
2004-11-09,45.9985,46.1066,44.8371,45.0261,14276537
2004-11-10,45.0261,47.1870,44.9721,46.4037,13538009
2004-11-11,46.8628,47.9433,46.7278,47.4841,9155152
2004-11-12,47.8082,48.9426,47.8082,48.8886,7566407
2004-11-15,48.7806,49.5639,48.4294,48.7266,5198442
2004-11-16,48.4835,48.8886,48.1863,48.2674,3867359
2004-11-17,49.5639,49.9420,48.8886,48.9696,8362597
2004-11-18,49.5099,49.5639,48.4564,49.4288,6685022
2004-11-19,49.4288,49.6989,48.3484,48.4564,7148571
2004-11-22,48.4564,50.0230,48.3214,49.8340,6882597
2004-11-23,50.5092,51.3466,50.1041,50.9684,10096797
2004-11-24,50.9144,51.8057,50.9144,51.3466,5648831
2004-11-26,51.1305,51.6707,51.1305,51.3195,1611602
2004-11-29,51.3195,52.5890,51.3195,52.5080,6406753
2004-11-30,52.5080,52.9131,51.8597,52.0218,7054199
2004-12-01,52.2649,53.4804,52.1298,53.3453,8053680
2004-12-02,53.1292,54.1016,52.5620,53.1022,5725022
2004-12-03,54.6864,55.7392,53.4230,53.6937,8055065
2004-12-06,54.1450,55.6490,53.9645,55.0474,8760693
2004-12-07,55.7994,56.1002,54.1149,54.1450,7466320
2004-12-08,54.5059,54.5962,53.0019,53.5133,5012468
2004-12-09,53.4832,53.4832,51.2873,53.3027,11169004
2004-12-10,51.7084,52.0393,48.7305,49.1516,19855411
2004-12-13,50.3516,52.1004,49.7486,51.7084,14820779
2004-12-14,51.9496,52.0099,50.5929,50.8039,8898528
2004-12-15,50.3516,52.5225,50.1406,51.1356,11028918
2004-12-16,51.1657,52.8542,51.1657,51.7084,8513939
2004-12-17,51.2562,51.9195,51.1959,51.2562,8358095
2004-12-20,51.6180,51.7687,50.6532,51.1054,4894026
2004-12-21,51.1054,52.4622,50.9245,52.1908,6026840
2004-12-22,52.4622,52.7336,52.1305,52.5828,6054026
2004-12-23,52.4622,52.7034,52.0099,52.0401,2871515
2004-12-27,52.6129,52.6129,51.9195,52.0702,2733853
2004-12-28,51.8592,52.1607,51.5878,51.8290,3071515
2004-12-29,51.7084,52.1305,51.5577,51.7386,2595844
2004-12-30,51.6180,51.8893,51.5577,51.7687,2718095
2004-12-31,51.5577,52.1305,51.5577,51.8592,2507532
2005-01-03,52.0401,52.3416,51.0451,51.4371,4755671
2005-01-04,51.5577,51.7989,49.9295,50.4119,6135931
2005-01-05,50.0501,50.6532,49.7185,49.8089,4535584
2005-01-06,50.3516,50.8341,49.6883,50.3818,6118788
2005-01-07,50.8642,50.9547,50.0501,50.3215,5670303
2005-01-10,50.3818,51.4672,50.2009,51.1959,8154286
2005-01-11,50.8944,50.8944,49.8692,50.1707,6024242
2005-01-12,50.3516,50.6532,49.2662,49.6582,7398095
2005-01-13,49.6280,52.2813,49.6280,51.1054,10371602
2005-01-14,51.5577,52.0099,51.1054,51.3466,4792035
2005-01-18,51.5878,52.8240,51.5878,52.5526,10589784
2005-01-19,50.5024,50.5024,48.0903,48.8441,21486580
2005-01-20,48.5125,48.6934,46.0099,47.5476,16782511
2005-01-21,47.8190,48.2109,47.0049,47.1255,7780952
2005-01-24,47.2160,47.3969,45.8893,46.1004,7356710
2005-01-25,46.4019,46.9748,45.6783,46.2813,6433247
2005-01-26,46.7336,47.3366,46.6130,47.1858,7598788
2005-01-27,48.2411,48.2411,47.0954,47.3366,5077403
2005-01-28,47.4270,47.4873,46.4321,46.7336,6291775
2005-01-31,47.5175,47.7285,47.2160,47.4572,4385974
2005-02-01,47.4873,48.3919,47.1557,48.2109,6083290
2005-02-02,48.2713,49.2059,48.0300,49.0552,5818009
2005-02-03,48.9949,49.0250,48.0602,48.2109,3865455
2005-02-04,48.3316,49.4471,48.2411,49.0250,3443463
2005-02-07,48.7537,49.5677,48.7537,49.2964,2953593
2005-02-08,49.0552,49.8994,48.9949,49.2059,3430130
2005-02-09,49.0552,50.5024,47.3366,47.3366,6349264
2005-02-10,47.3366,48.0300,47.2763,47.8793,3231861
2005-02-11,47.8793,48.2411,47.5778,47.9697,3934545
2005-02-14,48.0903,49.0552,47.8190,48.8441,4930736
2005-02-15,48.2411,48.6632,47.9396,48.2411,5979394
2005-02-16,47.8793,47.9999,47.2763,47.4270,6997922
2005-02-17,47.3366,48.0602,46.5828,46.9145,7445714
2005-02-18,47.0351,47.4270,46.7336,46.7336,3349437
2005-02-22,46.2512,47.3667,45.8592,46.1004,5512900
2005-02-23,46.0703,46.7034,45.5275,46.4924,4996190
2005-02-24,46.1306,47.1858,45.7989,47.0351,4120000
2005-02-25,46.7939,47.2763,46.6130,47.0049,3469957
2005-02-28,46.7336,47.4572,46.7336,47.2160,5310649
2005-03-01,47.1557,47.3366,46.3416,47.1255,6367273
2005-03-02,46.2813,47.0954,46.0703,46.9748,5323117
2005-03-03,46.9748,47.1858,45.6180,45.8290,7462684
2005-03-04,46.2210,46.2512,44.4723,45.5577,11827879
2005-03-07,45.5577,46.7034,45.1657,46.4321,9349091
2005-03-08,45.8893,48.9346,45.2562,46.3115,15246926
2005-03-09,46.4019,46.7939,45.9195,46.1004,5404848
2005-03-10,46.7336,46.9145,45.9798,46.4924,4897316
2005-03-11,47.5815,47.6117,46.0700,46.1607,4600519
2005-03-14,46.5537,46.8258,46.3119,46.8258,3678788
2005-03-15,46.8560,46.9769,46.1305,46.3421,5055931
2005-03-16,46.6746,47.5815,45.9793,46.1002,8274286
2005-03-17,46.4328,46.5537,45.7677,45.8282,4179394
2005-03-18,45.4050,45.6166,45.0724,45.3747,9788745
2005-03-21,45.8886,45.9793,44.8608,45.0724,5106494
2005-03-22,45.6468,46.0700,45.2840,45.3143,8703030
2005-03-23,45.7073,45.7979,44.8911,45.1934,5536797
2005-03-24,45.3445,45.5561,44.9213,45.1631,3384762
2005-03-28,45.2840,45.7375,44.9515,45.0422,4375931
2005-03-29,45.0120,45.2538,44.4074,44.4981,4916364
2005-03-30,44.4376,45.2236,44.4376,45.1934,5130216
2005-03-31,44.9817,45.5259,44.8911,45.2538,6337316
2005-04-01,45.7073,45.9491,44.9213,45.0120,6434459
2005-04-04,45.0120,45.0724,44.6190,44.9515,4258182
2005-04-05,44.7701,45.5259,44.7701,45.4352,5273939
2005-04-06,45.0724,45.7073,44.8608,45.1631,4205022
2005-04-07,45.3445,46.4025,45.2236,46.2514,5622857
2005-04-08,46.2514,46.2514,45.7677,45.9491,4771775
2005-04-11,45.7979,45.8584,45.3143,45.6770,2677749
2005-04-12,45.3445,46.5839,45.1631,46.1909,4425801
2005-04-13,45.9189,47.1583,45.8886,46.1909,6793420
2005-04-14,46.1909,47.1583,45.4654,45.5561,4646234
2005-04-15,45.3747,45.4050,44.5888,44.5888,6538355
2005-04-18,44.2865,44.4981,43.7726,44.1655,5625455
2005-04-19,44.5585,44.8306,44.0749,44.4981,3699913
2005-04-20,44.8911,45.3445,44.5283,45.1329,7074286
2005-04-21,47.8838,48.3070,47.2490,48.1559,16481558
2005-04-22,48.1559,48.3070,47.3397,47.7024,5048139
2005-04-25,47.9443,48.0652,47.2187,47.6722,4022338
2005-04-26,47.3094,48.2163,47.3094,48.0652,5182511
2005-04-27,47.7629,47.8838,47.3699,47.4606,4875152
2005-04-28,47.0978,47.3397,46.4025,46.4630,4742684
2005-04-29,46.5839,46.7351,45.6468,46.3723,4249870
2005-05-02,46.3723,47.0374,46.0700,46.7653,2876537
2005-05-03,46.8862,47.1583,46.4025,47.0676,3551342
2005-05-04,47.0374,47.8233,46.7653,47.4606,4423377
2005-05-05,47.1583,47.9140,47.0676,47.4908,4519481
2005-05-06,48.2163,48.2768,47.2490,47.4303,4790303
2005-05-09,47.1281,47.7629,47.1281,47.6722,4332121
2005-05-10,48.1256,48.3070,47.3397,47.7326,6881558
2005-05-11,47.8233,48.0349,46.8560,47.7629,3832727
2005-05-12,47.9745,48.2768,47.5513,47.8233,4580087
2005-05-13,48.3070,49.5464,47.9140,49.0023,11828052
2005-05-16,49.0930,49.3650,48.7302,49.0930,5333160
2005-05-17,48.9721,49.7278,48.5791,49.6371,6279134
2005-05-18,49.8185,51.2091,49.7580,51.0881,11769697
2005-05-19,52.0857,53.2647,51.9346,52.3276,15500952
2005-05-20,52.5392,52.6903,51.8439,52.1462,5593593
2005-05-23,52.1764,52.9624,52.1462,52.6601,5550303
2005-05-24,52.2973,52.6903,52.2066,52.5089,4257143
2005-05-25,52.4485,52.4485,51.4811,51.9043,4189784
2005-05-26,52.3276,53.0833,52.1462,52.7810,4930043
2005-05-27,52.8112,52.8415,52.2973,52.4182,3305455
2005-05-31,52.2066,52.7810,51.9043,52.5089,4563636
2005-06-01,52.2973,53.1438,52.1462,52.8717,3713939
2005-06-02,52.9019,53.7483,52.8717,53.7483,4603290
2005-06-03,53.6274,53.8390,53.2647,53.6274,4980433
2005-06-06,53.5367,54.1716,53.5367,54.1716,4870996
2005-06-07,54.4134,55.9249,54.4134,54.8064,10984069
2005-06-08,55.6226,55.8947,54.5646,54.6855,8078442
2005-06-09,54.8064,55.3203,54.5041,55.1087,6109437
2005-06-10,54.9273,55.1994,54.0809,54.5948,3582338
2005-06-13,54.3515,55.1695,54.1395,54.9878,4293680
2005-06-14,54.6242,55.5028,54.6242,55.1392,4218182
2005-06-15,55.4119,55.8664,54.5636,54.8363,3733853
2005-06-16,54.8363,55.3513,54.6848,54.9575,4090216
2005-06-17,55.3513,55.3513,54.5636,55.1695,5513766
2005-06-20,54.7151,55.3513,54.7151,55.0181,3129004
2005-06-21,54.7757,55.4119,54.7757,55.1998,2677403
2005-06-22,55.5331,57.1085,55.3816,56.9570,8898355
2005-06-23,57.2600,58.3204,57.0479,57.1691,11735758
2005-06-24,57.2600,57.3812,55.9875,56.1996,5808139
2005-06-27,55.4725,55.8361,54.8363,55.1090,5827879
2005-06-28,55.5028,55.9572,55.2604,55.5937,6494372
2005-06-29,56.8055,57.0176,55.9270,56.1390,6390476
2005-06-30,56.5935,57.1085,55.2301,55.3210,6666320
2005-07-01,55.4725,55.6240,54.9575,55.3513,3646407
2005-07-05,54.9878,56.1087,54.6848,56.0784,5810736
2005-07-06,56.3511,57.2600,55.9875,56.0481,6278615
2005-07-07,55.1998,56.6844,54.8666,56.4117,5714632
2005-07-08,56.6844,56.7147,55.9270,56.1693,7010563
2005-07-11,56.5935,57.3812,56.4723,57.2903,9038268
2005-07-12,57.5630,59.0172,57.2903,58.3810,12354978
2005-07-13,58.6839,58.9566,58.4112,58.9263,6515844
2005-07-14,59.0778,59.8049,58.2598,58.4415,11401732
2005-07-15,58.3204,59.4716,58.1083,59.0778,8552381
2005-07-18,58.6233,59.2292,58.5324,58.9566,5828398
2005-07-19,59.7746,60.4108,59.2595,60.1381,12001732
2005-07-20,59.9564,61.0167,59.3807,60.3805,17670476
2005-07-21,60.3805,60.7441,59.4110,59.6231,11240173
2005-07-22,59.0778,60.5926,58.4718,60.5926,9140260
2005-07-25,62.6224,62.9557,62.1074,62.2286,17526234
2005-07-26,62.7133,63.5313,61.3500,62.6830,18358961
2005-07-27,62.8042,63.5919,62.5618,63.4707,11439134
2005-07-28,63.5616,65.1067,63.5010,64.5614,10465974
2005-07-29,63.8646,64.2584,63.2889,64.1675,11161905
2005-08-01,63.9252,65.2885,63.6828,65.1673,8954978
2005-08-02,64.8947,66.1065,64.7735,66.0762,10496970
2005-08-03,66.0156,66.9851,65.5915,66.7730,8342511
2005-08-04,65.8944,66.9548,65.6218,66.6518,7658701
2005-08-05,66.0156,66.7730,64.8644,65.3491,7196190
2005-08-08,65.3491,65.5915,64.7735,65.5915,5055931
2005-08-09,65.7127,66.5307,64.9552,65.5006,6105108
2005-08-10,65.9550,66.4398,64.5008,64.8038,5420087
2005-08-11,64.8644,65.8944,64.8341,65.8035,4556710
2005-08-12,65.2885,65.3794,64.1978,64.9552,5832900
2005-08-15,64.2887,64.6220,63.4404,64.1069,6650216
2005-08-16,63.6525,64.1978,62.5921,62.6527,7178182
2005-08-17,62.5921,63.1072,61.9862,62.6527,6195152
2005-08-18,62.3498,62.6224,61.8044,62.3498,5309091
2005-08-19,62.4407,62.5618,61.8650,61.9559,4516364
2005-08-22,62.8648,63.5010,62.4407,63.3495,5110476
2005-08-23,63.5919,64.8038,63.3192,64.4099,5972987
2005-08-24,64.0464,65.1673,63.3798,63.5010,6720000
2005-08-25,63.8343,64.1675,63.1678,63.7434,6263723
2005-08-26,63.8646,64.3190,63.4101,63.9858,4437749
2005-08-29,63.5616,64.5614,63.1678,64.3796,4167619
2005-08-30,64.4099,66.4701,64.1069,66.4095,8597403
2005-08-31,66.3792,67.5607,65.3794,66.2883,10398442
2005-09-01,65.9247,67.4395,65.6824,67.2578,8634978
2005-09-02,67.2881,68.0152,66.4701,66.6518,5026494
2005-09-06,67.2578,68.0152,67.2578,67.8940,7924329
2005-09-07,68.0455,68.5302,67.4698,67.7425,9020952
2005-09-08,67.7425,68.8635,67.2275,68.6514,7468052
2005-09-09,68.9241,69.9238,68.8029,69.3179,9109091
2005-09-12,69.3785,69.7724,69.0452,69.3179,5583203
2005-09-13,69.8003,71.2874,69.2844,71.1660,10501818
2005-09-14,70.7108,72.5316,70.7108,72.4406,11642597
2005-09-15,72.5013,72.8048,71.1356,71.8336,12197749
2005-09-16,71.9247,72.1675,71.1660,71.8640,8029437
2005-09-19,71.3784,71.7122,69.6182,70.5894,6973333
2005-09-20,70.4073,70.9232,68.6471,68.7685,8302684
2005-09-21,67.6760,68.4347,67.1904,67.5546,8793074
2005-09-22,66.9173,67.8884,66.1282,67.2207,9775238
2005-09-23,67.2207,69.2844,67.2207,69.1630,6518442
2005-09-26,69.7396,70.3162,68.1312,68.7381,6726234
2005-09-27,68.8899,69.0113,67.4332,67.8884,6249697
2005-09-28,68.2526,68.5561,66.9476,67.2207,5992727
2005-09-29,67.1904,68.2222,66.4620,67.4028,6246926
2005-09-30,67.7367,67.8277,66.6138,66.8566,7660779
2005-10-03,67.4028,68.7078,67.4028,68.1008,7763810
2005-10-04,68.5257,69.0720,67.5242,67.7367,8472554
2005-10-05,66.9780,67.5849,65.2785,66.7655,9978528
2005-10-06,66.5227,66.7655,64.0342,64.8233,9196537
2005-10-07,65.1874,65.8854,64.6715,65.5516,5119481
2005-10-10,65.4302,65.4302,62.7596,63.1845,7106320
2005-10-11,63.4273,65.0357,61.7581,62.3651,9383030
2005-10-12,61.7581,62.5472,59.3303,59.9979,14251775
2005-10-13,60.0586,60.9387,59.0268,60.4228,10544416
2005-10-14,63.7307,63.7307,60.3925,61.1815,12373680
2005-10-17,61.9706,62.2133,60.1193,60.5138,8489004
2005-10-18,61.2725,62.2740,60.4228,61.2119,13736797
2005-10-19,63.7307,64.1860,61.9099,63.7914,17061126
2005-10-20,64.2770,64.6108,63.2452,63.3969,9403636
2005-10-21,63.3666,63.7307,62.3044,62.8203,7464416
2005-10-24,63.1238,63.7611,63.0024,63.7004,5879654
2005-10-25,63.4273,63.7004,62.8203,63.5486,5922597
2005-10-26,63.5486,64.8536,63.3059,64.2770,7350996
2005-10-27,64.1253,64.7929,63.2148,63.4273,5211255
2005-10-28,63.8218,64.4894,62.8203,64.0039,5282944
2005-10-31,64.1860,67.8277,64.1556,67.2511,12061299
2005-11-01,67.0690,67.6760,66.2496,67.3725,7036710
2005-11-02,66.8566,70.2555,66.7959,69.9217,13671342
2005-11-03,70.1038,70.5590,69.4665,69.8003,8839481
2005-11-04,69.3755,70.6501,69.1934,70.0431,5406926
2005-11-07,69.8003,70.4983,69.4665,69.8914,4959134
2005-11-08,69.5879,70.5287,69.2541,70.3769,6018874
2005-11-09,69.9824,71.8640,69.9824,71.5909,8178701
2005-11-10,71.6212,71.9247,70.7411,71.8943,7051775
2005-11-11,71.7729,72.3496,71.2267,71.4998,4085887
2005-11-14,71.2874,71.2874,68.9506,69.3755,12200173
2005-11-15,69.3451,69.3451,67.9794,68.4043,11331948
2005-11-16,68.4650,69.1934,68.1615,69.1327,6261472
2005-11-17,69.8003,71.6212,69.4058,71.4695,9832208
2005-11-18,72.2889,72.7137,71.3481,72.4103,9389437
2005-11-21,72.2585,72.8351,71.7729,72.5316,4986320
2005-11-22,72.2585,72.8351,71.9854,72.8351,4628571
2005-11-23,72.7744,75.8396,72.6834,74.7167,12450909
2005-11-25,74.7167,75.2630,73.8973,75.1719,3072381
2005-11-28,75.6271,75.6575,72.9869,73.0779,8135584
2005-11-29,73.7759,74.0794,72.8048,73.2903,7612641
2005-11-30,73.6545,74.2008,73.0172,73.1083,6244156
2005-12-01,73.5635,73.9276,72.9262,73.4421,7614545
2005-12-02,73.4421,74.8684,71.5302,71.5909,11233247
2005-12-05,71.7122,71.9247,70.6197,70.6804,7153247
2005-12-06,71.2267,72.1675,70.6197,71.1660,7817143
2005-12-07,71.4391,71.7122,69.4968,69.9824,6640866
2005-12-08,70.6804,71.9247,70.2555,70.8322,6546667
2005-12-09,71.1963,71.5302,70.6501,71.0446,4751688
2005-12-12,71.0749,71.7729,70.1038,70.3162,5284848
2005-12-13,70.4390,71.0166,69.5878,69.6486,6956710
2005-12-14,69.5878,69.9526,68.4021,69.0710,7077229
2005-12-15,70.1654,70.9558,69.2838,69.3750,9180260
2005-12-16,69.3750,69.3750,68.0981,68.1285,10220260
2005-12-19,68.3413,69.0102,67.6725,67.8853,6057316
2005-12-20,67.8853,69.0102,67.5205,68.3717,7264416
2005-12-21,68.7062,69.7702,68.4325,69.6182,6766407
2005-12-22,69.8614,70.7734,69.8614,70.7126,6981472
2005-12-23,71.1990,71.8679,71.1686,71.4118,5185628
2005-12-27,71.2902,71.8375,69.7094,69.7702,4378701
2005-12-28,70.0742,70.5606,69.2534,69.6182,4489351
2005-12-29,69.6790,70.6822,69.1622,69.3142,5274113
2005-12-30,68.8582,69.1318,68.2501,68.6758,4348398
2006-01-03,69.5878,71.4422,68.7974,70.3174,9092987
2006-01-04,70.5302,71.5334,70.5302,71.1382,6293160
2006-01-05,71.5030,71.8071,70.8342,71.5030,7747013
2006-01-06,72.7799,74.3911,72.3847,73.9959,11285368
2006-01-09,73.9959,74.9992,73.1143,74.5735,7509091
2006-01-10,73.8743,73.9959,72.7495,72.9015,7406234
2006-01-11,73.4183,73.4183,72.2023,72.7191,8373160
2006-01-12,73.3575,73.5095,72.2327,72.5367,6741818
2006-01-13,72.9319,73.1447,72.3239,73.0535,5267879
2006-01-17,72.3543,73.0231,71.3206,71.5030,7092987
2006-01-18,70.3782,71.8679,70.3782,71.7767,5183550
2006-01-19,72.5671,74.2087,72.2935,74.0263,15622165
2006-01-20,71.1078,71.1990,68.2805,68.3413,27599481
2006-01-23,68.8278,68.9190,67.2773,67.4293,12272554
2006-01-24,67.8245,69.2534,67.7637,68.5542,7345974
2006-01-25,68.9494,69.4358,68.5542,68.9798,6017835
2006-01-26,69.4662,70.1958,68.5542,69.7702,8610390
2006-01-27,69.9526,70.4694,68.1589,68.4021,9351169
2006-01-30,68.4021,68.9798,67.4901,68.7366,7015931
2006-01-31,68.3413,69.7094,67.9461,69.0406,7560519
2006-02-01,68.4933,69.5574,68.4325,69.3142,4374199
2006-02-02,68.8886,68.9190,66.1221,66.3349,9045714
2006-02-03,66.3653,66.3957,64.1156,64.3588,13482597
2006-02-06,64.6020,64.8756,62.0787,62.4132,16738182
2006-02-07,62.9300,65.1492,62.7780,63.8420,11858355
2006-02-08,65.1188,66.0005,64.8148,65.9397,8823377
2006-02-09,66.2437,66.7301,65.1492,65.6965,6577143
2006-02-10,65.4533,66.0005,64.0548,65.6661,6670476
2006-02-13,65.1492,66.1221,64.5108,65.7877,6026840
2006-02-14,65.8181,67.7029,65.7877,67.5509,9918615
2006-02-15,67.7941,68.2805,66.9125,68.2197,4945801
2006-02-16,67.8853,68.3717,67.1861,67.4901,6297835
2006-02-17,66.7605,66.8821,65.2100,65.3317,8476537
2006-02-21,65.3317,66.0309,64.7236,65.5749,5125022
2006-02-22,66.1221,66.5781,65.5141,66.1829,5047965
2006-02-23,66.2133,66.7301,65.7573,66.3349,4504069
2006-02-24,65.8789,66.3349,65.5749,65.9397,3974199
2006-02-27,65.8181,67.0037,65.8181,66.1221,4619394
2006-02-28,65.4229,66.1221,64.5716,65.0580,6699567
2006-03-01,65.0276,68.1285,65.0276,67.1557,10155498
2006-03-02,66.9125,68.2501,66.6693,67.4597,6608139
2006-03-03,66.8517,67.4293,66.6085,66.8213,4185974
2006-03-06,67.6421,68.3109,66.8213,66.8213,7019567
2006-03-07,66.8517,67.1861,65.3621,65.9397,5528312
2006-03-08,65.5749,65.6053,64.1460,64.6932,9145108
2006-03-09,64.8452,66.4261,64.6932,64.6932,5835498
2006-03-10,65.2100,65.2100,62.7172,63.4772,15133680
2006-03-13,63.4159,63.7814,61.5884,63.6596,12903896
2006-03-14,63.6596,66.1877,63.5987,64.9389,11257489
2006-03-15,65.1521,67.0101,65.0607,66.8273,8327100
2006-03-16,67.0101,68.6244,67.0101,67.4974,11065108
2006-03-17,68.0153,68.3808,67.2233,67.7716,8215065
2006-03-20,67.5584,67.8934,66.5837,66.9492,4914113
2006-03-21,66.8883,67.8325,65.8222,66.0354,6698874
2006-03-22,65.4871,66.9492,65.4871,66.4314,6645022
2006-03-23,66.3705,67.3756,66.0659,67.1015,6548052
2006-03-24,67.0406,68.3503,67.0101,68.0153,6573853
2006-03-27,67.8325,68.4721,67.4974,67.5279,7171082
2006-03-28,67.5888,68.4417,66.6446,66.8273,5158268
2006-03-29,67.3756,69.4164,67.1929,69.3555,11760346
2006-03-30,70.5434,70.9393,69.7514,69.9342,9731255
2006-03-31,70.2388,70.7870,69.5382,69.7819,5421472
2006-04-03,70.5738,72.0663,70.1169,71.0307,8447792
2006-04-04,71.6094,71.7008,70.6652,71.1830,4673593
2006-04-05,71.0612,71.1830,69.9342,70.9393,6894199
2006-04-06,70.9393,72.8278,70.6652,72.4014,9823896
2006-04-07,72.2795,72.5232,70.8480,71.6399,6305455
2006-04-10,71.6094,71.8226,69.8428,70.7566,5171775
2006-04-11,71.7922,72.0359,70.1169,71.7922,7660433
2006-04-12,72.4014,73.0715,72.1882,73.0410,8904416
2006-04-13,73.0106,73.8329,72.7973,73.1628,6294892
2006-04-17,73.1628,73.8329,71.2439,71.8226,7639134
2006-04-18,72.2795,73.4979,71.5790,73.3456,11352208
2006-04-19,68.8377,69.4468,67.7107,68.5026,22729524
2006-04-20,68.5331,69.9646,68.4721,68.7463,9304589
2006-04-21,68.7463,68.8986,66.8578,67.2233,7756017
2006-04-24,67.0101,68.3198,66.7664,68.0457,6936623
2006-04-25,67.8020,68.2589,66.8578,67.0101,5303377
2006-04-26,67.1015,67.7716,67.0406,67.3147,5516710
2006-04-27,67.2233,67.4365,66.6446,66.9187,5255931
2006-04-28,66.4618,66.4923,64.7561,65.0303,8885714
2006-05-01,64.5125,65.4871,63.6596,64.4515,10834632
2006-05-02,64.8170,66.0963,64.6038,64.7257,6683463
2006-05-03,66.2486,66.9796,66.2486,66.7055,9152554
2006-05-04,66.7055,67.5584,66.5228,66.8578,6719134
2006-05-05,67.3756,68.0153,67.0710,67.9239,7287965
2006-05-08,67.5584,68.9899,67.0406,68.6549,7236017
2006-05-09,68.0762,70.0865,67.8934,69.6296,11030649
2006-05-10,69.3250,69.4468,67.7411,67.9239,11479654
2006-05-11,68.1676,68.1980,64.7257,65.3653,17658355
2006-05-12,64.8780,66.5532,64.5125,65.9136,12358788
2006-05-15,65.3044,65.7004,64.3906,65.5785,6860952
2006-05-16,65.4871,66.9492,64.9389,65.4567,7313247
2006-05-17,64.6647,65.1521,63.0809,63.9337,8645195
2006-05-18,63.7510,64.4515,62.1366,62.3194,7052814
2006-05-19,63.1723,63.6596,61.5579,62.1976,11275325
2006-05-22,62.1366,63.8424,61.8625,63.1723,8377143
2006-05-23,64.1165,65.0912,62.8677,62.9590,6789957
2006-05-24,63.3550,63.5073,61.4056,62.2889,8519134
2006-05-25,62.9895,64.2688,62.9590,64.1165,8261818
2006-05-26,64.2688,64.9693,64.1469,64.8170,3577316
2006-05-30,64.2992,64.4515,63.9946,64.1165,4101472
2006-05-31,64.2079,64.6343,64.0556,64.2383,5457835
2006-06-01,64.1469,65.9440,64.1165,65.8222,5677576
2006-06-02,66.7055,67.1624,65.7917,66.2791,7879827
2006-06-05,65.8831,66.0963,64.7866,65.8222,6067532
2006-06-06,65.8222,66.0659,65.2739,65.6394,8742165
2006-06-07,65.6394,65.6394,64.2383,64.5125,5902511
2006-06-08,63.2941,64.1774,61.4056,63.6291,10472208
2006-06-09,64.0860,64.5734,61.8016,62.7154,7923983
2006-06-12,63.2941,64.2079,60.0045,60.0959,11512727
2006-06-13,60.3091,61.2252,58.9960,60.3091,9049177
2006-06-14,60.7671,61.6832,60.5839,61.5000,8042078
2006-06-15,61.6832,62.5993,61.6527,62.0802,8489177
2006-06-16,61.4389,61.7138,60.1869,61.3168,10969870
2006-06-19,61.6832,61.6832,60.7977,61.1336,4720519
2006-06-20,61.1336,62.1413,60.2175,60.5534,10461126
2006-06-21,61.0725,61.7138,60.9504,61.0725,9034459
2006-06-22,61.1946,61.4084,59.9121,60.0953,6199307
2006-06-23,60.0953,61.1030,59.3625,60.7061,6418355
2006-06-26,60.4618,61.2863,60.3396,60.9198,4576623
2006-06-27,60.5228,61.4695,59.6984,60.0953,6892987
2006-06-28,60.1259,60.4312,58.0494,58.9655,10444156
2006-06-29,59.3930,61.2863,58.7212,61.0420,8035325
2006-06-30,61.2252,61.9886,60.6450,61.5305,5797749
2006-07-03,61.5611,62.1107,61.5305,61.8970,3430303
2006-07-05,60.8282,61.2557,60.2175,60.8893,5088312
2006-07-06,61.2863,62.2939,61.0725,61.3779,5706494
2006-07-07,60.7671,61.1030,59.7594,60.4923,8238268
2006-07-10,60.7671,61.2252,58.6601,59.1182,5540779
2006-07-11,58.6296,59.0876,57.4081,58.9960,11498182
2006-07-12,59.1487,59.7594,57.9883,58.0189,7125714
2006-07-13,57.5608,59.0571,56.9806,58.1716,7927446
2006-07-14,58.1716,59.0266,57.0417,57.0723,6842771
2006-07-17,57.1639,58.9350,57.1639,58.2632,8464762
2006-07-18,58.5075,59.5152,57.1028,57.6524,9726234
2006-07-19,57.9578,59.5457,57.8967,58.7823,13215584
2006-07-20,64.7368,66.4163,62.7215,62.9047,26735065
2006-07-21,62.9047,63.2100,61.1336,62.2939,10009177
2006-07-24,63.4238,65.5003,63.4238,64.4926,11117749
2006-07-25,64.5536,66.2637,64.5536,65.9583,10983030
2006-07-26,66.5080,67.6378,65.8056,66.7217,11015411
2006-07-27,67.1797,67.9126,66.9660,67.5156,9072727
2006-07-28,67.6683,69.2868,67.6073,68.6760,10787013
2006-07-31,68.5844,69.9891,68.3096,69.5005,7897835
2006-08-01,68.9203,68.9509,67.7905,68.6455,6965887
2006-08-02,68.8592,71.2105,68.6150,70.8441,11774545
2006-08-03,70.2944,71.6991,69.9891,71.2716,8688485
2006-08-04,70.2334,71.2105,69.3784,70.5387,9561039
2006-08-07,69.6226,70.9662,68.5844,70.5387,8113939
2006-08-08,70.7220,71.0884,69.1341,69.6532,7661472
2006-08-09,70.0502,71.1495,69.4700,69.7448,6999481
2006-08-10,69.5310,70.5082,68.7066,70.3861,4953247
2006-08-11,69.8975,70.0807,68.3096,69.2868,6315671
2006-08-14,69.9891,70.9662,69.1646,70.2944,6368312
2006-08-15,70.6914,71.9129,70.1418,71.8823,8144069
2006-08-16,71.7602,72.9816,70.9662,72.7068,7143377
2006-08-17,72.1266,73.2870,71.6075,72.4320,9961558
2006-08-18,72.4320,73.1343,71.8823,72.6763,5620087
2006-08-21,72.0350,72.4014,71.1800,72.1572,4494199
2006-08-22,71.7602,72.5541,70.8441,71.2105,5318615
2006-08-23,70.9357,71.6075,68.5539,69.2868,9048312
2006-08-24,69.5310,69.6837,68.8592,69.6226,4305628
2006-08-25,69.4394,70.0807,69.0119,69.4394,3531948
2006-08-28,69.1035,71.0273,68.7982,70.7220,4958615
2006-08-29,70.7220,71.7602,70.0807,71.5770,6434632
2006-08-30,72.0655,73.7756,71.7602,72.8595,10423896
2006-08-31,72.8595,72.9206,70.6914,71.3938,5648139
2006-09-01,71.6991,71.8518,70.4166,71.4854,4253680
2006-09-05,70.9662,71.8213,70.2639,71.7602,3914113
2006-09-06,70.7525,71.3632,69.3173,69.3478,5941645
2006-09-07,68.7982,70.4166,68.0348,70.3555,8630303
2006-09-08,70.3555,72.5236,70.1112,72.3709,9012641
2006-09-11,72.2182,73.8672,72.0045,73.1954,8607619
2006-09-12,73.6840,75.4551,73.5313,74.4779,11399654
2006-09-13,74.5106,74.5106,72.8582,73.4702,9000173
2006-09-14,73.5008,75.2144,73.3784,74.9696,6437922
2006-09-15,75.8264,76.4384,75.2756,76.0406,10445887
2006-09-18,76.2854,78.1826,75.7652,76.3466,14660952
2006-09-19,75.9182,76.8056,74.5106,76.2854,7036710
2006-09-20,76.6526,77.7848,76.4690,77.2646,7821299
2006-09-21,77.0198,78.0296,76.4996,76.8974,7175758
2006-09-22,76.9586,77.0810,75.0308,75.8876,6778528
2006-09-25,76.2854,77.3564,75.3980,77.3258,5678788
2006-09-26,77.2646,77.5400,76.1324,76.4384,6489524
2006-09-27,76.4384,76.6526,74.7860,75.1838,8144589
2006-09-28,75.1226,76.3466,75.1226,76.1630,4867359
2006-09-29,75.7346,77.0198,75.5816,76.4996,5324848
2006-10-02,75.4898,77.0810,75.4898,76.4996,5173160
2006-10-03,76.1936,77.2646,75.9182,76.8668,5278095
2006-10-04,76.8668,77.7542,76.3466,77.6318,7022857
2006-10-05,77.5094,78.7946,77.0810,78.7334,5556710
2006-10-06,77.7848,78.5804,77.7236,78.4580,5290216
2006-10-09,78.1520,78.4580,77.6624,77.7542,3287100
2006-10-10,77.8766,77.9072,76.9586,77.2034,5587706
2006-10-11,76.7750,77.2340,75.5204,76.5914,7155498
2006-10-12,76.8056,78.5498,76.3466,78.2744,7390823
2006-10-13,78.7640,80.4776,78.4886,80.1716,10127446
2006-10-16,80.1716,80.3858,77.8154,77.9990,8659913
2006-10-17,77.9990,77.9990,74.8166,76.0406,22694372
2006-10-18,71.6342,74.1740,71.4506,72.3380,29518442
2006-10-19,71.1446,72.0014,70.5938,71.7872,10005022
2006-10-20,71.7872,72.6746,70.9916,72.2462,7724675
2006-10-23,72.0932,72.9500,71.0222,71.3588,8106147
2006-10-24,70.8998,72.0320,70.8080,71.4812,7020606
2006-10-25,71.0528,72.5828,70.8386,72.0932,8083463
2006-10-26,72.6746,73.1336,72.0320,72.1850,7655931
2006-10-27,71.6342,71.8484,70.5326,70.8998,7862684
2006-10-30,70.6550,71.3282,69.8900,70.7162,7373506
2006-10-31,71.1752,71.3894,70.0430,70.5632,6101991
2006-11-01,70.9916,71.6954,69.5840,69.6758,7067706
2006-11-02,69.6146,69.6452,68.2988,69.1556,10124329
2006-11-03,69.3086,69.9818,68.0234,68.7272,7266840
2006-11-06,68.7578,70.0736,68.5436,69.8594,8932987
2006-11-07,69.4616,69.4922,66.6465,67.0748,19040000
2006-11-08,66.7077,67.5032,65.5449,65.6979,18757229
2006-11-09,65.7591,66.0651,64.3515,64.8717,14823377
2006-11-10,64.8717,65.8203,64.4433,65.4225,14422857
2006-11-13,65.6673,66.3405,64.5351,64.7799,15722771
2006-11-14,65.5755,66.7077,64.7799,66.3405,16471515
2006-11-15,66.5241,68.8496,66.4017,68.1152,22234113
2006-11-16,68.6354,69.5228,68.0234,69.1862,14510823
2006-11-17,68.7884,69.1556,68.2988,68.4824,9622338
2006-11-20,68.2376,69.1250,67.7480,68.9108,8566926
2006-11-21,68.7884,69.0944,67.2890,67.4114,9709091
2006-11-22,68.2682,69.0026,67.8704,68.3906,6145455
2006-11-24,67.7480,69.0026,67.7480,68.7272,1918095
2006-11-27,68.4824,68.4824,66.3711,66.8301,9406926
2006-11-28,66.3711,66.7077,65.1471,66.4629,11532814
2006-11-29,67.3808,67.5950,66.9219,67.1666,8352208
2006-11-30,66.9831,68.1458,66.8607,67.8398,6864416
2006-12-01,67.6562,67.6562,66.2181,66.8913,9812121
2006-12-04,66.4323,67.7174,66.4323,67.2278,7385628
2006-12-05,67.5338,67.9928,67.0748,67.3808,9164156
2006-12-06,67.3196,69.0026,66.8913,67.2584,16834459
2006-12-07,67.3196,67.5338,65.4531,65.6061,17365541
2006-12-08,65.7897,65.7897,64.3209,64.5351,16129870
2006-12-11,64.7187,65.3001,64.4127,64.9635,10870303
2006-12-12,64.6575,64.9635,63.3723,63.6783,12022165
2006-12-13,63.7098,64.2619,63.1576,63.3417,7922251
2006-12-14,63.4950,63.9551,62.9736,63.4644,13681558
2006-12-15,63.9245,64.6913,63.4030,63.5257,11170909
2006-12-18,63.6791,64.8140,63.3110,63.6791,11119134
2006-12-19,62.4828,63.4950,62.4521,62.8509,8775065
2006-12-20,62.4828,63.9245,62.3601,62.6055,7866667
2006-12-21,62.6055,63.2190,61.8693,62.3294,8500433
2006-12-22,62.4215,62.6975,61.9000,62.1454,6634805
2006-12-26,62.1147,63.2803,62.1147,62.8202,5336450
2006-12-27,63.1883,64.0165,62.9736,63.0349,8187186
2006-12-28,63.2190,63.4030,62.7895,63.0349,4194113
2006-12-29,62.9429,63.8018,62.8816,63.0656,4593766
2007-01-03,63.4950,64.1392,62.8202,63.0963,12370216
2007-01-04,62.8509,63.3417,62.2988,63.0349,12008139
2007-01-05,55.3971,59.0473,55.2131,58.0964,75308918
2007-01-08,58.3111,58.3418,56.6241,57.0535,26006061
2007-01-09,56.9308,57.2682,55.9799,56.0106,23675152
2007-01-10,55.6732,55.8572,55.3664,55.7039,17844502
2007-01-11,55.9186,56.8695,55.5505,55.8266,14714286
2007-01-12,56.0106,56.1640,54.9063,55.2438,18856623
2007-01-16,55.5198,55.7652,55.2438,55.6732,13638268
2007-01-17,55.8266,57.3296,55.5505,56.6548,22298874
2007-01-18,57.0535,57.6670,56.6854,57.3909,21116017
2007-01-19,57.3603,59.6608,57.0228,59.1087,32051775
2007-01-22,59.4461,59.4768,56.6548,57.4216,18437922
2007-01-23,57.0535,57.4523,56.4400,56.8388,13135931
2007-01-24,56.7774,57.5750,56.5934,56.9615,12108571
2007-01-25,57.3909,58.0044,56.8081,57.0228,16212294
2007-01-26,56.7774,57.0535,55.8572,56.3787,12036017
2007-01-29,56.4707,56.4707,55.5812,56.1640,17097316
2007-01-30,59.8142,60.2129,58.9553,60.0596,36516883
2007-01-31,60.0596,61.0105,59.4461,60.8878,14468745
2007-02-01,61.1331,61.2865,60.0596,61.1945,14507879
2007-02-02,61.0411,61.1331,60.6117,60.8878,9279827
2007-02-05,60.6117,61.0411,60.3049,60.9491,8044329
2007-02-06,60.9491,61.1331,59.7835,60.5197,16550130
2007-02-07,61.0411,61.0718,60.5810,61.0718,10255584
2007-02-08,60.5197,61.1331,60.1209,60.9184,10158961
2007-02-09,61.0105,61.0411,59.6915,60.0289,9792035
2007-02-12,59.8448,60.1516,58.4032,58.7099,11401385
2007-02-13,58.6179,59.4154,58.5872,59.3234,8279827
2007-02-14,59.5074,59.5994,58.8326,58.9246,10393939
2007-02-15,59.0473,59.4461,58.4338,59.0166,16858874
2007-02-16,58.9553,59.6608,58.6792,59.0780,10136104
2007-02-20,58.7406,58.8019,58.2498,58.8019,7272035
2007-02-21,58.1271,58.3111,57.5136,57.9737,8971602
2007-02-22,58.0351,58.5872,57.9431,58.1578,7230649
2007-02-23,58.1271,58.8633,57.8817,58.7406,8281905
2007-02-26,59.0780,59.2314,58.5565,59.0473,8157576
2007-02-27,58.1578,58.3418,55.9799,57.0535,14762597
2007-02-28,57.0842,57.4216,56.3787,56.8081,9130909
2007-03-01,57.0228,58.8019,56.2867,57.7590,18592727
2007-03-02,57.5443,58.4952,56.9308,57.1762,10523290
2007-03-05,56.5321,57.3296,56.0719,56.7468,9240000
2007-03-06,57.6056,58.2191,57.2069,57.7897,8038268
2007-03-07,57.3296,58.5565,56.9615,58.3111,19872208
2007-03-08,58.6792,58.8633,56.9001,57.1455,15771775
2007-03-09,57.4829,57.5136,56.1026,56.6548,11778874
2007-03-12,56.6241,57.8510,56.2867,56.8695,20876364
2007-03-13,56.6563,57.0254,55.9796,56.1026,14647273
2007-03-14,56.1641,56.6870,55.8566,56.5947,12275498
2007-03-15,56.2564,56.7178,56.0719,56.3487,6613680
2007-03-16,56.4102,56.4410,55.8873,55.9488,13047446
2007-03-19,56.1026,56.5332,55.9796,56.2564,10795671
2007-03-20,56.0103,58.2249,55.9181,57.8866,18253680
2007-03-21,57.6405,58.1327,56.3179,57.6405,17563290
2007-03-22,54.6570,55.0876,53.6727,53.8265,81682424
2007-03-23,54.3494,55.0876,54.0418,54.5955,24715498
2007-03-26,54.4417,55.2722,54.3802,55.0876,14207965
2007-03-27,55.3029,55.3029,54.5647,54.6570,15908052
2007-03-28,54.4417,55.1491,54.3494,54.5340,14087965
2007-03-29,54.5647,54.8723,54.2571,54.4724,18009697
2007-03-30,54.4109,54.6878,54.1956,54.3494,16517576
2007-04-02,54.1341,54.5647,53.7650,54.0111,15774892
2007-04-03,54.1341,54.5032,53.8880,54.3494,11476537
2007-04-04,54.6570,55.0261,54.3802,54.5032,9545455
2007-04-05,54.5032,54.8108,53.9803,54.1034,7798442
2007-04-09,54.2264,54.5955,53.8265,54.2879,6796017
2007-04-10,54.5032,54.5647,53.8573,54.3802,7034286
2007-04-11,54.4417,54.5032,53.7035,53.7958,8947879
2007-04-12,53.6727,53.9188,53.3036,53.8880,10420433
2007-04-13,54.4109,54.6570,53.6112,54.5647,8007100
2007-04-16,54.5955,54.8723,54.2879,54.8108,8055758
2007-04-17,54.7185,55.6105,54.5647,55.2106,12927965
2007-04-18,55.8258,56.7178,55.3952,56.0411,17478961
2007-04-19,55.8873,56.5332,55.4567,55.6105,16714805
2007-04-20,56.0103,56.1334,55.4875,56.0103,10813333
2007-04-23,56.0411,56.2257,54.9646,55.0261,9779567
2007-04-24,55.1491,55.4875,54.1341,54.2571,15315152
2007-04-25,55.2414,55.7335,54.8108,55.0876,19835844
2007-04-26,55.0876,55.2722,54.3802,55.0568,11272208
2007-04-27,55.0568,55.1799,53.8880,54.0418,14104242
2007-04-30,53.9803,54.2264,53.2729,53.3036,9858528
2007-05-01,53.5189,54.4109,53.3959,53.7035,18250736
2007-05-02,53.8880,54.4724,53.8265,54.0111,15258528
2007-05-03,54.0418,54.9031,53.8880,54.5340,19601558
2007-05-04,54.9953,56.1026,54.9031,55.6105,17334719
2007-05-07,55.9796,55.9796,54.6878,55.6105,19163463
2007-05-08,54.2571,55.0261,54.2264,54.4417,19639307
2007-05-09,54.4417,55.3337,54.4417,55.0568,12302165
2007-05-10,55.0261,55.9796,54.9338,55.2106,13539913
2007-05-11,55.2722,56.4717,55.2722,56.3487,10702857
2007-05-14,56.7485,56.9946,55.2722,55.8566,17986840
2007-05-15,55.8258,56.1026,54.7493,55.1184,15419394
2007-05-16,55.6105,56.0411,55.3029,56.0411,10156710
2007-05-17,56.1949,57.6713,55.9488,57.2099,17978528
2007-05-18,57.7328,57.7943,56.7793,57.7943,12751688
2007-05-21,57.7943,58.9939,57.5482,58.1327,20615238
2007-05-22,58.4710,58.4710,57.3945,58.1942,7985801
2007-05-23,58.0404,58.1327,57.3022,57.4560,8443290
2007-05-24,57.5175,57.5790,55.9181,56.1641,15548571
2007-05-25,56.3487,57.0869,56.1334,56.5640,9668571
2007-05-29,57.0254,57.2099,55.8258,56.2872,8009351
2007-05-30,55.9796,56.5025,55.7335,56.2257,10263550
2007-05-31,56.7485,56.7485,55.3029,55.9488,18001558
2007-06-01,56.2872,56.7178,56.0411,56.4717,9492294
2007-06-04,56.7178,57.1176,56.1641,56.2872,9744935
2007-06-05,56.1334,56.7178,56.1334,56.3179,11068225
2007-06-06,56.0719,56.1949,55.7028,55.7643,7210390
2007-06-07,55.7028,55.9181,54.3802,54.4109,12515325
2007-06-08,54.5647,55.3029,54.0726,55.0261,15165714
2007-06-11,54.8415,55.2106,54.2879,54.7800,7497316
2007-06-12,54.3494,55.1491,54.1649,54.6570,12054372
2007-06-13,54.9008,55.8261,54.8699,55.7335,12227879
2007-06-14,55.6410,56.5971,55.5485,56.3504,11030996
2007-06-15,56.7513,56.7513,56.1962,56.5971,16496450
2007-06-18,56.5971,56.7822,55.7644,55.9186,8794113
2007-06-19,55.5485,55.8569,55.3326,55.7644,10126407
2007-06-20,55.8877,56.1962,55.1783,55.2400,11712727
2007-06-21,55.2400,56.1653,55.0550,55.9803,12325022
2007-06-22,55.6102,56.0420,55.1783,55.1783,9644848
2007-06-25,55.2400,55.6410,54.6540,54.9624,10198268
2007-06-26,55.0858,55.6410,54.6540,54.8699,11599481
2007-06-27,54.8391,55.2400,54.6540,54.9624,7569870
2007-06-28,54.9008,55.3017,54.6540,54.9933,6535931
2007-06-29,55.1167,55.1475,54.3147,54.5923,10462165
2007-07-02,54.4381,55.0858,54.3764,55.0241,8716883
2007-07-03,55.0550,55.2400,54.9008,55.1475,4892468
2007-07-05,55.0241,55.1167,54.4381,54.9008,7464935
2007-07-06,54.6232,55.5176,54.5923,55.0241,8377316
2007-07-09,55.3017,55.3017,54.8391,54.9008,8124156
2007-07-10,54.7465,54.9008,54.1605,54.3456,9264416
2007-07-11,54.2839,55.8261,54.1605,55.3634,17800519
2007-07-12,55.1783,55.7644,54.5615,55.7644,23139913
2007-07-13,55.4251,55.5176,54.8699,55.2092,13099394
2007-07-16,55.6410,56.4429,55.5176,56.0111,14383723
2007-07-17,55.8569,56.2887,55.3326,55.3326,9673074
2007-07-18,55.0241,55.7027,54.8699,55.5176,9563463
2007-07-19,56.2887,56.5354,55.8569,56.1962,11656104
2007-07-20,55.8261,56.1345,54.9008,55.3634,11350649
2007-07-23,55.5176,55.7644,54.9316,54.9933,9723636
2007-07-24,54.7157,55.2092,54.3764,54.6232,12776623
2007-07-25,54.7465,54.8391,54.2531,54.5306,8545628
2007-07-26,54.1605,54.4073,52.5875,53.5128,21125368
2007-07-27,53.2969,53.4511,52.2791,52.2791,20138182
2007-07-30,52.7417,52.8960,52.0324,52.3408,14641039
2007-07-31,52.5567,52.7726,51.7239,52.4025,14294545
2007-08-01,51.8781,52.4025,50.5210,51.4772,19347532
2007-08-02,51.7856,52.3408,51.5080,52.0940,12314286
2007-08-03,51.8781,52.1866,50.4285,50.4285,9413160
2007-08-06,50.5827,51.1071,49.3798,50.9837,17150649
2007-08-07,50.4594,51.2304,49.9659,50.7678,10620433
2007-08-08,50.8912,52.7417,50.5210,52.7417,15220087
2007-08-09,51.8164,53.1427,51.6622,51.8473,17199827
2007-08-10,51.1071,51.6931,50.2743,51.2304,11118095
2007-08-13,51.8164,52.4025,51.0454,51.9707,9498009
2007-08-14,52.2483,52.6492,50.9220,50.9220,9180433
2007-08-15,50.6444,50.9837,49.5957,49.9967,13202597
2007-08-16,49.6266,49.9967,48.1461,49.5341,16636364
2007-08-17,50.8603,50.8912,49.3798,50.3051,10879134
2007-08-20,50.1818,51.1071,49.9967,50.3360,7651775
2007-08-21,50.3051,50.9837,49.9659,50.7061,9187013
2007-08-22,51.1996,51.4772,50.6136,51.0145,6984935
2007-08-23,51.1379,51.3846,50.8295,51.1996,6464762
2007-08-24,51.0145,51.6314,50.9220,51.6314,8649697
2007-08-27,51.6314,51.9090,51.2921,51.4155,6816277
2007-08-28,51.2921,51.2921,49.6883,49.8733,7637749
2007-08-29,50.0584,50.7986,49.8425,50.7986,6387879
2007-08-30,51.6005,52.5258,51.4155,51.6622,10012468
2007-08-31,52.1866,52.6801,52.0015,52.2791,6778528
2007-09-04,52.6492,53.6362,52.0632,53.0502,9281732
2007-09-05,52.8034,53.6670,52.7417,53.0193,7885022
2007-09-06,53.0193,53.9755,52.7726,53.7287,8578182
2007-09-07,52.9885,54.7157,52.4642,52.8343,12846753
2007-09-10,53.3586,53.5128,52.1866,52.4950,9099913
2007-09-11,52.6492,53.8213,52.5258,53.3894,8231861
2007-09-12,53.1112,53.8227,52.9875,53.3278,9534719
2007-09-13,53.2968,53.5134,52.4616,53.1731,8493506
2007-09-14,52.6472,52.9566,52.1523,52.4926,7253680
2007-09-17,52.3379,52.4926,51.6883,52.0595,6657662
2007-09-18,52.3689,53.3587,51.5955,53.2968,8340606
2007-09-19,53.5134,54.2557,53.3896,53.6680,8845887
2007-09-20,54.2867,55.5240,54.2867,55.1219,12599654
2007-09-21,55.4312,55.6786,54.7197,55.3384,8356537
2007-09-24,55.6786,56.4520,55.6168,55.8333,9455238
2007-09-25,55.7714,57.9986,55.6786,57.5965,18132294
2007-09-26,58.0604,58.3079,57.2253,57.9058,11458874
2007-09-27,57.9986,58.4007,57.3490,57.8130,6584935
2007-09-28,57.5346,57.6893,55.9880,57.3181,8772641
2007-10-01,57.2253,58.3079,57.0706,58.0914,7437576
2007-10-02,57.9676,58.1532,57.3490,57.9058,5667879
2007-10-03,57.5346,58.5554,57.4727,58.0914,8725368
2007-10-04,57.9058,58.4007,57.6583,58.0914,6222338
2007-10-05,58.4316,58.5244,57.9676,58.1842,6039654
2007-10-08,58.1532,58.1532,57.5655,57.9367,3392554
2007-10-09,58.0295,58.0295,56.4520,57.9367,7699740
2007-10-10,57.7202,57.9676,57.1634,57.8439,5335931
2007-10-11,58.0914,59.2050,57.9367,58.4316,9451255
2007-10-12,58.5554,59.5143,58.3079,59.1740,6139740
2007-10-15,59.8545,60.1329,59.2359,59.8236,9108398
2007-10-16,58.9884,59.7927,58.9266,59.2668,10330043
2007-10-17,59.8855,59.9164,58.9575,59.6999,7756710
2007-10-18,59.5143,60.0092,59.2668,59.7308,4409177
2007-10-19,59.4524,59.5452,57.5037,57.8439,10360866
2007-10-22,57.2871,58.0914,56.9469,58.0604,8121039
2007-10-23,58.1532,58.7719,57.7511,58.6172,5372468
2007-10-24,58.4935,58.6791,56.0189,57.3799,12338701
2007-10-25,59.4524,60.8753,59.0194,59.6999,17222165
2007-10-26,60.2257,60.5660,58.7719,59.5143,8775931
2007-10-29,59.2359,59.2359,58.0604,58.6172,9436883
2007-10-30,58.5554,59.0194,57.5655,57.8439,6183377
2007-10-31,58.0604,58.4007,57.3799,58.1223,6076883
2007-11-01,57.5037,58.0295,55.7405,55.8333,10340260
2007-11-02,56.0189,56.1117,54.9981,55.5240,7653853
2007-11-05,54.9053,55.6786,53.9464,54.7816,8153074
2007-11-06,54.9053,55.4002,54.1320,54.8744,6586840
2007-11-07,53.7918,54.6579,52.6163,52.6472,11078442
2007-11-08,53.5134,53.5134,50.9150,52.5854,11849177
2007-11-09,52.0286,52.0286,50.4510,50.9769,9108052
2007-11-12,50.2654,51.6265,50.2654,50.6985,7268745
2007-11-13,51.0078,52.3379,50.8532,52.2451,7234113
2007-11-14,52.6782,52.7400,51.1006,51.4718,6968312
2007-11-15,51.2243,52.0595,50.5748,50.9150,6165541
2007-11-16,51.1625,51.5027,50.5438,51.3790,6180952
2007-11-19,51.0697,51.0697,49.2447,49.6159,10750823
2007-11-20,49.6777,50.2036,47.5124,48.8116,10802597
2007-11-21,47.8218,48.2548,46.8629,47.4196,8933506
2007-11-23,47.6362,48.6569,46.7391,48.5951,3795844
2007-11-26,48.5023,48.8735,47.1103,47.1412,8811255
2007-11-27,47.2959,47.6980,45.9967,47.4196,10919307
2007-11-28,47.6671,48.9972,46.5845,48.1311,15388225
2007-11-29,47.8836,48.7807,47.7908,48.4095,8632554
2007-11-30,50.3892,50.4201,48.4404,49.3993,14342857
2007-12-03,48.7807,49.1828,47.3578,47.7290,11379740
2007-12-04,47.3578,48.5951,47.0794,48.4713,10497489
2007-12-05,48.9663,49.3375,48.4095,48.7188,9429610
2007-12-06,48.7497,50.5129,48.3785,50.4510,10890736
2007-12-07,50.6366,50.6366,49.5231,50.4201,6409697
2007-12-10,50.4510,50.9769,50.0180,50.9769,7117749
2007-12-11,50.8222,51.6574,49.8633,50.0489,8292987
2007-12-12,50.5758,51.4136,49.5209,50.2345,8390476
2007-12-13,49.8932,50.7620,49.5829,50.3276,7495411
2007-12-14,49.9863,50.3276,49.5829,49.6450,7435844
2007-12-17,49.3347,49.7070,49.0554,49.3347,7495238
2007-12-18,49.5829,50.4207,49.2106,49.7381,8816970
2007-12-19,49.7070,50.1724,49.3347,49.6450,5642771
2007-12-20,49.8932,50.1104,49.5829,50.0483,4978874
2007-12-21,50.5138,50.9171,50.1414,50.5758,8943896
2007-12-24,50.4827,50.9171,50.2655,50.7310,2046580
2007-12-26,50.3276,51.5997,50.1724,51.3825,4985801
2007-12-27,50.7620,51.3515,50.5758,50.6999,4176970
2007-12-28,50.8861,50.9171,50.0794,50.5138,5184242
2007-12-31,50.2655,50.2966,49.6450,49.7691,6283290
2008-01-02,49.6760,50.1104,49.1175,49.8622,9688312
2008-01-03,49.9553,50.2655,49.5519,49.8001,12069610
2008-01-04,48.6831,48.7141,46.2009,46.7594,17295411
2008-01-07,46.9455,46.9455,45.7975,46.4801,12803810
2008-01-08,46.6042,47.3179,45.8906,46.0767,10147706
2008-01-09,46.2629,46.3870,44.5253,45.8906,10621818
2008-01-10,45.4562,46.6042,45.1459,46.3250,9607273
2008-01-11,45.7975,46.1078,45.1149,45.4251,6390303
2008-01-14,45.7044,46.4180,45.0218,45.3321,8707186
2008-01-15,44.8666,45.0528,44.0909,44.4012,8412641
2008-01-16,43.5635,44.5253,43.3152,43.4704,13372294
2008-01-17,43.5014,43.7807,41.4846,41.6087,13199481
2008-01-18,42.1982,42.4775,40.6778,41.3605,12011602
2008-01-22,37.8853,38.3197,35.8375,38.2266,37825974
2008-01-23,31.6797,33.1070,29.2595,31.0591,71692294
2008-01-24,31.4625,32.2692,30.7799,31.4315,37600173
2008-01-25,32.0520,33.6655,31.8038,33.2932,20643810
2008-01-28,33.4173,34.9687,33.2621,34.8756,19721732
2008-01-29,35.0307,36.0857,34.7205,35.0928,12231342
2008-01-30,34.8756,36.3649,34.7825,35.0307,12093160
2008-01-31,34.5963,36.1477,34.3791,35.6823,12848139
2008-02-01,40.0263,40.2435,38.6920,39.3747,27376623
2008-02-04,38.8162,39.0644,37.6061,37.9163,12915152
2008-02-05,37.3268,37.3268,35.6823,35.7134,13510649
2008-02-06,36.0547,36.1167,34.6894,35.5892,13130736
2008-02-07,35.3100,35.9926,34.9997,35.4341,10704416
2008-02-08,35.2169,35.6823,34.7825,34.9376,14624416
2008-02-11,35.3720,36.3960,35.1859,35.8995,11776797
2008-02-12,36.0547,36.4891,35.5272,35.8685,11217489
2008-02-13,36.1788,36.6132,35.7444,36.3960,8850043
2008-02-14,36.4891,36.9855,35.6823,35.7134,9168312
2008-02-15,35.3720,35.6203,34.8135,34.9997,14489004
2008-02-19,35.3720,35.4962,34.7825,35.0307,11063896
2008-02-20,34.6894,35.5582,34.5343,35.5582,7655065
2008-02-21,35.6203,35.8685,34.9066,34.9997,6090563
2008-02-22,35.0618,35.4031,34.4412,35.2479,16047446
2008-02-25,34.5343,34.8135,33.7276,34.6274,12581472
2008-02-26,34.4102,34.6274,33.9137,34.1619,12899394
2008-02-27,34.0689,34.1309,33.6655,33.7586,8501472
2008-02-28,33.5724,33.7276,32.0831,32.2692,17902165
2008-02-29,31.9900,32.1141,30.5006,30.9350,22489177
2008-03-03,31.1832,31.1832,30.1283,30.4386,17091082
2008-03-04,30.0973,30.9040,29.4457,30.8109,22615758
2008-03-05,31.2763,31.3384,30.5937,31.0902,12655065
2008-03-06,31.3384,31.3384,30.8109,30.8419,10722251
2008-03-07,30.6558,31.0902,29.8801,30.4696,11488831
2008-03-10,30.5627,30.9971,29.5388,29.6008,8989784
2008-03-11,29.9732,31.0591,29.8801,31.0591,10249870
2008-03-12,31.1207,32.3992,31.0272,31.2143,10009177
2008-03-13,30.6842,31.0895,29.8422,30.7465,7643117
2008-03-14,31.2766,31.3078,29.6239,29.7799,9824589
2008-03-17,29.0315,29.7175,28.4390,28.8444,14167446
2008-03-18,29.3433,30.4971,29.1562,30.3723,12209697
2008-03-19,30.4659,30.5594,29.0938,29.0938,10090736
2008-03-20,29.1250,29.4368,28.0024,28.8444,15084329
2008-03-24,29.2497,30.5906,29.0003,30.2164,8673593
2008-03-25,30.4659,30.7777,29.5304,30.4347,8390996
2008-03-26,32.1186,32.2745,30.5594,31.2455,25503550
2008-03-27,30.8713,30.9024,29.3121,29.6239,14373333
2008-03-28,29.8422,29.9358,28.6261,28.7196,9969004
2008-03-31,28.7196,29.2497,28.3766,29.0003,8609004
2008-04-01,29.6239,30.0605,29.1874,29.5304,14989610
2008-04-02,29.5304,30.0293,29.1562,29.9670,9757576
2008-04-03,29.5304,30.5906,29.1562,30.4659,9732987
2008-04-04,30.4659,30.4659,29.6239,30.1540,7652468
2008-04-07,31.0895,31.1207,30.4347,30.6842,7323983
2008-04-08,30.5282,30.5282,29.4680,29.5928,9415931
2008-04-09,29.6863,29.7487,28.9067,29.0315,7718268
2008-04-10,29.0003,29.0626,27.9401,28.4078,20665108
2008-04-11,28.0336,29.0626,27.7530,28.1895,11094372
2008-04-14,28.2207,28.3454,27.8153,27.9401,6470649
2008-04-15,28.1895,28.1895,27.5970,28.0024,5937143
2008-04-16,28.3454,28.7508,27.9089,28.6884,7217835
2008-04-17,28.0024,28.5325,27.7530,28.2207,7113766
2008-04-18,29.0003,29.3745,28.5325,28.8444,9454719
2008-04-21,28.6884,29.0938,28.3142,29.0315,7412814
2008-04-22,28.9379,29.2497,28.2831,28.5325,7196190
2008-04-23,28.6261,29.9981,28.0960,29.7799,14798961
2008-04-24,28.4702,29.4368,28.2519,28.8444,10486580
2008-04-25,28.9379,29.0003,28.0024,28.8132,10840173
2008-04-28,28.6884,29.6239,28.3454,29.4992,11786494
2008-04-29,29.5304,31.3078,29.4992,31.1831,18808312
2008-04-30,31.3702,31.4637,30.7465,31.0584,9823550
2008-05-01,31.0584,31.4637,30.7153,31.4014,8707532
2008-05-02,31.3702,31.6508,30.9024,31.2766,8751169
2008-05-05,31.1519,31.3390,30.7465,30.8713,6583203
2008-05-06,30.8089,32.0250,30.3411,31.9939,9258874
2008-05-07,32.2745,32.3369,30.7153,30.8401,8291775
2008-05-08,31.2766,31.2766,30.8401,30.9336,5398788
2008-05-09,30.2476,30.9648,30.2476,30.4347,4822684
2008-05-12,30.5594,30.8713,30.3100,30.8713,5624416
2008-05-13,30.9336,31.0584,30.2788,30.4659,6096797
2008-05-14,30.8089,31.1831,30.4659,30.8713,6559134
2008-05-15,30.7153,31.6820,30.5594,31.5885,6801039
2008-05-16,31.2766,31.7444,30.8713,31.4014,7106494
2008-05-19,31.3390,32.3680,30.9648,31.8068,8865628
2008-05-20,31.6508,31.6508,30.4971,30.6218,7950130
2008-05-21,30.6218,30.6218,29.1250,29.2497,11939567
2008-05-22,29.5616,29.6239,28.7508,29.0938,9149091
2008-05-23,28.9067,29.2497,28.3766,28.3766,6618355
2008-05-27,28.5637,28.9379,28.1271,28.5637,8190649
2008-05-28,28.9067,28.9691,28.3142,28.7820,8311688
2008-05-29,28.7820,29.5304,28.6573,29.1562,6632727
2008-05-30,29.2497,29.4368,29.0003,29.0938,5291255
2008-06-02,29.0003,29.3745,28.1271,28.4702,7071342
2008-06-03,28.5949,28.7508,28.0648,28.3766,6372468
2008-06-04,28.5013,29.1562,28.1271,28.6261,9391342
2008-06-05,28.4078,29.0003,28.2207,28.8444,11335065
2008-06-06,28.5325,28.5949,27.7841,27.8465,15850216
2008-06-09,28.0648,28.1271,27.5035,27.8153,9381472
2008-06-10,28.0648,28.6884,27.9089,28.0960,9849697
2008-06-11,28.1271,28.3142,27.7218,27.7530,11456450
2008-06-12,28.0960,28.3782,27.9392,28.0960,15042944
2008-06-13,28.4095,28.9113,28.2528,28.6290,6381818
2008-06-16,28.5036,28.8799,28.2841,28.5977,5767965
2008-06-17,28.6918,28.8799,28.0646,28.1900,17753247
2008-06-18,28.0646,28.1587,26.6849,26.9671,20344242
2008-06-19,26.8103,26.9044,23.8628,25.3679,33706667
2008-06-20,25.3679,25.3679,24.5526,24.8975,15543723
2008-06-23,23.8314,23.9255,22.8907,23.3297,21787879
2008-06-24,23.2670,23.7060,22.8907,23.0475,13813853
2008-06-25,23.2043,23.8941,23.1102,23.5805,10059394
2008-06-26,23.2983,23.2983,22.7653,22.8907,11589264
2008-06-27,22.8280,23.1729,22.5771,23.0475,14270303
2008-06-30,22.9220,23.5178,22.7339,23.0161,10642078
2008-07-01,22.7339,23.7373,22.6085,23.1102,16766407
2008-07-02,23.4238,23.4238,22.4203,22.4203,12575238
2008-07-03,22.6398,22.6712,22.1381,22.1381,8257489
2008-07-07,22.2635,22.6398,22.0440,22.2635,10495411
2008-07-08,22.2949,23.0475,22.0754,22.9848,8540260
2008-07-09,23.0475,23.1415,22.3263,22.4203,7888831
2008-07-10,22.3890,22.7025,21.3542,21.7932,15017316
2008-07-11,21.3228,22.3890,21.2288,21.9186,14123810
2008-07-14,22.6712,22.6712,21.2915,21.3228,7977489
2008-07-15,20.9152,21.5737,20.7584,21.1974,14322424
2008-07-16,21.1660,22.2008,20.8838,22.0127,10099913
2008-07-17,22.3263,23.2983,21.8245,23.1415,9943030
2008-07-18,23.1102,23.6119,22.7339,23.3924,8353593
2008-07-21,23.4551,23.4551,22.2949,22.5144,7243810
2008-07-22,22.0127,23.2356,21.9186,23.2356,7511861
2008-07-23,23.2043,23.8941,22.9848,23.4238,7784762
2008-07-24,23.3924,23.4238,22.2635,22.4203,7204675
2008-07-25,22.5771,22.9534,22.4203,22.7339,9334372
2008-07-28,23.1102,23.1102,21.9813,22.2008,9581299
2008-07-29,22.2322,23.5492,22.1068,23.5492,10504416
2008-07-30,23.5492,24.1763,22.9848,24.0823,11531429
2008-07-31,26.4340,27.7197,25.1170,27.0925,41384069
2008-08-01,27.5943,27.7824,26.8417,27.6256,12746667
2008-08-04,29.9774,31.3571,29.5384,30.7927,36081732
2008-08-05,30.9808,31.4825,29.7265,29.9460,23891602
2008-08-06,29.8833,29.9147,28.9740,29.7892,14588225
2008-08-07,29.6325,29.6952,28.5350,28.7545,15322424
2008-08-08,28.8172,30.3537,28.4723,30.1969,12984416
2008-08-11,30.1028,31.8588,29.9147,31.5139,11690216
2008-08-12,31.2944,32.4232,31.1062,31.4198,13090043
2008-08-13,31.3571,32.1097,30.7300,31.0122,9200866
2008-08-14,31.2317,32.0156,30.7613,31.4198,11641732
2008-08-15,31.5139,32.9250,31.4198,32.3919,11006926
2008-08-18,32.4546,32.4546,30.8867,31.0435,8615758
2008-08-19,30.7927,30.8554,30.1342,30.4791,8037403
2008-08-20,30.8867,30.8867,29.7892,30.3537,8666147
2008-08-21,30.0715,31.2944,29.7265,31.2003,7757576
2008-08-22,31.3257,31.4198,30.5732,31.3257,6559481
2008-08-25,30.9181,30.9808,29.8520,29.9774,6310476
2008-08-26,30.0087,30.3223,29.5697,29.9774,6530390
2008-08-27,29.7579,30.2596,29.2248,30.1028,5908571
2008-08-28,30.2282,30.3223,29.6952,30.0087,8251429
2008-08-29,29.8833,29.8833,29.3816,29.5384,7314978
2008-09-02,29.9774,30.5418,29.4130,29.8206,9578182
2008-09-03,29.4757,29.7579,28.9426,29.5070,7661126
2008-09-04,29.2875,29.7265,28.5977,28.6604,9737143
2008-09-05,27.7197,28.6290,27.2493,28.4095,9607100
2008-09-08,28.8799,29.3189,28.2528,29.1935,8400866
2008-09-09,29.0053,29.7892,27.4061,27.4061,11538355
2008-09-10,27.5315,28.0333,25.8069,26.0578,17170043
2008-09-11,25.9346,26.0293,24.7357,25.5560,15689697
2008-09-12,25.0828,26.3448,25.0828,25.6507,9121212
2008-09-15,25.3983,25.5245,24.1363,24.1363,8361385
2008-09-16,23.9470,24.1363,22.5587,22.8427,15154978
2008-09-17,22.8427,22.8427,21.5176,21.5176,13453853
2008-09-18,21.9908,22.4325,20.5710,22.4010,13283117
2008-09-19,24.6095,24.6411,22.6218,23.7577,17045022
2008-09-22,23.6946,24.4833,23.3475,23.9154,12463030
2008-09-23,23.9470,25.4929,23.1582,23.2844,11851429
2008-09-24,23.3159,24.1363,23.0951,23.6630,8532294
2008-09-25,23.9470,25.1774,23.7577,24.8304,8637403
2008-09-26,23.6630,24.1363,22.8742,24.0732,10446753
2008-09-29,23.4421,23.7261,20.9181,21.0758,14831169
2008-09-30,21.8646,22.5903,21.6122,22.5272,9746840
2008-10-01,22.3694,23.5368,21.9277,23.4737,8367446
2008-10-02,23.0320,23.0320,21.2336,21.3914,11941645
2008-10-03,22.0224,22.7796,21.1389,21.2020,9397922
2008-10-06,20.4133,20.6026,18.3940,19.3721,18007100
2008-10-07,19.9716,20.1293,17.7630,17.8261,12900952
2008-10-08,16.9743,18.4887,16.4063,16.4694,16300952
2008-10-09,17.0374,17.2267,14.3871,14.3871,16360519
2008-10-10,13.4406,15.7122,12.6203,14.7657,22081039
2008-10-13,16.6903,17.6684,15.7753,17.5737,14149264
2008-10-14,19.0566,19.0566,16.9743,17.3213,15517922
2008-10-15,17.0374,17.2898,16.3117,16.3748,14395844
2008-10-16,17.1636,17.7630,15.6807,17.6999,16452468
2008-10-17,17.2898,18.7726,16.7850,17.7315,11538528
2008-10-20,18.0154,19.4037,17.8261,19.1513,9353420
2008-10-21,18.8042,19.1513,17.8577,17.9208,7855065
2008-10-22,17.5106,17.6684,15.4914,15.9015,10797056
2008-10-23,15.8069,16.5641,14.9866,16.0593,13083463
2008-10-24,14.6395,16.2486,14.3871,15.8069,10275671
2008-10-27,15.4598,17.2267,14.6711,15.9331,11445887
2008-10-28,16.9427,18.4256,16.0277,18.4256,11249177
2008-10-29,18.0154,18.3940,17.0374,17.2267,13300606
2008-10-30,17.6684,18.1416,15.7438,16.3117,14715844
2008-10-31,16.1224,17.4475,15.9646,16.9427,10040866
2008-11-03,16.8481,16.8796,15.6176,15.9015,9457489
2008-11-04,16.5641,16.5641,16.0593,16.5325,8550476
2008-11-05,16.1539,16.5325,14.9866,15.1443,24447965
2008-11-06,14.9866,15.2074,14.1978,14.2609,13335931
2008-11-07,14.4502,15.1128,14.0716,15.1128,12181126
2008-11-10,15.6176,15.6176,13.9769,14.1978,8174545
2008-11-11,13.9769,14.1347,13.3144,13.6930,7841558
2008-11-12,13.4406,13.8507,12.3048,12.4625,11680519
2008-11-13,12.3048,14.4502,12.3048,14.4502,13567273
2008-11-14,13.9769,14.1347,12.8411,12.8727,12087446
2008-11-17,12.6834,12.9042,12.2417,12.5572,10300606
2008-11-18,12.6518,12.7149,11.5791,12.3048,12340952
2008-11-19,11.9262,12.4625,10.8534,10.8534,14019740
2008-11-20,10.6957,11.4213,9.9069,9.9385,13666667
2008-11-21,10.7272,10.7272,9.4652,10.3486,21104416
2008-11-24,10.5379,11.3582,10.3486,11.2005,18576970
2008-11-25,11.5160,12.9042,11.1374,12.5887,18583550
2008-11-26,12.4941,13.3459,11.7999,13.0935,10683463
2008-11-28,13.0304,13.9769,12.8727,13.5983,5455931
2008-12-01,13.3775,13.7876,12.6518,12.9673,12398268
2008-12-02,14.1031,14.1662,12.8411,13.4721,9870649
2008-12-03,12.8411,13.8823,12.7149,13.7876,11603290
2008-12-04,13.4090,14.1031,13.1566,13.6299,10450043
2008-12-05,13.0620,13.8507,12.7780,13.7561,9776623
2008-12-08,13.5983,14.1347,12.9989,13.8823,9497489
2008-12-09,13.3144,13.7245,13.0304,13.0935,6418528
2008-12-10,12.9989,13.4721,12.9989,13.3144,5441558
2008-12-11,13.2851,13.7961,12.9338,13.0935,8200866
2008-12-12,12.4548,13.4768,12.2951,13.3809,8874805
2008-12-15,13.3809,13.7322,13.0297,13.3171,7342338
2008-12-16,13.4448,14.0835,13.3809,14.0835,10633593
2008-12-17,13.4768,14.4029,13.1893,14.0835,14812294
2008-12-18,13.9238,14.2432,13.4129,13.5087,6537143
2008-12-19,13.5087,14.3390,13.4768,14.2113,9941645
2008-12-22,14.1793,14.1793,13.0297,13.1255,9309437
2008-12-23,13.5087,13.5087,12.7422,12.8700,6466320
2008-12-24,12.8700,13.0935,12.5826,12.5826,2580260
2008-12-26,12.6464,12.9658,12.5506,12.9338,2984935
2008-12-29,12.9019,12.9977,12.5187,12.9338,5052641
2008-12-30,12.9338,13.3490,12.7103,13.2851,8646061
2008-12-31,12.9977,14.3071,12.9658,14.1474,10013160
2009-01-02,14.2113,15.1055,13.8919,14.9138,6354113
2009-01-05,14.7542,14.8819,14.0516,14.3071,8457143
2009-01-06,14.7222,15.1693,14.3071,14.8180,9856970
2009-01-07,14.5306,14.6903,14.0197,14.1474,8306840
2009-01-08,13.8280,14.4987,13.7961,14.4668,5746840
2009-01-09,14.4348,14.7861,13.8919,14.2432,5125022
2009-01-12,14.2751,14.5945,14.0835,14.3709,7415065
2009-01-13,14.4029,14.4668,13.7642,13.7961,7978701
2009-01-14,13.4129,13.6045,12.8700,13.1255,8511169
2009-01-15,13.4129,14.2432,12.9019,14.1474,15598961
2009-01-16,14.3390,15.1693,13.9558,14.4987,10367273
2009-01-20,15.3609,15.4887,13.6364,13.7642,11739048
2009-01-21,14.0197,14.4029,13.4129,14.4029,8144589
2009-01-22,13.7961,14.4029,13.5406,14.1474,6619740
2009-01-23,13.8600,14.8500,13.4768,14.6903,7019394
2009-01-26,14.6903,15.0416,14.0516,14.4029,5193074
2009-01-27,14.2751,15.2332,14.2113,15.0416,5868225
2009-01-28,15.2651,15.8080,15.0416,15.7442,5796190
2009-01-29,15.4887,15.6164,14.5945,14.8819,4847273
2009-01-30,14.9458,15.0097,14.0835,14.1474,6849004
2009-02-02,13.9238,14.8180,13.7961,14.4987,8282597
2009-02-03,13.1574,13.4768,12.3590,12.9019,18566234
2009-02-04,12.7742,12.7742,11.8480,11.9758,17780606
2009-02-05,11.7522,12.1674,10.9858,11.7522,20010736
2009-02-06,11.9758,12.6145,11.6884,12.3909,13276537
2009-02-09,12.8700,13.4448,12.7742,13.2532,13310996
2009-02-10,13.3490,13.3490,12.3590,12.4548,15390996
2009-02-11,12.5826,12.7103,12.2951,12.4548,11297662
2009-02-12,12.4548,12.4548,11.6884,12.3909,8575584
2009-02-13,12.2951,12.7742,12.1355,12.3590,8006061
2009-02-17,11.7842,12.1035,11.5606,11.8161,10091775
2009-02-18,11.9439,12.0397,11.3371,11.5926,8306840
2009-02-19,11.8480,12.1993,11.2732,11.5926,11893680
2009-02-20,11.3690,11.7522,11.1774,11.5287,8337835
2009-02-23,11.7203,12.2951,11.5287,11.5926,8701818
2009-02-24,11.7203,12.5506,10.9858,12.3271,10199307
2009-02-25,12.1993,12.3271,11.5606,11.8480,8766061
2009-02-26,12.0077,12.2951,11.4329,11.5606,6517749
2009-02-27,11.3051,11.4968,10.8580,11.2413,8030130
2009-03-02,10.9858,11.5606,10.7942,10.7942,10214719
2009-03-03,10.9858,11.4009,10.5068,10.5387,11457489
2009-03-04,10.7303,11.2413,10.6345,11.0177,8420087
2009-03-05,10.8900,10.8900,9.9639,10.1235,9971082
2009-03-06,10.2832,10.3790,9.5168,9.9000,8456450
2009-03-09,9.7722,10.3790,9.6445,9.9639,6896623
2009-03-10,10.2513,10.8261,10.0597,10.8261,8754459
2009-03-11,11.4968,11.5926,11.0497,11.1455,12092294
2009-03-12,11.1455,11.8800,11.0177,11.8161,11461126
2009-03-13,12.2313,12.2951,11.2732,11.9758,11033074
2009-03-16,12.1035,12.4868,11.6564,11.6564,6922078
2009-03-17,11.6564,12.4229,11.5287,12.4229,7176104
2009-03-18,12.0397,13.3809,12.0077,13.2532,8779221
2009-03-19,13.1574,13.4129,12.7742,12.9977,6118268
2009-03-20,13.0935,13.1893,12.4548,12.6464,8956710
2009-03-23,12.9977,13.7642,12.8061,13.7642,6584416
2009-03-24,13.4129,13.8919,13.0935,13.5087,7129697
2009-03-25,13.6364,13.7961,12.9658,13.4129,6889351
2009-03-26,13.5726,14.5306,13.5087,14.5306,8248658
2009-03-27,14.3071,14.4348,13.4448,13.9558,8488139
2009-03-30,13.6045,13.7642,13.0935,13.4129,7426494
2009-03-31,13.7642,13.8280,13.2532,13.5087,8324675
2009-04-01,13.0935,13.8919,12.9658,13.8280,6281905
2009-04-02,13.9877,14.8819,13.9558,14.7861,8326926
2009-04-03,14.3071,14.6264,13.1893,14.5626,11721558
2009-04-06,14.2432,15.0097,13.5726,14.9777,7901472
2009-04-07,14.1793,14.7222,14.0516,14.4987,5643636
2009-04-08,14.4348,14.7861,14.3071,14.4987,5830476
2009-04-09,14.8500,15.6484,14.7542,15.6484,6943377
2009-04-13,15.0097,15.5206,14.9138,15.3609,5743723
2009-04-14,15.2332,15.2651,14.6584,14.9458,7425801
2009-04-15,14.6903,15.9677,14.6903,15.5526,9135238
2009-04-16,15.8400,16.5106,15.4567,16.2871,8909957
2009-04-17,16.5106,18.0116,16.1274,17.7561,17177316
2009-04-20,17.4048,17.5645,16.5106,16.7342,11387532
2009-04-21,16.5426,17.9477,16.4467,17.7880,11252987
2009-04-22,17.9158,18.6184,17.2451,18.0755,10410043
2009-04-23,18.0116,18.0116,16.7980,17.5964,9401905
2009-04-24,17.7561,18.9696,17.2771,18.5545,12041905
2009-04-27,18.2671,18.5545,17.8838,18.2351,7721558
2009-04-28,18.0755,18.8100,17.5645,18.5545,7549610
2009-04-29,18.3629,19.1932,18.3309,19.0335,8182684
2009-04-30,19.0016,19.1613,17.2451,17.6603,15540260
2009-05-01,17.5645,17.7561,16.3509,17.6922,13037229
2009-05-04,17.8200,18.3309,17.5964,18.2351,9852121
2009-05-05,17.8519,18.8419,17.8519,18.7461,7292987
2009-05-06,18.6822,20.2790,18.6822,20.1513,15943550
2009-05-07,20.2790,20.6942,19.5125,19.8638,14356190
2009-05-08,19.8319,20.7580,19.3848,20.7580,9619913
2009-05-11,20.0235,20.4067,19.6722,20.0235,7432727
2009-05-12,20.4067,20.4067,18.9377,19.3848,10564848
2009-05-13,19.1613,19.3209,17.8838,18.0755,11893333
2009-05-14,18.1393,18.6184,17.9158,18.4587,6468052
2009-05-15,18.5226,19.2251,18.3629,18.8738,8172294
2009-05-18,19.0016,19.7680,18.9696,19.6403,10190130
2009-05-19,19.9277,20.1513,19.1932,19.9277,8222338
2009-05-20,20.1193,20.2471,19.3529,19.4487,8083810
2009-05-21,19.0974,19.4167,18.4906,18.8100,7323636
2009-05-22,18.9377,19.3529,18.6503,18.8419,5672035
2009-05-26,18.9696,19.2251,18.2671,19.1293,5687446
2009-05-27,19.2890,19.6403,18.8419,18.9058,5993766
2009-05-28,19.4806,19.6084,18.8419,19.1932,10443117
2009-05-29,19.5764,19.5764,19.0335,19.3529,6875844
2009-06-01,19.6403,20.4067,19.5125,20.2151,7420433
2009-06-02,20.2790,20.7580,19.8000,20.4706,9140087
2009-06-03,20.5664,20.5664,19.3848,19.8000,6151342
2009-06-04,19.8638,20.5025,19.7680,20.3748,6080519
2009-06-05,20.3748,20.5984,19.7042,19.9277,5424935
2009-06-08,19.6084,20.7900,19.4487,20.5664,7524329
2009-06-09,20.7900,22.0035,20.5984,21.4287,8492814
2009-06-10,21.5564,21.7161,20.4706,20.9816,6073939
2009-06-11,20.6942,22.1632,20.6942,21.9396,8953420
2009-06-12,21.4925,21.7480,20.9177,21.4925,6022165
2009-06-15,21.0774,21.2371,20.5984,20.6942,6397229
2009-06-16,20.5664,21.0454,20.0235,20.0235,6798095
2009-06-17,19.9277,20.3429,19.4487,19.9916,12934545
2009-06-18,19.9916,20.1193,19.6722,20.0555,11129870
2009-06-19,20.3748,20.5025,19.4167,19.5125,10184935
2009-06-22,19.3848,19.7042,18.9058,19.2571,10608485
2009-06-23,19.9596,20.0874,19.6084,20.0235,14790130
2009-06-24,20.2790,20.3748,19.8958,20.2151,27231861
2009-06-25,20.0555,20.7900,19.8319,20.6622,26238615
2009-06-26,20.7580,21.3009,20.3429,21.1413,15096797
2009-06-29,21.4287,21.4287,20.6303,21.1093,10386320
2009-06-30,21.8758,22.1951,20.8538,21.1732,11711342
2009-07-01,21.2051,21.7161,20.5664,20.6303,9351861
2009-07-02,20.3748,20.5664,19.7042,19.7680,8874978
2009-07-06,19.5764,19.8958,19.3209,19.5764,8266147
2009-07-07,19.5764,20.3429,19.5125,19.6403,13592381
2009-07-08,19.5764,19.8000,19.1293,19.4487,9222684
2009-07-09,19.7042,19.7680,19.2890,19.3848,6211429
2009-07-10,19.1932,19.6084,19.1293,19.3209,5246753
2009-07-13,19.2251,19.3529,18.8738,19.2890,9208312
2009-07-14,19.3848,19.8638,19.1613,19.7042,6504589
2009-07-15,20.0874,21.1413,19.9277,21.1093,9293853
2009-07-16,19.9916,20.5025,19.5764,20.2151,10398268
2009-07-17,19.9277,20.1513,19.5764,20.1193,7127100
2009-07-20,20.1193,20.4067,19.8958,20.2471,4960000
2009-07-21,20.3748,20.4067,19.8319,20.2471,4956017
2009-07-22,19.9596,20.7580,19.9596,20.4387,4949610
2009-07-23,20.2790,21.3329,20.2790,21.0454,8091429
2009-07-24,21.0774,21.1093,20.6303,21.0135,5446926
2009-07-27,20.8219,21.5884,20.8219,21.5245,6308398
2009-07-28,21.1093,21.9077,21.0774,21.7800,8484848
2009-07-29,21.5564,21.6203,20.4387,20.9816,15813853
2009-07-30,22.8658,24.5264,22.2909,22.9616,26771602
2009-07-31,23.2809,23.3129,22.5464,22.8658,17409697
2009-08-03,23.1532,23.3129,22.5783,23.1532,10168139
2009-08-04,23.0254,23.7280,22.8658,23.1213,10384935
2009-08-05,23.1532,23.3767,22.5145,22.7700,10341472
2009-08-06,23.0574,23.0574,22.5783,22.7061,5290390
2009-08-07,22.9616,23.2809,22.6103,22.7700,9339913
2009-08-10,22.3867,23.2490,22.3867,22.8977,7504069
2009-08-11,22.8338,23.0574,22.3548,22.4506,5777143
2009-08-12,22.2909,22.8338,22.2590,22.5783,5430823
2009-08-13,22.7700,23.5045,22.5464,23.2490,8214026
2009-08-14,23.1851,23.2809,22.3867,23.1851,7894199
2009-08-17,22.3548,22.7700,22.3548,22.5464,8278961
2009-08-18,22.6422,23.2809,22.5464,23.0254,8206234
2009-08-19,22.5464,23.4087,22.5464,23.2809,13446753
2009-08-20,23.0574,23.6322,23.0574,23.5364,8972641
2009-08-21,24.0154,24.2709,23.6003,24.2071,9885541
2009-08-24,24.0474,24.3667,23.6642,23.8877,9280000
2009-08-25,23.7919,24.2709,23.7919,24.0474,6048485
2009-08-26,24.0474,24.1751,23.7600,23.8877,7696623
2009-08-27,23.7600,23.8877,23.2809,23.4406,9908398
2009-08-28,23.6322,23.9516,22.8019,23.0254,11747359
2009-08-31,22.6742,23.0893,22.3548,22.9296,10392727
2009-09-01,23.5045,23.8238,22.3548,22.4187,17386840
2009-09-02,22.6422,25.0054,22.3548,24.9735,28531429
2009-09-03,24.5264,24.9416,24.0793,24.5903,21039827
2009-09-04,23.7600,25.3887,23.7600,24.6861,14754113
2009-09-08,25.1971,25.6122,24.7500,25.2290,14080346
2009-09-09,25.7719,25.8358,25.0054,25.0693,12013853
2009-09-10,25.1651,26.0274,24.6222,25.4525,16252814
2009-09-11,26.2190,27.8158,26.0912,27.7200,25999307
2009-09-14,28.2629,28.8058,27.5922,28.0712,23515498
2009-09-15,28.4545,29.4764,28.4225,29.3806,19222338
2009-09-16,29.8277,30.1790,28.9974,29.2529,20358788
2009-09-17,29.3167,29.3806,28.2629,28.4545,18546494
2009-09-18,28.6780,28.7419,27.5603,28.6141,14898528
2009-09-21,28.3267,28.4864,27.7519,28.2629,8138701
2009-09-22,28.6461,28.7100,27.6561,27.8477,7692468
2009-09-23,28.1671,28.1671,27.0174,27.1132,8763810
2009-09-24,27.2090,27.3048,26.2190,26.6022,10780779
2009-09-25,26.1232,26.4425,25.5483,25.8996,14800866
2009-09-28,26.1551,27.0812,25.8996,26.7300,8585628
2009-09-29,26.6022,27.2729,26.4745,26.8577,16028225
2009-09-30,26.8896,27.7519,26.0912,27.4325,23447273
2009-10-01,27.1771,27.5922,26.6661,26.7300,17136104
2009-10-02,26.0274,26.6341,25.3887,25.5164,14346667
2009-10-05,25.0374,26.3787,24.8458,26.2190,16902511
2009-10-06,26.2190,27.4964,26.0912,27.1132,14961212
2009-10-07,27.2409,28.0393,27.0812,27.4964,16294545
2009-10-08,27.7838,27.8477,26.6022,26.7619,9367619
2009-10-09,26.6341,27.3367,26.3148,27.0812,9927792
2009-10-12,26.7619,27.0812,26.4106,26.5703,7433074
2009-10-13,26.4745,26.6341,26.1232,26.2829,7249524
2009-10-14,26.9535,27.0174,25.9954,26.8577,10778355
2009-10-15,26.5703,26.6341,25.2290,25.9635,20379567
2009-10-16,25.9635,25.9954,24.6222,25.0693,14663377
2009-10-19,25.4525,27.3048,25.3567,27.0493,18943030
2009-10-20,27.1771,27.2090,26.3467,26.5703,12052121
2009-10-21,26.3787,26.9216,26.0912,26.1871,12363810
2009-10-22,26.6022,26.8258,26.2190,26.6022,9339740
2009-10-23,26.8577,26.8577,26.1232,26.3148,10647446
2009-10-26,26.3148,26.8258,25.5803,25.6761,12539567
2009-10-27,25.6761,26.2509,24.8458,25.2290,19917576
2009-10-28,25.6122,26.3467,24.9735,25.4206,23614892
2009-10-29,27.4325,28.6461,27.0174,27.9116,36255584
2009-10-30,28.3906,28.5503,27.1451,27.3687,27956364
2009-11-02,28.6461,28.8377,28.1990,28.8377,30265628
2009-11-03,28.6780,29.2529,28.4225,28.9974,25005714
2009-11-04,29.2209,29.2209,28.6461,28.7419,17018009
2009-11-05,29.0612,29.8916,28.9974,29.7319,22887100
2009-11-06,29.5722,29.8916,28.1990,28.3906,28920519
2009-11-09,28.7419,28.9016,28.1671,28.6780,17653680
2009-11-10,29.1570,29.1890,27.8158,28.2629,20363810
2009-11-11,28.4545,28.5183,26.8896,28.0074,37548918
2009-11-12,27.9116,28.0393,27.5603,27.8477,13543896
2009-11-13,27.9116,28.2309,27.7838,28.0393,8485022
2009-11-16,28.3587,28.3587,27.6241,27.7838,14939740
2009-11-17,27.6241,28.5503,27.6241,28.2629,24453160
2009-11-18,28.4225,28.4225,27.5283,27.6880,13684848
2009-11-19,27.3048,27.4006,26.2509,27.0812,12370043
2009-11-20,26.8258,26.9216,26.2829,26.4425,9739048
2009-11-23,26.8258,27.3367,26.4106,26.5064,13047100
2009-11-24,26.6341,26.7300,25.9635,26.1551,9582684
2009-11-25,26.1871,26.6341,26.1551,26.4425,6663030
2009-11-27,25.6442,26.5064,25.3887,26.1871,7091255
2009-11-30,25.8677,25.9635,25.1332,25.5803,16694545
2009-12-01,25.7719,26.5064,25.6442,26.2509,16915498
2009-12-02,26.2509,26.6661,25.9316,26.3148,11641212
2009-12-03,26.1871,26.5064,25.6442,25.6442,12883290
2009-12-04,26.0593,26.3148,25.6761,26.1232,12896277
2009-12-07,25.9635,26.3467,25.8996,25.9635,7361905
2009-12-08,26.4745,27.6880,26.2829,27.5283,23784762
2009-12-09,27.5283,27.5283,26.5703,27.1132,10661645
2009-12-10,27.2090,27.3367,26.8258,27.0174,8961558
2009-12-11,26.9535,27.3367,26.9535,27.3048,9246580
2009-12-14,26.9854,27.0812,26.2509,26.5064,20367619
2009-12-15,26.3787,26.9535,26.1871,26.5064,12017316
2009-12-16,26.6661,26.8577,26.4106,26.4106,6361212
2009-12-17,26.1232,26.4745,25.8677,25.8996,8259913
2009-12-18,26.1871,27.6561,26.0912,27.2409,31472381
2009-12-21,27.4325,27.5603,26.6022,26.7938,12579740
2009-12-22,26.7619,26.8577,25.6122,25.8677,16809697
2009-12-23,25.9954,26.1551,25.2929,25.3248,15886234
2009-12-24,25.6122,25.8677,25.3887,25.4845,6548398
2009-12-28,25.5483,25.8038,24.4945,25.0374,14418009
2009-12-29,25.0693,25.2290,24.5583,24.9096,7661991
2009-12-30,24.9416,24.9416,24.5264,24.7500,9704589
2009-12-31,24.6861,25.1012,24.4945,24.7819,8290390
2010-01-04,25.1651,25.6122,25.1332,25.4525,13007273
2010-01-05,25.3887,26.3787,24.6542,25.1012,32664762
2010-01-06,25.5483,25.6761,25.1651,25.4525,21016450
2010-01-07,25.5803,26.1551,25.4525,25.9635,23406926
2010-01-08,25.8358,25.9316,24.6861,24.7819,32200866
2010-01-11,25.1651,25.1651,24.4945,24.5264,17954632
2010-01-12,24.3987,24.4306,23.4406,23.6322,18554805
2010-01-13,23.6642,24.4306,23.6642,24.2709,14070303
2010-01-14,24.1432,24.9735,24.1113,24.6222,19640693
2010-01-15,24.5903,24.6861,24.0474,24.2071,16867706
2010-01-19,24.2071,24.5583,23.7919,24.3987,11678095
2010-01-20,24.1432,24.1432,23.6003,23.8877,12213853
2010-01-21,24.0474,24.2071,23.3767,23.5364,17248312
2010-01-22,23.3129,23.7600,22.8658,23.0254,18211948
2010-01-25,23.4725,23.7600,22.8977,22.9296,15397229
2010-01-26,23.0254,23.3448,22.8019,22.9616,12865801
2010-01-27,22.9935,23.7600,22.8977,23.6322,20030476
2010-01-28,21.2371,21.7800,20.2151,20.6942,56962251
2010-01-29,20.5345,20.5664,19.2890,19.6403,44702338
2010-02-01,19.8958,20.2790,19.6722,20.2151,29409004
2010-02-02,20.3429,21.0774,19.9916,20.9177,27292987
2010-02-03,20.8858,21.7800,20.7580,21.3648,32352035
2010-02-04,21.0454,21.0774,20.0874,20.1832,30701472
2010-02-05,20.7261,20.7580,20.2151,20.4387,26980433
2010-02-08,21.1413,21.3967,20.7900,20.9816,19096797
2010-02-09,21.2371,21.4606,20.7261,20.8858,15016623
2010-02-10,20.9177,21.3648,20.8538,21.1732,14152035
2010-02-11,21.0774,21.3009,20.9816,21.2371,12867879
2010-02-12,21.7480,23.2809,21.5564,22.8338,38447792
2010-02-16,23.2809,23.4406,22.8338,23.1851,17015238
2010-02-17,23.2490,23.3129,22.3229,22.7061,16204502
2010-02-18,22.6422,22.7061,22.2909,22.3867,11154978
2010-02-19,22.3229,22.5783,22.1951,22.3867,7546667
2010-02-22,22.4506,22.5145,21.8438,21.9396,12315671
2010-02-23,21.9077,21.9396,21.5564,21.6522,9712381
2010-02-24,21.7480,21.8438,21.5245,21.6842,8738355
2010-02-25,21.3648,21.9396,21.1093,21.8758,11425801
2010-02-26,21.5564,21.8758,21.3967,21.5884,10983550
2010-03-01,21.6522,21.7480,21.1093,21.5245,8315152
2010-03-02,21.6203,21.7800,21.2690,21.7480,10982165
2010-03-03,21.7800,22.3548,21.7800,21.9396,9159827
2010-03-04,22.0354,22.0354,21.4925,21.7161,7837922
2010-03-05,21.8758,22.3548,21.7480,22.1951,9353420
2010-03-08,22.2909,22.2909,21.9077,22.0674,6992727
2010-03-09,21.8119,22.4506,21.7480,22.2590,11670476
2010-03-10,22.1632,22.9616,22.1632,22.7061,9117056
2010-03-11,22.6103,22.8658,22.3867,22.4506,8310476
2010-03-12,22.4187,22.6742,22.1951,22.3867,6371948
2010-03-15,22.2909,22.5145,21.9077,22.4506,9403983
2010-03-16,22.4187,23.6642,22.4187,23.5683,17081212
2010-03-17,23.6642,23.6961,23.0254,23.2171,9644675
2010-03-18,23.1532,23.6322,23.0574,23.4725,6830130
2010-03-19,22.9296,23.6961,22.6742,22.9296,10049351
2010-03-22,22.7380,23.4087,22.7061,23.1851,6381472
2010-03-23,23.3448,23.6642,23.2171,23.4725,7381818
2010-03-24,23.4087,23.5045,23.1213,23.1532,5601385
2010-03-25,23.4725,23.9835,23.0893,23.1213,13005887
2010-03-26,23.0254,23.4725,22.8338,22.8977,11220952
2010-03-29,23.0574,23.2809,22.9296,23.0893,5392381
2010-03-30,23.0893,23.3129,22.7700,22.9935,5678095
2010-03-31,22.8019,23.0254,22.3867,22.4187,7900433
2010-04-01,22.6742,22.9616,22.3548,22.5464,10657143
2010-04-05,22.5783,22.9296,22.2909,22.8658,9616104
2010-04-06,22.6422,23.5364,22.6103,23.2490,11428918
2010-04-07,23.1213,23.3129,22.9935,23.0893,6635498
2010-04-08,22.9935,23.7919,22.8338,23.7280,11964675
2010-04-09,23.6961,23.7280,23.4406,23.6003,6393247
2010-04-12,23.5364,23.9835,23.4406,23.6961,12209177
2010-04-13,23.6322,23.9516,23.4087,23.6642,10038615
2010-04-14,23.8877,24.7500,23.8238,24.4945,13409870
2010-04-15,24.3029,24.7500,24.1751,24.2390,11759654
2010-04-16,24.0474,24.0793,22.9296,23.3448,18245714
2010-04-19,23.2171,23.7600,23.1532,23.6003,7609004
2010-04-20,23.6642,23.8238,23.3129,23.6961,8560866
2010-04-21,23.6003,23.6322,23.2171,23.4406,7390649
2010-04-22,22.9616,22.9935,22.2909,22.6103,21259740
2010-04-23,22.6742,23.2809,22.5464,22.6422,14446234
2010-04-26,22.8019,22.9935,22.4506,22.8658,9012468
2010-04-27,22.6422,22.8019,21.9716,22.0674,13030130
2010-04-28,21.8119,22.2271,21.5245,22.0993,22058355
2010-04-29,23.7280,23.9835,22.6422,22.8658,24775238
2010-04-30,22.8658,23.0574,22.2909,22.5783,15559827
2010-05-03,22.8977,22.9616,22.2271,22.6742,11323117
2010-05-04,22.5145,22.7061,22.0674,22.2271,13297835
2010-05-05,22.1632,22.3867,21.7161,21.9396,13725541
2010-05-06,21.8758,22.3229,19.9596,21.3329,19798615
2010-05-07,21.2051,21.5884,20.6942,21.0774,20286061
2010-05-10,21.9396,22.2590,21.7480,22.1632,11974719
2010-05-11,22.0035,22.7380,21.9396,22.3229,15722251
2010-05-12,22.3229,22.6742,22.2271,22.2909,11884502
2010-05-13,22.1313,22.2271,21.7480,21.8438,13561905
2010-05-14,21.7800,21.8119,21.3648,21.6842,14930216
2010-05-17,21.5564,21.9396,21.4925,21.8758,9929697
2010-05-18,22.1313,22.2590,21.5564,21.6522,11918268
2010-05-19,21.6203,22.0354,21.4287,21.7480,13303203
2010-05-20,21.3009,21.9396,21.1093,21.3967,18127446
2010-05-21,21.1093,22.0354,20.9816,21.8438,13941991
2010-05-24,21.5245,21.8758,21.4287,21.4925,7222338
2010-05-25,21.1093,21.5884,20.7900,21.5564,11050909
2010-05-26,21.4606,22.2271,21.3967,21.5884,12382511
2010-05-27,22.0035,22.1313,21.8438,22.0993,8132121
2010-05-28,22.0674,22.1632,21.6842,21.8758,7368658
2010-06-01,21.6203,22.0674,21.3648,21.3967,6574545
2010-06-02,21.5884,21.9396,21.4925,21.8758,6909264
2010-06-03,21.8119,21.9716,21.5564,21.9396,7308571
2010-06-04,21.6522,21.7800,21.2051,21.3967,12408312
2010-06-07,21.3967,21.5245,20.8858,20.9816,11225108
2010-06-08,20.8538,21.3329,20.8219,21.2690,10001212
2010-06-09,21.3009,21.7480,21.2051,21.3329,10277922
2010-06-10,21.6522,22.4506,21.4606,21.8438,9102857
2010-06-11,21.8438,22.9616,21.5884,22.7061,13187013
2010-06-14,22.8977,22.9616,22.1951,22.2271,8032900
2010-06-15,22.3867,22.8977,22.3229,22.5464,13170043
2010-06-16,22.1632,22.8977,22.1632,22.7061,9820260
2010-06-17,22.6742,22.9616,22.3229,22.9616,9923636
2010-06-18,22.8977,23.1851,22.7380,23.1851,11517576
2010-06-21,23.3448,23.5683,22.7700,22.8977,6520693
2010-06-22,22.8338,23.3767,22.7700,22.9935,9154978
2010-06-23,22.9296,23.5045,22.5464,23.3129,11507532
2010-06-24,23.0893,23.1213,22.2271,22.3229,8981472
2010-06-25,22.4187,22.8977,22.1951,22.5783,10791342
2010-06-28,22.7700,22.9616,22.5145,22.5783,7860779
2010-06-29,22.3867,22.3867,21.4925,21.7161,12663550
2010-06-30,21.6842,21.9396,20.7580,20.8219,19231169
2010-07-01,20.8858,21.0135,20.3109,20.8219,15230476
2010-07-02,20.8538,20.9177,20.4387,20.6942,13561212
2010-07-06,21.0454,21.3329,20.7261,20.8858,10647446
2010-07-07,20.9177,21.7800,20.9177,21.6842,7873420
2010-07-08,21.8438,22.0035,21.5564,21.8758,6136970
2010-07-09,21.8438,21.8758,21.3967,21.5884,8871688
2010-07-12,21.4925,22.5145,21.4925,22.3229,12256797
2010-07-13,22.6103,23.2490,22.3867,23.0254,14357056
2010-07-14,23.2171,24.1432,23.1851,23.8238,20418355
2010-07-15,24.2709,24.7500,23.8238,24.6542,22064935
2010-07-16,24.5264,24.9096,23.7280,23.9516,14923983
2010-07-19,24.3987,25.6442,23.9835,25.2929,21975758
2010-07-20,25.0054,25.8677,24.3987,25.5483,26404502
2010-07-21,25.4845,25.5803,24.8458,25.2609,17423723
2010-07-22,25.4525,25.5483,24.5903,24.8777,16503203
2010-07-23,24.7500,25.1651,24.2390,24.7500,17623377
2010-07-26,24.7500,25.2609,24.5264,25.1012,15841905
2010-07-27,25.2929,25.4845,24.6542,24.7180,13278442
2010-07-28,24.6542,24.7819,24.3348,24.5264,14963983
2010-07-29,24.5583,25.6442,24.3029,24.3029,33379394
2010-07-30,24.2709,24.3987,23.7919,23.9196,22692468
2010-08-02,24.2709,24.5583,24.0154,24.3348,13186147
2010-08-03,24.1113,24.5264,23.8877,24.3348,14648139
2010-08-04,25.0693,26.1232,24.8138,25.7400,31693160
2010-08-05,25.6442,26.1232,25.0693,25.6122,14938009
2010-08-06,25.3887,25.6122,25.0054,25.5483,9114805
2010-08-09,25.7080,25.9316,25.4206,25.4845,7212121
2010-08-10,25.2609,25.8038,25.0374,25.6761,12590823
2010-08-11,25.1971,25.1971,24.4625,24.5903,10479654
2010-08-12,24.3029,25.8677,24.2071,25.6122,23002251
2010-08-13,25.4845,25.6122,24.3348,24.3987,18513939
2010-08-16,24.3029,25.1012,24.2071,24.9416,11108918
2010-08-17,25.1012,25.2290,24.7500,24.9096,7146667
2010-08-18,24.8777,25.1651,24.7819,24.8777,6926926
2010-08-19,24.9416,24.9416,23.8558,24.0793,14301991
2010-08-20,23.9835,24.3667,23.7280,23.8877,15106320
2010-08-23,24.0154,24.2709,23.6642,23.7600,12185974
2010-08-24,23.4087,24.1432,23.2809,23.8238,9168485
2010-08-25,23.5683,24.0793,23.5683,23.9516,8133160
2010-08-26,24.0154,24.1432,23.7919,23.9516,10303030
2010-08-27,24.3348,24.7500,23.8877,24.5264,12029437
2010-08-30,24.3987,24.4945,23.9516,24.0154,8857662
2010-08-31,24.0154,24.2709,23.9196,24.0154,11199307
2010-09-01,24.4306,25.0374,24.4306,24.6861,11623723
2010-09-02,24.6861,25.2290,24.4625,25.1012,8734026
2010-09-03,25.3567,25.5803,25.0693,25.3567,7794978
2010-09-07,25.3248,25.3248,24.7180,25.0054,6713420
2010-09-08,25.0374,25.6442,24.8777,25.4845,10134372
2010-09-09,25.6442,25.9954,25.2929,25.4845,7294372
2010-09-10,25.3567,25.8038,25.1332,25.2929,10270130
2010-09-13,25.5483,26.5064,25.4525,26.4425,13297316
2010-09-14,26.2829,26.5703,25.9316,26.3467,8132641
2010-09-15,26.3467,26.7619,25.9316,26.6980,11618874
2010-09-16,26.6980,26.8896,26.3148,26.8577,8944762
2010-09-17,26.9854,27.1132,26.3467,26.7619,11148225
2010-09-20,26.8258,26.9854,26.5064,26.9854,8778009
2010-09-21,26.8258,27.0174,26.4745,26.6022,8064242
2010-09-22,26.5064,26.7300,26.2509,26.4745,6161212
2010-09-23,26.1551,26.8577,26.0593,26.7619,8990649
2010-09-24,26.9854,27.9116,26.8577,27.7200,14161385
2010-09-27,27.5603,27.6880,27.2729,27.4006,7625801
2010-09-28,27.3687,27.4645,26.8258,27.4006,9244848
2010-09-29,27.1451,27.4325,26.9854,27.3367,6369524
2010-09-30,27.3367,27.7200,26.7619,27.2409,7264242
2010-10-01,27.3367,27.6241,27.1132,27.3367,6825281
2010-10-04,27.2090,27.5283,26.6341,27.0174,9099913
2010-10-05,26.8896,27.6241,26.8896,27.5922,9972641
2010-10-06,27.2409,27.8477,26.9535,27.3367,11815411
2010-10-07,27.4645,27.6561,26.9216,27.4325,8729697
2010-10-08,27.0174,27.0174,26.2509,26.5064,18420087
2010-10-11,26.4425,26.7619,26.3148,26.4745,10479481
2010-10-12,26.3467,26.5064,25.6761,25.9635,20671688
2010-10-13,26.0593,26.2190,25.8038,25.9316,14679481
2010-10-14,25.8358,25.9954,25.1651,25.4206,14697143
2010-10-15,25.7080,25.8038,25.2290,25.3887,14292814
2010-10-18,25.1332,25.3248,24.6861,25.1971,15471861
2010-10-19,24.9416,25.5803,24.7500,25.1971,14748398
2010-10-20,25.3887,25.6122,25.2609,25.4206,8998615
2010-10-21,25.4525,25.5483,24.5903,24.7819,13845368
2010-10-22,24.7500,25.2929,24.7180,25.0054,8319827
2010-10-25,25.1012,25.5483,25.0374,25.3248,6773680
2010-10-26,25.1651,25.6442,25.1012,25.1012,9316710
2010-10-27,25.3567,25.9635,25.1971,25.8358,21339221
2010-10-28,27.2090,27.8158,25.8358,25.9635,39141126
2010-10-29,25.8358,26.2509,25.6442,26.0593,10603983
2010-11-01,25.9954,26.3467,25.4525,25.6122,10521212
2010-11-02,25.7719,25.8358,25.1332,25.5483,24287100
2010-11-03,25.8996,25.8996,25.2290,25.7080,12531082
2010-11-04,25.8996,25.9635,25.6122,25.8677,10048831
2010-11-05,25.8358,26.2190,25.7080,26.1871,6952381
2010-11-08,26.0593,26.4425,25.7719,26.0274,7611948
2010-11-09,26.0593,26.4425,25.8677,26.2190,10849524
2010-11-10,26.0912,26.2190,25.7400,26.1871,7577835
2010-11-11,25.6761,26.0274,25.0054,25.8677,18653853
2010-11-12,25.7080,25.8358,25.2929,25.5164,8197403
2010-11-15,26.0593,26.1871,25.3248,25.3567,10341991
2010-11-16,25.6442,25.6761,24.8777,24.9416,10624242
2010-11-17,25.0054,25.4845,24.9416,25.2609,9335065
2010-11-18,25.6122,26.0593,25.4845,25.9954,9493160
2010-11-19,25.8358,26.1551,25.6442,25.9316,9862338
2010-11-22,25.7080,25.9954,25.3887,25.8358,8205714
2010-11-23,25.4845,25.5803,24.9416,25.1012,12450043
2010-11-24,25.2290,25.5483,25.0374,25.3248,9329870
2010-11-26,25.0054,25.1651,24.9416,24.9735,3176104
2010-11-29,24.8777,25.0693,24.5903,24.8138,9500260
2010-11-30,24.6222,24.9096,24.4306,24.4625,12942338
2010-12-01,25.1332,26.1871,24.9735,25.5803,24448312
2010-12-02,25.1971,25.5803,25.1332,25.4525,22463030
2010-12-03,25.3248,26.3787,25.0693,26.3148,27237749
2010-12-06,26.0274,26.4745,26.0274,26.1551,14594632
2010-12-07,26.1871,26.3467,25.8038,25.8358,10189264
2010-12-08,25.8358,26.4106,25.7719,26.2829,11220779
2010-12-09,26.1871,26.8258,25.9954,26.6341,10690909
2010-12-10,26.6022,27.7519,26.5703,27.5922,28708918
2010-12-13,27.6241,27.9116,26.9216,27.0174,17267186
2010-12-14,26.7938,27.2409,26.7619,27.0174,9394459
2010-12-15,26.7938,27.2729,26.6661,27.0493,12824069
2010-12-16,27.0812,28.5822,27.0812,28.3587,36918615
2010-12-17,28.2948,28.4545,27.9435,28.3587,16217316
2010-12-20,28.3587,28.5822,27.8158,28.3587,12673593
2010-12-21,28.4225,29.2529,28.1990,28.7419,13036710
2010-12-22,28.6141,29.3167,28.5503,29.0293,12665628
2010-12-23,29.0293,29.2529,28.7419,28.9016,9370909
2010-12-27,28.9974,29.0293,28.3587,28.7100,5368831
2010-12-28,28.6141,28.9016,28.5183,28.6141,4188745
2010-12-29,28.5822,28.8058,28.5183,28.6461,3347879
2010-12-30,28.6141,28.8058,28.4864,28.4864,4813333
2010-12-31,28.4545,29.0293,28.4225,28.9654,5431169
2011-01-03,29.0612,29.4764,28.9974,29.0932,1937662
2011-01-04,29.4667,31.5918,29.3245,31.4180,89730200
2011-01-05,30.8808,31.8920,30.8097,31.4654,7825500
2011-01-06,31.5365,31.6668,30.8215,31.3469,6588800
2011-01-07,31.2363,31.3232,30.4384,30.7307,5385000
2011-01-10,30.5174,31.0546,30.2962,30.4384,5551900
2011-01-11,30.5016,30.7702,30.1540,30.3199,4992700
2011-01-12,30.2725,30.4937,29.8933,29.9881,5618700
2011-01-13,29.8380,30.1540,29.8380,29.9012,4711100
2011-01-14,29.7669,30.2488,29.6721,30.2409,4145000
2011-01-18,29.9644,30.1698,29.7037,29.7906,2717200
2011-01-19,29.6642,29.7195,29.3245,29.4983,3626900
2011-01-20,29.3798,29.4983,28.8505,29.2613,3609700
2011-01-21,29.4351,29.7511,29.2850,29.3482,3233400
2011-01-24,29.3324,30.5569,29.3324,30.5411,7372400
2011-01-25,29.9802,30.6043,29.8064,30.5727,5569600
2011-01-26,30.5095,31.1257,30.4937,30.9993,5959000
2011-01-27,30.3278,30.9874,30.2567,30.4779,4044100
2011-01-28,30.6438,30.8413,29.9170,29.9881,2917500
2011-01-31,30.0118,30.7465,29.9091,30.6280,3561000
2011-02-01,30.7386,30.9914,30.6754,30.8255,4397000
2011-02-02,30.5490,30.8966,30.2962,30.5016,4227700
2011-02-03,30.4226,30.8334,30.3199,30.6438,3450500
2011-02-04,30.5411,31.0704,30.3594,31.0546,4723700
2011-02-07,31.1257,32.0026,31.0862,31.9236,5092200
2011-02-08,31.9078,31.9552,31.4733,31.4891,3618700
2011-02-09,31.4338,31.5839,31.1810,31.2442,2107900
2011-02-10,31.0309,31.3627,30.7544,31.1099,3197800
2011-02-11,30.9756,31.4654,30.9124,31.0783,3523600
2011-02-14,31.0783,31.1810,30.6754,30.8334,3231900
2011-02-15,30.6675,31.0388,30.4542,30.6517,2428200
2011-02-16,30.7860,30.9045,30.5490,30.6280,1835600
2011-02-17,30.5411,30.7860,30.4147,30.7465,2130100
2011-02-18,30.8097,31.1731,30.6240,30.8176,2477000
2011-02-22,30.4779,30.6517,29.9881,30.0513,3728700
2011-02-23,29.9407,30.0987,29.2771,29.5378,5875200
2011-02-24,29.5931,29.7827,29.3798,29.6484,3264400
2011-02-25,29.8380,30.1303,29.6168,30.1303,2741000
2011-02-28,30.2646,30.5806,30.1540,30.5253,3977400
2011-03-01,30.5569,30.6991,30.0355,30.1698,3846900
2011-03-02,29.9644,31.1099,29.9644,31.0388,5178600
2011-03-03,31.1336,32.0421,31.0941,31.8130,4480800
2011-03-04,31.7182,31.7814,31.5207,31.7182,5786800
2011-03-07,31.6471,31.9947,31.4970,31.7735,5009800
2011-03-08,32.0816,33.0375,31.6708,32.8558,5186000
2011-03-09,32.6425,32.8084,32.3976,32.6030,2355300
2011-03-10,32.2001,32.2870,31.7893,31.8367,3016900
2011-03-11,31.6076,32.6741,31.3706,32.5793,4013800
2011-03-14,32.1764,32.6267,31.9552,32.3818,4110100
2011-03-15,31.4733,32.2475,31.2786,32.0026,2775900
2011-03-16,31.8367,32.7452,31.7182,32.1053,5598600
2011-03-17,32.5161,32.7412,32.3028,32.5398,2726500
2011-03-18,32.9111,32.9822,32.5082,32.8874,2526000
2011-03-21,33.1086,33.2745,32.9190,33.2113,3296600
2011-03-22,33.2824,33.7406,33.1560,33.7011,4792200
2011-03-23,33.6537,34.1988,33.4483,34.0961,3776700
2011-03-24,34.3489,35.1546,34.1830,35.1230,4330600
2011-03-25,35.1625,35.4548,34.7044,34.7202,4813300
2011-03-28,34.8150,34.9493,34.6570,34.7360,3600400
2011-03-29,34.8861,34.9414,34.5306,34.8545,4904800
2011-03-30,34.9967,35.3087,34.8703,35.2020,2984800
2011-03-31,35.1941,35.5022,35.0362,35.3047,2221900
2011-04-01,35.3442,35.4469,34.8782,35.0756,2446000
2011-04-04,35.1546,35.1546,34.6412,34.9967,1833900
2011-04-05,34.7439,35.3600,34.7439,34.8940,2717600
2011-04-06,34.5859,35.1467,34.2225,34.9730,2353900
2011-04-07,34.8466,35.2968,34.7360,34.9493,2879700
2011-04-08,34.9888,35.1309,34.5535,34.6491,2031500
2011-04-11,34.6333,34.9730,34.6333,34.9098,2932800
2011-04-12,34.5148,34.7834,34.3015,34.6412,3179000
2011-04-13,34.7597,35.1823,34.6846,34.9019,3507000
2011-04-14,34.5543,34.8150,34.3805,34.7202,3053500
2011-04-15,34.7913,34.8071,34.5543,34.6096,2706600
2011-04-18,34.0645,34.3963,33.8828,34.3252,2471900
2011-04-19,34.4516,34.7360,34.2857,34.6570,1746900
2011-04-20,34.9730,35.0519,34.5622,34.7597,3641300
2011-04-21,34.8861,35.0362,34.6096,34.9177,3265500
2011-04-25,34.9414,35.1546,34.6491,34.8387,2624600
2011-04-26,34.9651,35.1309,33.5747,34.3489,7000000
2011-04-27,34.3884,34.5069,33.9776,34.3015,4934800
2011-04-28,35.4627,37.6352,35.1625,36.8610,8152300
2011-04-29,36.7820,36.8136,35.9051,36.2448,4032400
2011-05-02,36.3238,36.7307,36.0078,36.0157,4873400
2011-05-03,36.0157,36.1658,35.5022,35.6997,3221100
2011-05-04,35.6444,35.8419,35.2099,35.3284,4338900
2011-05-05,35.2415,36.0947,35.2257,35.8024,3687200
2011-05-06,36.0631,36.7583,35.7866,36.3554,3915900
2011-05-09,36.2290,36.8452,36.0947,36.7820,2954300
2011-05-10,36.7188,37.2955,36.6477,37.2955,3170700
2011-05-11,37.0506,37.4377,37.0506,37.2086,3359900
2011-05-12,37.0348,37.5246,36.8926,37.3192,3000000
2011-05-13,37.3666,37.4851,36.7188,36.8531,1689900
2011-05-16,36.7109,37.0822,36.4186,36.5687,2260800
2011-05-17,36.5608,36.8610,36.3001,36.7504,4116200
2011-05-18,36.6951,37.2402,36.6477,37.1928,2698600
2011-05-19,37.2402,37.3350,36.9321,37.2086,1506900
2011-05-20,37.1770,37.2876,36.7741,36.9558,1661400
2011-05-23,36.2448,36.6635,35.9367,36.4581,2490100
2011-05-24,36.7109,37.0348,36.5687,36.6161,3092700
2011-05-25,36.4423,37.0822,36.3633,36.7267,2277500
2011-05-26,36.5687,37.1296,36.5608,37.0348,1652400
2011-05-27,37.1296,37.6194,37.1059,37.5878,2123500
2011-05-31,37.7142,37.8446,37.4219,37.8169,2581000
2011-06-01,37.6194,37.8485,37.0348,37.0348,1871500
2011-06-02,37.0427,37.4377,36.8610,37.3666,1622300
2011-06-03,36.9321,37.0427,36.5450,36.7109,3768100
2011-06-06,36.6793,36.9953,36.5213,36.6951,2675500
2011-06-07,36.7662,37.1296,36.7504,36.8531,2392000
2011-06-08,36.6872,36.7109,36.0236,36.0631,3919800
2011-06-09,36.1579,36.3633,35.9604,35.9920,4927400
2011-06-10,36.0236,36.0552,35.3333,35.7866,3372500
2011-06-13,35.7076,36.1105,35.7076,35.8893,2919300
2011-06-14,36.0631,36.4779,36.0157,36.1816,3975400
2011-06-15,35.9288,36.0947,35.5654,35.6128,2820800
2011-06-16,35.6997,36.0315,35.3759,35.7392,2653700
2011-06-17,36.1974,36.4028,35.8261,35.9288,3728900
2011-06-20,35.8735,36.1184,35.7369,35.9999,2235600
2011-06-21,36.3396,36.7978,36.0671,36.7741,5336700
2011-06-22,36.5687,36.7417,36.3712,36.3870,2276500
2011-06-23,35.9525,36.1658,35.7708,36.0552,3647200
2011-06-24,35.9920,36.1026,35.7234,35.8656,3787000
2011-06-27,35.8340,36.3317,35.6997,36.1500,2347700
2011-06-28,36.2369,36.4976,36.1026,36.2606,2919300
2011-06-29,36.4897,36.4976,36.1658,36.3159,2793000
2011-06-30,36.3238,36.6082,35.9051,36.3712,3554300
2011-07-01,36.4423,36.7425,36.3080,36.7346,5539000
2011-07-05,36.6082,36.6714,35.9920,36.0552,3544100
2011-07-06,36.0947,36.1816,35.6918,35.7787,3271900
2011-07-07,36.0078,36.2211,35.9762,36.1184,4324900
2011-07-08,35.7708,35.9367,35.4548,35.6128,8572400
2011-07-11,35.2731,35.3284,34.8071,34.8703,3760400
2011-07-12,34.4437,34.5385,34.1514,34.3647,5376200
2011-07-13,34.4832,35.1625,34.4358,34.9414,6255300
2011-07-14,34.9256,35.1941,34.6175,34.6965,3341400
2011-07-15,34.9256,34.9256,34.4555,34.7281,3372800
2011-07-18,34.5385,34.6727,34.2106,34.5543,3138100
2011-07-19,34.7281,34.9572,34.5622,34.8387,2816400
2011-07-20,34.9098,34.9651,34.6412,34.7676,2286200
2011-07-21,34.8782,35.1625,34.7518,35.0046,3156700
2011-07-22,34.9730,35.3995,34.8545,35.3679,3858700
2011-07-25,35.2494,36.0868,35.2494,35.8340,5256000
2011-07-26,35.7629,36.2883,35.4706,36.0552,3578900
2011-07-27,35.6918,36.0394,34.9809,35.0125,5674500
2011-07-28,35.1467,37.5167,35.1467,36.6319,6683200
2011-07-29,36.2369,36.3159,35.4311,35.4627,4976600
2011-08-01,35.6602,35.7076,34.5622,34.7123,5029600
2011-08-02,34.4042,34.7913,33.8828,33.8828,5343800
2011-08-03,33.8512,34.2146,33.4325,33.9855,5284100
2011-08-04,33.4167,33.6300,32.5398,32.5951,5641500
2011-08-05,32.9585,33.4562,31.6668,33.2824,7631500
2011-08-08,32.1685,32.5398,31.1336,31.1573,8061800
2011-08-09,31.7419,32.0263,30.3199,31.9710,9125800
2011-08-10,31.4022,31.8604,30.9124,31.0230,7530500
2011-08-11,31.1178,31.8209,31.0309,31.4654,7951900
2011-08-12,31.8841,31.8841,31.1928,31.5997,7508300
2011-08-15,31.8446,32.0895,31.5997,32.0579,6248700
2011-08-16,31.8051,32.1211,31.6629,32.0184,6050700
2011-08-17,32.0421,32.2870,31.7182,32.0974,4208800
2011-08-18,31.0309,31.2995,30.3041,30.5806,5023700
2011-08-19,30.3594,31.1731,30.3436,30.5885,5076000
2011-08-22,31.0467,31.1494,30.5569,30.7307,4145700
2011-08-23,30.8018,31.5997,30.7307,31.5997,3989700
2011-08-24,31.4733,31.9789,31.3232,31.9315,3733200
2011-08-25,31.9947,32.2554,31.5286,31.7340,4048300
2011-08-26,31.5444,32.1369,31.1375,31.9394,3903400
2011-08-29,32.2475,32.5319,32.0816,32.5003,3006800
2011-08-30,32.4371,33.2745,32.3265,33.0691,3670500
2011-08-31,33.3377,33.7011,32.9980,33.2508,2263000
2011-09-01,33.3140,33.7840,32.7768,32.8558,2304300
2011-09-02,32.3423,32.5398,31.7656,31.9157,2432300
2011-09-06,30.9993,31.5839,30.5253,31.5444,4027200
2011-09-07,32.0026,33.0533,32.0026,32.9348,4350500
2011-09-08,32.7452,33.1323,32.4924,32.7531,3071300
2011-09-09,32.4687,32.7610,31.5839,31.8683,4982300
2011-09-12,31.6392,32.2791,31.3469,32.2475,4222800
2011-09-13,32.4190,32.9352,32.3475,32.8479,3766800
2011-09-14,32.8955,34.1821,32.8399,33.9836,5441500
2011-09-15,34.4283,34.8492,34.0506,34.8334,4494600
2011-09-16,34.8413,35.6593,34.6348,35.5878,10124800
2011-09-19,34.9922,35.5720,34.8969,35.3337,4056300
2011-09-20,35.5481,35.7387,35.0954,35.2146,2560800
2011-09-21,35.1749,35.4131,34.2139,34.2377,2922600
2011-09-22,33.1973,33.6024,32.5540,32.9908,3911700
2011-09-23,32.9273,33.4991,32.7764,33.1100,2720800
2011-09-26,33.4356,33.5071,32.4587,33.1973,3403300
2011-09-27,33.8644,34.4164,33.3323,33.8406,3959500
2011-09-28,34.0312,34.3568,33.2053,33.2688,2387200
2011-09-29,33.8327,34.3886,33.0385,33.7056,2866500
2011-09-30,33.2450,33.7533,32.9193,33.2767,3863800
2011-10-03,33.2609,33.7453,32.1728,32.2602,4377100
2011-10-04,32.0616,33.5229,31.4660,33.5071,3700000
2011-10-05,33.1735,34.2536,33.0782,34.1027,3152200
2011-10-06,33.9995,35.1749,33.7135,35.1669,2753300
2011-10-07,35.1193,35.2463,34.3966,34.6586,2484600
2011-10-10,35.0954,35.5164,34.9922,35.3416,2067300
2011-10-11,35.0160,35.5799,35.0001,35.3496,1845400
2011-10-12,35.5878,36.0644,35.3099,35.7070,2608300
2011-10-13,35.4767,35.6117,34.9128,35.3258,1728300
2011-10-14,35.6990,35.7784,35.3587,35.7546,1614000
2011-10-17,35.6831,35.9293,35.2702,35.3575,1550300
2011-10-18,35.2384,36.1279,34.7857,35.9214,1620800
2011-10-19,35.7387,35.8896,35.2225,35.4290,2132500
2011-10-20,35.5084,35.7149,34.9763,35.3893,1579400
2011-10-21,35.6673,36.5329,35.6117,36.5250,2336400
2011-10-24,36.4456,37.1683,36.3106,36.8506,3535300
2011-10-25,36.5329,36.7632,35.8817,35.9532,1842300
2011-10-26,36.4456,36.6203,35.8182,36.3582,2388500
2011-10-27,37.5098,37.5177,36.6600,36.9380,3991500
2011-10-28,36.9697,37.9228,36.9459,37.6527,3377600
2011-10-31,37.0333,37.7719,37.0333,37.2556,2198300
2011-11-01,36.1279,36.2629,35.6196,35.7308,2166000
2011-11-02,36.3344,36.5091,35.9849,36.1676,1924000
2011-11-03,36.7235,37.0333,36.3662,36.9777,2422500
2011-11-04,36.6044,36.7077,36.2788,36.4932,2440600
2011-11-07,36.3741,36.5329,35.7784,36.3582,3778500
2011-11-08,36.4932,36.5170,35.9611,36.3503,2508100
2011-11-09,35.5243,35.7229,35.0638,35.3814,5445700
2011-11-10,36.0008,36.0008,35.5243,35.7626,3647900
2011-11-11,36.2391,36.7553,36.1914,36.7235,2925400
2011-11-14,36.4694,37.1286,36.4615,36.5250,1453900
2011-11-15,36.3503,37.0412,36.2629,36.8109,1574900
2011-11-16,36.4932,36.9459,36.0961,36.2073,1964500
2011-11-17,36.1597,36.6124,35.9691,36.5885,3145100
2011-11-18,36.8109,36.8744,36.1755,36.1914,2333200
2011-11-21,35.7149,36.0286,35.2741,35.5878,2219500
2011-11-22,35.4131,35.5958,34.9644,35.3814,2320200
2011-11-23,35.0557,35.0637,34.5713,34.6428,2100400
2011-11-25,34.5474,34.9922,34.4363,34.7063,1084300
2011-11-28,35.5005,36.0644,35.5005,35.8976,2297200
2011-11-29,35.8896,36.1358,35.5640,35.9373,3024100
2011-11-30,36.9459,37.3192,36.8188,37.0650,3281200
2011-12-01,36.9221,37.1603,36.6203,36.8586,2064700
2011-12-02,37.1603,37.3271,37.0889,37.1683,2394800
2011-12-05,37.5018,37.5018,36.8824,37.1921,2141900
2011-12-06,37.2795,37.3510,37.0650,37.1842,1826200
2011-12-07,37.0253,37.3986,36.7315,37.1445,2781700
2011-12-08,37.0333,37.4463,36.8744,37.1524,3344200
2011-12-09,37.1921,37.4701,36.7156,37.3430,2782400
2011-12-12,36.8586,37.1127,36.5488,37.0730,1792700
2011-12-13,37.1704,37.3938,36.5559,36.7315,2316100
2011-12-14,36.7075,36.8751,36.1330,36.4602,1854200
2011-12-15,36.7155,36.7953,36.3883,36.7155,1768800
2011-12-16,36.9549,37.2582,36.5878,36.8352,2929800
2011-12-19,36.8592,37.2183,36.6676,36.8352,2871200
2011-12-20,37.3060,37.5534,36.7834,37.0746,3107400
2011-12-21,37.0666,37.2342,36.8272,37.0267,2113400
2011-12-22,37.1145,37.4497,36.9230,37.0267,2093800
2011-12-23,37.1943,37.6492,37.0427,37.6013,2698200
2011-12-27,37.6093,37.8327,37.4098,37.7529,816600
2011-12-28,37.8566,37.8566,37.1385,37.2502,1271500
2011-12-29,37.3060,37.4577,37.0347,37.1704,1042600
2011-12-30,37.1624,37.2661,36.9070,36.9390,1147200
2012-01-03,37.4178,37.8327,37.0906,37.2023,1697400
2012-01-04,37.0188,37.1385,36.7315,36.9948,1797600
2012-01-05,36.9789,37.3300,36.8193,37.2422,1598200
2012-01-06,37.1544,37.4425,37.0906,37.1464,1188100
2012-01-09,37.0427,37.1464,36.7474,36.8512,1960300
2012-01-10,37.1704,37.3260,36.8671,36.9390,2117700
2012-01-11,36.6916,37.0986,36.6836,36.7873,2220100
2012-01-12,36.9310,37.1544,36.8193,36.8432,1778900
2012-01-13,36.6517,37.1624,36.5400,37.0906,1581800
2012-01-17,37.2342,37.6970,37.2342,37.4577,1047500
2012-01-18,37.4577,37.9045,37.4178,37.8487,1817100
2012-01-19,37.8726,38.3434,37.8088,38.3354,1828200
2012-01-20,38.2876,38.2876,37.8487,37.9763,1811300
2012-01-23,37.9604,38.2955,37.7693,37.8886,1151700
2012-01-24,37.8726,38.1918,37.4656,38.1918,1752900
2012-01-25,38.1918,38.1918,35.5265,35.8617,5530200
2012-01-26,35.8138,36.2048,35.2552,36.1729,3874000
2012-01-27,35.9415,36.6676,35.8393,36.5479,2474500
2012-01-30,36.6437,37.0666,36.4203,36.6756,2617100
2012-01-31,36.8512,37.1225,36.6357,37.0347,2365300
2012-02-01,36.9150,37.5135,36.8751,37.1065,2505800
2012-02-02,37.0267,37.1145,36.4522,36.5479,2163000
2012-02-03,36.7315,37.7130,36.7315,37.6093,2401400
2012-02-06,37.3459,37.4577,36.4681,37.2661,2138800
2012-02-07,37.1624,37.6811,37.1544,37.6572,1724100
2012-02-08,37.6013,37.6651,37.3619,37.5933,4113600
2012-02-09,37.7290,38.2796,37.4417,38.2078,2781800
2012-02-10,37.8167,37.9603,37.5055,37.8247,1977400
2012-02-13,37.9923,38.3514,37.8726,38.3035,1472900
2012-02-14,38.2636,38.4791,37.7210,38.0641,1682400
2012-02-15,38.1359,38.8462,38.0482,38.4711,2567000
2012-02-16,38.4791,39.3489,38.1280,39.2053,2879300
2012-02-17,39.3808,40.7454,39.3728,40.4022,4516000
2012-02-21,40.3224,40.4421,39.6840,39.8117,3186400
2012-02-22,39.8277,40.0990,39.7080,39.7559,2248700
2012-02-23,39.6282,39.7080,39.4047,39.5244,3081200
2012-02-24,39.5963,39.7000,39.3170,39.4446,2032500
2012-02-27,38.9579,40.1628,38.9499,40.0192,2577300
2012-02-28,40.0032,40.0990,39.8596,39.9873,1648100
2012-02-29,39.9554,40.0671,39.5404,39.7399,4231200
2012-03-01,39.7638,40.0990,39.5643,39.8915,1461800
2012-03-02,40.3384,40.6975,40.2426,40.5698,1826900
2012-03-05,40.4102,40.4820,39.9873,40.4342,2317100
2012-03-06,40.1309,41.3998,40.1309,41.0805,3375800
2012-03-07,41.0326,41.2800,40.8651,41.1922,2332700
2012-03-08,41.3917,42.1179,41.2002,41.3040,3563700
2012-03-09,41.5673,41.5673,40.3544,40.4900,3954400
2012-03-12,40.1309,40.5858,40.0032,40.0431,3850500
2012-03-13,40.2657,40.9630,40.1615,40.4661,4077000
2012-03-14,40.4741,40.6103,40.3138,40.4741,2625100
2012-03-15,40.4340,40.5462,40.3298,40.4901,2035200
2012-03-16,40.6985,40.7466,40.3939,40.4981,2948100
2012-03-19,40.2898,40.6664,40.2818,40.4100,2251700
2012-03-20,40.2256,40.4581,40.1134,40.3539,1166700
2012-03-21,40.3218,40.5542,40.1455,40.2737,2401300
2012-03-22,40.0573,40.3579,40.0493,40.3298,2000700
2012-03-23,40.2898,40.6745,40.0573,40.6103,1943500
2012-03-26,40.6745,41.3477,40.5943,40.7786,2704600
2012-03-27,40.8267,41.3958,40.8267,41.0752,1614300
2012-03-28,40.9630,41.0191,40.3459,40.4340,2211400
2012-03-29,40.2898,40.6264,40.0253,40.5943,1434500
2012-03-30,40.7867,40.8508,40.3139,40.7386,2162200
2012-04-02,40.6664,40.8828,40.2256,40.7306,1606700
2012-04-03,40.7145,41.0511,40.3619,40.7065,1959700
2012-04-04,40.4420,40.5302,40.0333,40.2096,1438800
2012-04-05,40.0333,40.1936,39.9131,40.0734,1554600
2012-04-09,39.6005,39.6005,39.1316,39.3039,1758800
2012-04-10,39.1677,39.2799,38.7750,38.7910,2298000
2012-04-11,38.9753,39.1437,38.7830,38.9433,2029900
2012-04-12,39.0475,39.3280,38.7830,39.2959,1485100
2012-04-13,39.2959,39.3681,38.7910,38.7910,1331300
2012-04-16,38.8551,38.9513,38.4384,38.6227,1857600
2012-04-17,38.9032,39.8570,38.9032,39.6967,2313500
2012-04-18,39.4723,39.6646,39.1276,39.3601,2156600
2012-04-19,39.3200,39.7367,38.9673,39.1998,1755200
2012-04-20,39.2719,39.6005,38.9993,39.2799,1286000
2012-04-23,38.9834,39.1517,38.8391,38.9433,1684800
2012-04-24,39.0234,39.2158,38.7429,38.9994,2106300
2012-04-25,39.5284,41.5561,39.5284,41.1313,6265600
2012-04-26,41.0752,41.1072,40.6905,40.8909,4175400
2012-04-27,40.9950,41.0992,40.5623,40.6745,2370900
2012-04-30,40.5623,40.8989,40.4901,40.8989,4708800
2012-05-01,40.9870,41.7244,40.9069,41.2435,1774600
2012-05-02,41.0351,41.3517,40.8748,41.1393,1900100
2012-05-03,41.0672,41.1072,40.6985,40.7145,1609000
2012-05-04,40.5382,40.6825,40.2898,40.5623,1627600
2012-05-07,40.3138,40.8668,40.2577,40.7786,1676900
2012-05-08,40.2978,40.9149,39.9211,40.8107,1991400
2012-05-09,40.1295,40.4340,39.7768,39.8409,2946500
2012-05-10,39.9531,40.0373,39.6566,39.7047,2690700
2012-05-11,39.6406,40.1615,39.6325,39.9371,2658500
2012-05-14,39.6887,39.7367,39.1356,39.1517,3179500
2012-05-15,39.0635,39.6446,38.6948,39.3520,1631000
2012-05-16,39.4322,39.6165,39.0795,39.0795,1693200
2012-05-17,39.1677,39.1677,38.3662,38.3662,2185700
2012-05-18,38.4303,38.5746,37.5648,37.6449,2928700
2012-05-21,37.6690,38.5185,37.6289,38.4143,1891800
2012-05-22,38.4464,38.6307,38.1418,38.3742,2240200
2012-05-23,38.0777,38.7269,37.7411,38.6628,1900000
2012-05-24,38.6548,38.6708,37.9815,38.2460,3463400
2012-05-25,38.3342,38.5666,38.2600,38.4865,1343700
2012-05-29,38.6067,39.1597,38.4865,39.1356,1790800
2012-05-30,38.7028,38.8070,38.1498,38.3181,2043300
2012-05-31,38.2220,38.8311,37.9415,38.5345,3229600
2012-06-01,37.8613,38.0296,37.6209,37.6369,2152700
2012-06-04,37.6129,37.8613,37.2522,37.5407,1682400
2012-06-05,37.5247,38.5666,37.3644,38.4544,1912300
2012-06-06,38.5987,39.4242,38.5987,39.4242,1785400
2012-06-07,39.6245,39.7448,38.6147,38.6548,1962500
2012-06-08,38.5586,39.0475,38.5426,38.9513,2263400
2012-06-11,39.1757,39.2719,37.9655,38.0136,2675200
2012-06-12,38.3582,38.6067,37.8974,38.4945,2593600
2012-06-13,38.3108,38.6812,37.8840,38.1659,2288900
2012-06-14,38.1498,38.3350,37.6425,38.1256,2498100
2012-06-15,38.3269,39.3600,38.1981,39.2126,3226500
2012-06-18,38.9549,39.6152,38.9227,39.4783,2248300
2012-06-19,39.6555,39.8487,38.9308,39.0033,2019100
2012-06-20,39.0033,39.3414,38.4235,38.6409,2978700
2012-06-21,38.7939,38.8020,38.1659,38.2383,2777600
2012-06-22,38.2625,38.7456,38.0934,38.5524,5132600
2012-06-25,38.4155,38.4155,37.4976,37.6264,2352200
2012-06-26,37.6908,38.2263,37.5700,38.0531,1409600
2012-06-27,38.0612,38.4718,37.9726,38.1256,1000400
2012-06-28,37.8599,37.9243,37.3446,37.7874,2324500
2012-06-29,38.2866,38.7375,38.1659,38.7375,1834200
2012-07-02,38.5604,38.8422,38.0039,38.1256,2090700
2012-07-03,38.2222,38.9630,38.0692,38.9227,1107200
2012-07-05,38.7698,38.9630,38.5926,38.6651,1395100
2012-07-06,38.3027,38.4711,37.5539,37.8196,1504700
2012-07-09,37.8035,37.9485,37.4976,37.6103,2217700
2012-07-10,37.5298,37.9847,36.8373,36.9903,2626700
2012-07-11,36.9178,36.9983,36.2415,36.6038,2613700
2012-07-12,36.3059,36.6038,35.8228,36.3783,1476900
2012-07-13,36.3703,37.0306,36.2978,36.9983,1041700
2012-07-16,36.8373,36.8534,36.2334,36.3703,1427700
2012-07-17,36.5796,36.7870,36.0563,36.7648,1785900
2012-07-18,36.5635,37.6183,36.5394,37.5700,1895900
2012-07-19,37.6908,38.4799,37.6505,38.2544,2351700
2012-07-20,38.0451,38.0773,37.3204,37.4412,2977200
2012-07-23,36.8051,37.0064,36.3703,36.9500,1567600
2012-07-24,37.1352,37.6425,36.2173,36.4669,2429700
2012-07-25,36.6360,39.0596,36.6360,38.4960,4096400
2012-07-26,38.8100,38.8100,37.5137,38.2303,3859400
2012-07-27,38.2464,38.6007,38.0934,38.4557,2850200
2012-07-30,38.3350,38.6409,38.0129,38.4235,1663500
2012-07-31,38.4557,39.1321,38.3511,38.9227,2473700
2012-08-01,39.0435,39.1079,38.4799,38.6007,1357200
2012-08-02,38.2786,38.5524,38.0370,38.4960,1351100
2012-08-03,38.4155,38.5685,36.7246,37.8921,4480200
2012-08-06,37.9002,38.3108,37.8438,38.0612,1600300
2012-08-07,38.3269,38.9872,38.3269,38.8583,1497000
2012-08-08,38.6329,38.9630,38.5524,38.6651,1358100
2012-08-09,38.5604,38.8261,38.3188,38.4316,1816800
2012-08-10,38.3591,38.7617,38.2464,38.7295,1658200
2012-08-13,38.6570,38.7053,37.9807,38.1337,3998900
2012-08-14,38.2303,38.5846,37.8840,38.3511,2256400
2012-08-15,38.3913,38.5524,37.8760,38.2464,1512800
2012-08-16,38.2705,38.8744,38.2705,38.7859,1734900
2012-08-17,38.6892,38.8181,38.4718,38.5282,2366700
2012-08-20,38.3913,38.7134,38.2625,38.6087,2076200
2012-08-21,38.6087,38.8905,38.5201,38.6087,3082500
2012-08-22,38.5765,38.6087,38.3470,38.4557,1618400
2012-08-23,38.3511,38.3833,38.1256,38.3108,1416100
2012-08-24,38.1498,38.4155,37.8196,38.3511,1666900
2012-08-27,38.3833,38.6812,37.8357,38.4155,1068500
2012-08-28,38.2544,38.6409,37.8438,38.3188,1087000
2012-08-29,38.4235,38.8020,38.2947,38.7537,1041500
2012-08-30,38.5121,38.5827,37.9766,38.2947,1563600
2012-08-31,38.4879,38.5926,37.9404,38.3752,1540800
2012-09-04,38.3108,38.5282,37.9324,38.3430,1216500
2012-09-05,38.3752,38.6651,38.0451,38.4074,1176600
2012-09-06,38.5524,39.5508,38.5524,39.5508,1846800
2012-09-07,39.5266,39.7762,39.3736,39.6957,1800400
2012-09-10,39.6716,39.6957,39.3253,39.3253,943200
2012-09-11,39.4542,39.6957,39.1885,39.6071,1591700
2012-09-12,39.7509,39.9775,39.6133,39.9775,1794500
2012-09-13,39.7752,40.7141,39.7752,40.5684,2169700
2012-09-14,40.4713,40.9084,40.3013,40.9084,2175600
2012-09-17,40.7546,40.7789,40.3822,40.6089,1106700
2012-09-18,40.4794,40.7060,40.2204,40.3175,1555000
2012-09-19,40.2770,40.8760,40.2123,40.7465,1437100
2012-09-20,40.6332,40.6332,40.0787,40.3175,1171200
2012-09-21,40.7222,42.0254,40.7222,41.9202,3219000
2012-09-24,41.5559,41.6607,41.1026,41.3697,1545600
2012-09-25,41.5397,41.6450,41.1431,41.1431,2398200
2012-09-26,41.1917,41.2402,40.5360,40.6089,1915300
2012-09-27,40.7222,41.1350,40.5765,41.0784,1373400
2012-09-28,40.9488,41.1755,40.5927,40.9165,1454700
2012-10-01,41.1593,41.2281,40.7303,40.9731,1104600
2012-10-02,41.0460,41.1269,40.5603,40.7060,1436700
2012-10-03,40.7141,41.2321,40.4389,41.1998,2681300
2012-10-04,41.2402,41.3940,40.9650,41.3455,2313300
2012-10-05,41.4426,41.8149,41.2807,41.5397,1625000
2012-10-08,41.4102,41.4750,41.0257,41.1188,771400
2012-10-09,41.0703,41.1107,40.6008,40.6251,1214400
2012-10-10,40.7060,40.7060,40.1313,40.4308,1274200
2012-10-11,40.6898,41.2402,40.5360,40.5360,748600
2012-10-12,40.6575,40.8760,40.4470,40.5441,852300
2012-10-15,40.5522,40.7708,40.4227,40.7546,991000
2012-10-16,40.8760,41.2807,40.7789,41.2564,1206100
2012-10-17,41.2807,41.5235,41.0703,41.3697,806500
2012-10-18,41.3697,41.3697,40.9909,41.0864,767200
2012-10-19,41.1269,41.2402,40.5118,40.6575,1656800
2012-10-22,40.4632,40.8436,40.2689,40.8112,1612100
2012-10-23,40.4308,40.5279,40.0585,40.2851,2185300
2012-10-24,40.8760,41.9687,40.7465,41.7502,2675600
2012-10-25,41.4831,41.7421,40.3175,40.4713,2578600
2012-10-26,40.4146,41.8554,40.3903,41.7826,1972300
2012-10-31,41.6854,41.9525,40.8112,41.8311,2452900
2012-11-01,41.9121,43.6523,41.2807,43.1586,3788700
2012-11-02,43.4257,43.4257,42.6648,42.8186,2759000
2012-11-05,42.6729,43.3286,42.6163,43.1667,1523000
2012-11-06,43.0614,43.7009,43.0614,43.6200,2013700
2012-11-07,43.2638,43.5511,42.7539,43.4257,2374700
2012-11-08,43.3852,43.6766,42.9886,42.9886,2644100
2012-11-09,43.1100,43.4904,42.9481,42.9886,2969800
2012-11-12,42.9886,43.3771,42.7053,43.2314,1153000
2012-11-13,42.9238,43.5066,42.8915,43.1100,1101100
2012-11-14,43.1505,43.2962,42.6648,42.7377,1439800
2012-11-15,42.8186,43.1829,42.6567,42.7701,1998600
2012-11-16,42.6810,42.9400,42.2439,42.8105,1900500
2012-11-19,43.1586,43.4662,43.0938,43.2233,1355200
2012-11-20,43.0938,43.5957,42.9319,43.5957,2157300
2012-11-21,43.5309,43.8304,43.4095,43.6038,1018000
2012-11-23,43.7656,44.3484,43.6119,44.3242,659400
2012-11-26,43.7980,44.2351,43.7333,44.1946,1477200
2012-11-27,43.9923,44.3322,43.7252,43.7333,1760700
2012-11-28,43.5471,44.1461,43.4014,44.0570,1480800
2012-11-29,44.2108,44.3242,43.9356,44.0570,1462500
2012-11-30,44.1299,44.4051,43.9559,44.0732,3316100
2012-12-03,44.2189,44.3080,43.8709,43.8790,1518500
2012-12-04,43.9275,44.2594,43.8223,43.8871,1905500
2012-12-05,43.8871,44.8988,43.7818,44.6641,2698300
2012-12-06,44.4860,44.6236,44.2351,44.3080,2434300
2012-12-07,44.3889,44.4456,44.0085,44.1946,1248300
2012-12-10,44.0489,44.3242,44.0489,44.2351,1696700
2012-12-11,44.4860,44.6560,44.0166,44.3161,1860500
2012-12-12,44.5518,44.8446,44.2834,44.3403,1132400
2012-12-13,44.2590,44.5518,44.0232,44.1208,937900
2012-12-14,43.9174,44.2021,43.7344,43.9581,1049400
2012-12-17,43.9662,44.4713,43.8361,44.1452,1927500
2012-12-18,44.1533,44.6901,44.1289,44.6250,1089000
2012-12-19,44.5518,44.5843,44.1695,44.1858,1111200
2012-12-20,44.1939,44.6819,44.0394,44.6250,1146400
2012-12-21,44.4705,44.4949,43.9337,44.3891,2525400
2012-12-24,43.9825,44.5518,43.9825,44.5518,604900
2012-12-26,44.5030,44.6250,43.9256,44.1939,777000
2012-12-27,44.0964,44.7307,44.0322,44.6331,1478800
2012-12-28,44.2265,44.4623,43.9662,43.9825,1207300
2012-12-31,43.8605,45.3569,43.7954,45.2838,2133800
2013-01-02,45.6579,46.0726,45.2431,45.7067,2246200
2013-01-03,45.7392,46.2312,45.4057,45.5521,1206600
2013-01-04,45.5521,45.9466,45.5033,45.7717,1140000
2013-01-07,45.5684,46.1214,45.4627,46.0157,1981600
2013-01-08,45.9425,45.9502,45.2756,45.4952,1167800
2013-01-09,45.5928,45.7636,45.5277,45.7473,691600
2013-01-10,45.9100,46.2028,45.7473,46.1784,1260500
2013-01-11,46.3736,46.8697,46.1540,46.7639,1307100
2013-01-14,46.6663,46.9673,46.6501,46.9022,1198400
2013-01-15,46.7151,46.9429,46.4467,46.7883,985000
2013-01-16,46.6419,47.1868,46.4386,47.1299,2037300
2013-01-17,47.2600,47.3007,46.9266,47.2031,1295000
2013-01-18,47.3983,48.1872,47.3983,47.9920,3151200
2013-01-22,47.9025,47.9839,47.0160,47.4064,2416000
2013-01-23,47.2600,47.7805,45.5196,47.6097,6798900
2013-01-24,47.5122,48.3742,47.5122,47.8212,2434500
2013-01-25,47.8293,47.9025,47.4715,47.6585,1714900
2013-01-28,47.7480,48.1790,47.7317,47.9920,1181900
2013-01-29,48.0083,48.0083,47.4878,47.9351,994300
2013-01-30,47.9269,48.0571,47.6829,47.7317,995000
2013-01-31,47.6748,47.9351,47.4634,47.4878,1633300
2013-02-01,47.9025,48.1465,47.5772,47.8781,1324200
2013-02-04,47.5772,48.0977,47.5772,47.7317,1808600
2013-02-05,47.9839,48.8947,47.9839,48.7321,2260900
2013-02-06,47.9595,48.5247,47.7317,48.3010,1454500
2013-02-07,48.2929,48.8907,48.2116,48.8134,1419000
2013-02-08,48.9598,49.1875,48.1384,49.0411,1227000
2013-02-11,49.0899,49.6389,48.9679,49.5291,1080400
2013-02-12,49.4396,49.6592,49.1794,49.4722,941300
2013-02-13,49.6104,49.9357,49.4396,49.4559,1489400
2013-02-14,49.2201,49.8382,48.9598,49.7080,1765500
2013-02-15,49.8707,50.2855,49.7324,49.9601,1851700
2013-02-19,49.8951,50.4644,49.8280,50.4481,1519700
2013-02-20,50.4075,50.4156,49.8138,49.8219,1423600
2013-02-21,49.7894,49.7894,49.2201,49.5128,1384100
2013-02-22,49.7487,50.3790,49.6348,50.3424,1297300
2013-02-25,50.4237,50.4888,49.0167,49.0249,1851700
2013-02-26,49.1225,49.4762,48.8947,49.3095,2619500
2013-02-27,49.4722,50.6677,49.3095,50.4969,1901600
2013-02-28,50.3831,50.8385,50.3099,50.5945,1890600
2013-03-01,50.3749,50.6514,50.0252,50.4481,1247500
2013-03-04,50.2285,50.8304,50.1228,50.8304,1325200
2013-03-05,50.9849,51.3509,50.8304,51.2126,1773400
2013-03-06,51.4403,51.7087,51.2573,51.3265,1863900
2013-03-07,51.4810,51.5948,50.9198,50.9442,1397100
2013-03-08,51.1313,51.4973,50.8507,51.0337,2082000
2013-03-11,50.9198,51.1069,50.8466,50.8792,1715300
2013-03-12,50.8385,50.9280,49.9927,50.5294,2105900
2013-03-13,50.6344,50.8794,50.3649,50.8141,1264000
2013-03-14,51.0346,51.0999,50.6508,50.9121,1499800
2013-03-15,50.8059,51.0428,50.6589,50.6916,2211800
2013-03-18,50.1771,50.7161,50.0301,50.3404,768700
2013-03-19,50.4384,50.6148,50.0137,50.3649,879600
2013-03-20,50.5936,51.0591,50.5609,50.9611,1399600
2013-03-21,50.7406,51.1530,50.6181,50.9856,1173100
2013-03-22,51.0346,52.0881,51.0183,51.9493,1752300
2013-03-25,52.0310,52.0432,51.3449,51.6879,1186700
2013-03-26,51.9248,52.0636,51.7288,51.8268,916200
2013-03-27,51.5981,52.0800,51.4593,51.9085,900500
2013-03-28,51.8268,52.3495,51.7043,52.2923,1352000
2013-04-01,52.2433,52.4556,51.9085,52.0228,748000
2013-04-02,52.2678,52.4311,51.8390,52.0228,650400
2013-04-03,51.9248,51.9656,51.1408,51.2878,1611300
2013-04-04,51.1898,51.6063,51.0918,51.4429,1246200
2013-04-05,50.9284,51.3123,50.6916,51.1816,1056800
2013-04-08,51.1163,51.6144,50.9121,51.5899,1155200
2013-04-09,51.6961,52.2106,51.5164,51.9738,991000
2013-04-10,52.0473,52.8558,51.8113,52.8313,1012400
2013-04-11,52.7251,52.8558,52.3904,52.7823,1109400
2013-04-12,52.4475,52.7415,51.7043,52.1616,1181600
2013-04-15,51.7614,51.8104,50.4874,50.4956,1611600
2013-04-16,50.8876,51.5409,50.6508,51.4184,1218200
2013-04-17,51.1816,51.2571,50.6099,50.7406,1361100
2013-04-18,50.9529,50.9578,49.8668,49.9402,1727900
2013-04-19,50.2669,50.8386,49.8341,50.4058,1486100
2013-04-22,50.5038,50.6875,50.0709,50.4548,839700
2013-04-23,50.5364,50.6344,49.6083,50.4303,2326400
2013-04-24,44.7053,46.6327,43.5129,45.7507,8367400
2013-04-25,45.7833,46.3550,45.1871,46.0528,3657400
2013-04-26,45.9875,46.7062,45.9875,46.3877,3534600
2013-04-29,46.5592,47.1962,46.4293,46.9103,2360100
2013-04-30,46.8777,46.8858,46.1835,46.7143,2716800
2013-05-01,46.5510,46.9430,46.0283,46.0365,2176100
2013-05-02,46.0773,46.5673,45.9385,46.4612,1842300
2013-05-03,46.7388,47.1227,46.6817,46.7878,1766000
2013-05-06,46.5755,47.0410,46.4775,46.5102,1940300
2013-05-07,46.4693,46.6000,46.2243,46.3795,2605400
2013-05-08,46.3958,46.8450,46.0855,46.5510,2639500
2013-05-09,46.3877,46.6163,45.8446,46.3713,2676700
2013-05-10,46.0937,46.3713,45.8078,46.1263,2332000
2013-05-13,45.9222,46.1672,45.7915,45.8732,2247400
2013-05-14,45.7425,46.5020,45.7425,46.4612,2239000
2013-05-15,46.2897,46.7388,46.2488,46.6327,2239900
2013-05-16,46.6327,47.2697,46.4612,46.9838,3030500
2013-05-17,46.9675,47.3024,46.8287,47.2370,2294000
2013-05-20,47.0573,48.0455,47.0573,47.5719,3507500
2013-05-21,47.9230,48.2415,47.0900,47.1798,2686500
2013-05-22,47.1308,47.5392,46.7062,46.7960,2517200
2013-05-23,46.5918,47.2452,46.5510,46.9430,3855300
2013-05-24,46.7960,47.3922,46.4367,47.2125,3077400
2013-05-28,47.4167,48.2062,47.4004,47.8005,2529300
2013-05-29,47.6045,47.7964,47.3677,47.6290,1739000
2013-05-30,47.7434,48.1272,47.5800,47.8087,1414000
2013-05-31,47.6209,48.2170,47.3269,47.3350,2196900
2013-06-03,47.4657,47.8414,46.9022,47.2289,2204900
2013-06-04,47.1227,47.4085,46.8613,46.8858,2068800
2013-06-05,46.6980,46.8042,45.9385,45.9548,2017400
2013-06-06,45.9712,46.4857,45.8568,46.4857,2383600
2013-06-07,46.6490,46.8940,46.3427,46.5020,1581700
2013-06-10,46.5510,46.6327,46.0079,46.2325,2161200
2013-06-11,45.9630,46.6163,45.7098,46.0447,1547800
2013-06-12,46.4297,46.5019,45.9703,46.1590,1499900
2013-06-13,46.1508,47.0041,45.9785,46.9220,1659600
2013-06-14,46.8564,47.2029,46.7005,46.7087,1518500
2013-06-17,46.9056,47.1764,46.8318,47.0369,1618200
2013-06-18,47.1271,47.2789,46.9056,47.0533,1119000
2013-06-19,47.0369,47.1107,46.5610,46.5856,2196700
2013-06-20,46.3805,46.6349,45.4206,45.5354,2725500
2013-06-21,45.9211,45.9703,45.2647,45.7980,4309300
2013-06-24,45.3960,45.7816,44.8299,45.6093,2335500
2013-06-25,45.9293,46.2903,45.5765,46.2328,2740900
2013-06-26,46.4872,47.3240,46.3887,47.1682,2791700
2013-06-27,47.3240,47.7507,47.1107,47.4553,1510500
2013-06-28,47.3569,47.8573,47.1435,47.3651,4738700
2013-07-01,47.4307,47.9353,47.4307,47.5702,1227500
2013-07-02,47.3815,47.4840,46.9425,47.1682,1890000
2013-07-03,46.8646,47.2871,46.7825,46.9795,894900
2013-07-05,47.2420,47.5579,47.0369,47.5292,1097400
2013-07-08,47.6194,48.0707,47.4635,47.4717,1180100
2013-07-09,47.6522,47.9640,47.3487,47.6112,1134800
2013-07-10,47.6112,48.0214,47.5333,47.9394,2120700
2013-07-11,48.3332,48.7598,48.2840,48.4481,1836100
2013-07-12,48.4481,49.0224,48.2922,48.8501,1353300
2013-07-15,48.8091,48.9116,48.5137,48.5465,1353600
2013-07-16,48.4891,48.8829,48.4317,48.6696,1448700
2013-07-17,48.6778,48.8911,48.4891,48.7516,894100
2013-07-18,48.7106,48.8173,48.4071,48.7024,1222700
2013-07-19,48.7845,49.2890,48.6040,49.1044,2248800
2013-07-22,49.0060,49.1865,48.7475,49.1208,2566900
2013-07-23,49.0224,49.7936,49.0224,49.2111,2138100
2013-07-24,46.2821,46.6677,44.2063,45.9785,7396700
2013-07-25,45.9047,45.9293,44.4606,44.5099,5029600
2013-07-26,44.2391,44.5837,43.9930,44.5181,3245000
2013-07-29,44.3212,44.6822,44.0914,44.3130,2143500
2013-07-30,44.4935,44.8216,44.2227,44.5919,2568400
2013-07-31,44.7642,45.3385,44.4114,44.9857,2434000
2013-08-01,45.1826,45.4534,45.0596,45.3878,1417200
2013-08-02,45.3878,46.0523,45.2483,45.9621,1742500
2013-08-05,45.7816,46.0441,45.6503,46.0277,1190600
2013-08-06,45.8800,46.3723,45.8144,46.2739,1656500
2013-08-07,46.1016,46.3723,45.9875,46.3395,1679100
2013-08-08,46.4379,46.8974,46.1590,46.8728,1721100
2013-08-09,46.6349,47.2092,46.6349,47.0615,1534500
2013-08-12,46.8072,47.2256,46.6020,47.1271,1898100
2013-08-13,47.0861,47.5374,47.0287,47.4553,1406500
2013-08-14,47.3240,47.5538,47.2748,47.3487,1392900
2013-08-15,46.8482,46.8482,46.3723,46.7333,3299600
2013-08-16,47.0205,47.1435,46.6841,46.8892,2011800
2013-08-19,46.7415,47.1928,46.7169,46.8400,1518600
2013-08-20,46.7333,46.8810,46.6431,46.8072,1913300
2013-08-21,46.6513,46.7661,45.7693,45.9949,3258900
2013-08-22,45.9867,46.3190,45.8964,46.2164,1435500
2013-08-23,46.3477,46.6349,46.2000,46.5528,1100300
2013-08-26,46.4297,46.8154,46.3805,46.3969,1001500
2013-08-27,45.9703,46.2328,45.6995,46.0441,1720600
2013-08-28,46.0441,46.4379,46.0441,46.2657,1308900
2013-08-29,46.1590,46.2984,45.9211,46.1016,1372400
2013-08-30,46.0769,46.1180,45.8226,45.9539,1408800
2013-09-03,46.2574,46.7661,45.9785,46.1754,1749400
2013-09-04,46.1262,46.2574,45.9129,46.0113,2384900
2013-09-05,45.8882,46.4297,45.8882,46.0852,1457900
2013-09-06,46.0852,46.6102,45.7816,46.3313,1894600
2013-09-09,46.4626,47.5866,46.4626,47.2502,2370800
2013-09-10,47.3897,47.5866,46.8810,47.0697,1794000
2013-09-11,47.0111,47.2833,46.7224,47.2256,1096500
2013-09-12,47.3081,47.8443,47.2586,47.4318,2043800
2013-09-13,47.3823,47.4566,47.1431,47.3988,1042300
2013-09-16,47.8938,47.9763,47.6545,47.6875,2050300
2013-09-17,47.6463,48.0835,47.6463,48.0752,1547200
2013-09-18,48.0505,48.9826,47.9268,48.8836,2663700
2013-09-19,48.8506,49.4322,48.8341,49.2383,2588000
2013-09-20,49.4363,50.1251,49.3951,49.8158,8420000
2013-09-23,49.6261,49.8158,49.5353,49.7993,1655200
2013-09-24,49.6838,49.6838,49.4281,49.4858,2714000
2013-09-25,49.3291,49.5931,49.1047,49.3703,1617800
2013-09-26,49.3868,49.5766,49.2548,49.3868,990700
2013-09-27,49.2796,49.4281,49.1229,49.2878,838700
2013-09-30,48.9084,49.1724,48.7929,48.9826,1420600
2013-10-01,49.0156,50.2282,48.8671,50.2282,2788000
2013-10-02,49.9230,50.0839,49.6178,50.0715,2405500
2013-10-03,49.8900,50.1457,49.7745,49.9560,1954300
2013-10-04,49.7993,50.5169,49.6261,50.4345,1978700
2013-10-07,50.0385,50.7892,49.9313,50.2282,1531300
2013-10-08,50.2117,50.2447,49.1394,49.1806,1569900
2013-10-09,49.3456,49.4033,48.6114,48.9909,1362400
2013-10-10,49.4528,49.9973,49.3703,49.9973,1133300
2013-10-11,49.8075,50.1870,49.7498,49.9230,1046200
2013-10-14,49.7085,50.4262,49.4528,50.3437,1405400
2013-10-15,50.0797,50.3190,49.8735,49.8983,1677900
2013-10-16,50.0962,50.3190,49.8488,50.0797,2014900
2013-10-17,49.8240,50.2901,49.7003,50.2530,1988900
2013-10-18,50.3107,50.3932,50.0266,50.1622,2562300
2013-10-21,50.2200,50.4839,50.1705,50.4675,1885700
2013-10-22,50.3190,50.4757,49.6673,49.8488,3228100
2013-10-23,50.8799,54.7652,50.0550,51.4738,8847300
2013-10-24,51.3913,51.8038,51.2099,51.5646,1802000
2013-10-25,51.6801,52.0183,51.4903,51.9605,1523800
2013-10-28,51.9688,52.0595,51.4161,51.5068,1261600
2013-10-29,51.7955,52.0141,51.5728,51.7460,930000
2013-10-30,51.7131,51.7955,51.1026,51.3501,1121200
2013-10-31,51.3996,51.9523,51.2119,51.5728,1167700
2013-11-01,51.7048,51.8450,51.1356,51.4656,1199100
2013-11-04,51.4738,51.8698,51.4738,51.7296,1125300
2013-11-05,51.6223,51.9688,51.5728,51.7048,807400
2013-11-06,51.8780,52.1337,51.6471,51.6801,1144500
2013-11-07,51.8450,52.3152,51.5068,51.5481,1602100
2013-11-08,51.6388,52.1090,51.6388,52.0678,1172000
2013-11-11,51.9688,52.5380,51.9193,52.3895,1031900
2013-11-12,52.3895,52.9999,52.3152,52.9916,1192000
2013-11-13,52.7937,53.1896,52.6287,53.1649,1213200
2013-11-14,53.1319,53.5897,53.0164,53.2721,1086500
2013-11-15,53.4618,54.2702,53.3959,54.0888,1500800
2013-11-18,54.0228,54.2702,53.7753,53.9650,1208600
2013-11-19,53.8660,54.0310,53.2474,53.2969,1120000
2013-11-20,53.4453,53.6763,53.2144,53.2721,1300300
2013-11-21,53.4948,53.9980,53.3629,53.9568,1468500
2013-11-22,53.9403,54.4022,53.7506,54.3445,743900
2013-11-25,54.3032,54.5590,54.1135,54.2702,721200
2013-11-26,54.3197,54.4352,53.8001,54.0888,1914700
2013-11-27,54.1548,54.4105,53.8990,54.0310,1204600
2013-11-29,54.1053,54.6827,53.8908,54.3445,764600
2013-12-02,54.2372,54.5507,53.9733,54.1630,928600
2013-12-03,53.9320,54.3115,53.6186,54.2702,927600
2013-12-04,53.9238,54.1960,53.3134,53.5608,1357400
2013-12-05,53.4123,54.0888,53.3711,53.8083,1084800
2013-12-06,54.1053,54.7157,53.9568,54.5920,1131900
2013-12-09,54.4600,54.6538,54.1548,54.2702,923100
2013-12-10,54.0393,54.5177,53.7258,53.9568,1431100
2013-12-11,53.7350,54.2240,53.5029,53.5443,1150900
2013-12-12,53.3786,53.9588,53.2211,53.7598,1334700
2013-12-13,53.7515,54.0665,53.5526,53.9173,1233600
2013-12-16,53.9173,54.2903,53.7433,54.1743,1154900
2013-12-17,53.9505,54.5307,53.7433,54.3069,1175100
2013-12-18,54.2406,54.8456,53.8676,54.8374,1015300
2013-12-19,54.7545,54.9948,54.5555,54.5804,2152300
2013-12-20,54.4146,54.7710,54.3649,54.3815,3196500
2013-12-23,54.7047,55.4341,54.4229,55.3512,1744500
2013-12-24,55.1440,55.7657,55.1192,55.6165,538500
2013-12-26,55.6082,55.9397,55.4839,55.6828,861100
2013-12-27,55.6331,56.0392,55.5585,55.8071,599800
2013-12-30,55.6248,56.0889,55.6248,55.7408,590900
2013-12-31,55.6828,56.0641,55.6579,55.9480,647800
2014-01-02,55.8403,55.9397,54.5721,54.9783,1101600
2014-01-03,55.1109,55.2352,54.8374,54.8705,801600
2014-01-06,55.0943,55.2601,54.6301,54.6384,1033000
2014-01-07,54.6384,55.1026,54.4892,54.8622,1010300
2014-01-08,54.9037,54.9865,54.5348,54.6964,900700
2014-01-09,54.8374,55.2518,54.7710,55.1192,954600
2014-01-10,55.2684,55.2766,54.6136,54.8291,2491200
2014-01-13,54.8374,55.3181,54.1411,54.2820,1224100
2014-01-14,54.5555,55.0694,54.5058,54.9948,836400
2014-01-15,55.0280,55.1026,54.3235,54.3898,1992000
2014-01-16,54.4561,54.6882,54.3152,54.5473,1012100
2014-01-17,54.8456,55.2601,54.6301,54.7876,1907000
2014-01-21,55.4424,56.1055,55.3430,55.6248,2300600
2014-01-22,52.9144,54.4312,51.9529,53.4697,4388000
2014-01-23,53.6106,54.2240,53.5112,54.1577,2821300
2014-01-24,54.0085,54.0085,53.3951,53.3951,1698800
2014-01-27,53.4946,53.7764,53.1548,53.4034,987800
2014-01-28,53.4117,53.6521,53.1390,53.3288,1431500
2014-01-29,53.0387,53.5775,52.8564,53.0304,1474300
2014-01-30,53.6521,54.0416,53.5029,53.8013,1178200
2014-01-31,53.1465,53.3205,52.8315,52.8812,2110700
2014-02-03,52.9641,53.0304,51.9446,51.9861,1394300
2014-02-04,52.2182,52.4751,51.9032,52.2099,916500
2014-02-05,52.1436,52.3093,51.8037,52.1270,1118000
2014-02-06,52.3010,52.6036,52.2264,52.5497,862700
2014-02-07,52.7155,53.5609,52.5746,53.5443,1290100
2014-02-10,53.5360,53.9836,53.3123,53.9422,1096100
2014-02-11,54.0334,54.2074,53.6935,53.9007,1200700
2014-02-12,53.9339,54.5763,53.9339,54.5224,1086600
2014-02-13,54.1328,54.5473,54.1328,54.4312,639200
2014-02-14,54.4395,54.5473,54.3152,54.3815,592200
2014-02-18,54.5307,54.6964,54.3400,54.5224,690000
2014-02-19,54.3649,54.5058,53.8096,53.8179,826100
2014-02-20,53.8676,54.1080,53.5360,54.0582,994900
2014-02-21,54.3317,54.5555,53.8759,53.8925,797900
2014-02-24,53.8344,54.3317,53.7433,53.8427,766000
2014-02-25,53.8842,54.3152,53.7847,53.9588,795700
2014-02-26,53.9919,54.3235,53.6024,54.2489,957000
2014-02-27,54.0334,54.6301,53.8925,54.6219,853400
2014-02-28,54.6467,54.9865,54.5141,54.8705,2038200
2014-03-03,54.5390,54.8042,54.1991,54.6882,896700
2014-03-04,54.9700,55.9480,54.9410,55.3347,1632000
2014-03-05,55.1938,55.3181,54.8539,54.9783,821800
2014-03-06,55.0363,55.3595,54.9700,55.1772,687200
2014-03-07,55.2849,55.4922,55.0653,55.2352,628800
2014-03-10,55.1523,55.2518,54.8125,55.0611,724600
2014-03-11,55.1192,55.1772,54.6799,54.7710,843200
2014-03-12,52.2922,54.4575,52.0257,54.1494,1469000
2014-03-13,54.1827,54.2743,53.3957,53.4748,1242900
2014-03-14,53.1667,53.4164,52.8752,53.0251,1142300
2014-03-17,53.3499,54.2493,53.2083,54.1994,1278600
2014-03-18,54.2327,55.0405,54.2160,54.7324,1053200
2014-03-19,54.7490,55.2737,54.3909,54.7157,912900
2014-03-20,54.5158,55.7567,54.3493,55.5152,1051800
2014-03-21,55.9733,56.0815,55.3571,55.6401,2518200
2014-03-24,55.6318,55.6901,54.8240,55.0072,1021700
2014-03-25,55.1904,55.5319,54.7740,55.1155,834900
2014-03-26,55.3403,55.6068,54.2493,54.2660,1121700
2014-03-27,53.9579,54.2493,53.2833,53.5997,1151600
2014-03-28,53.7497,53.9828,53.4249,53.5498,752800
2014-03-31,53.7330,54.1078,53.4748,53.5414,1063400
2014-04-01,53.6331,54.1161,53.4415,54.0578,1067900
2014-04-02,54.0994,54.5658,53.9495,54.2160,844500
2014-04-03,53.9912,54.6324,53.9261,54.2077,1072500
2014-04-04,54.3659,54.6308,53.4832,53.5165,1281600
2014-04-07,53.3666,53.8746,53.3666,53.6580,1215900
2014-04-08,53.5664,54.3743,53.4715,54.0911,1511400
2014-04-09,54.1327,54.5075,54.0112,54.3493,1019500
2014-04-10,54.3493,54.4326,53.2167,53.2916,920500
2014-04-11,53.0501,53.6580,52.7336,52.7919,905300
2014-04-14,53.0751,53.2749,52.6837,53.1167,843400
2014-04-15,54.2160,54.2160,52.3339,52.7753,6307100
2014-04-16,52.9002,52.9002,51.8009,52.6587,2453100
2014-04-17,52.5254,52.6920,51.6926,52.5920,2666500
2014-04-21,52.3922,52.3922,51.7009,52.0590,1428300
2014-04-22,52.0507,52.9002,51.8425,52.6920,2119800
2014-04-23,52.7836,52.9918,52.1690,52.7086,1530400
2014-04-24,52.9751,53.1084,52.4005,52.4671,1280800
2014-04-25,52.3589,52.4255,51.8009,52.0507,1083800
2014-04-28,52.5254,52.8669,51.8259,52.1673,2031600
2014-04-29,52.4671,53.0251,52.2256,52.8252,1152700
2014-04-30,52.8252,53.1167,52.5171,52.9502,1574500
2014-05-01,50.1186,52.2506,49.9021,52.1756,4819100
2014-05-02,52.0840,54.8656,51.9424,54.5575,5733900
2014-05-05,54.1827,56.1232,54.1494,55.0905,7600300
2014-05-06,54.7907,55.7317,54.6241,55.2987,5453100
2014-05-07,55.1821,56.0149,55.0655,55.9150,2506600
2014-05-08,55.7401,56.5312,55.6568,56.1148,1968900
2014-05-09,56.0982,56.3564,55.6485,56.0149,1928600
2014-05-12,56.1065,56.7145,56.1065,56.4646,1274400
2014-05-13,56.4063,56.9060,56.2231,56.4230,1453800
2014-05-14,56.3230,56.5812,55.9316,55.9649,1159300
2014-05-15,56.0732,56.1731,55.1321,55.2487,1859300
2014-05-16,55.3153,55.3820,54.8323,55.2154,4270700
2014-05-19,55.1654,55.8567,55.0322,55.6984,1604600
2014-05-20,55.7068,55.7900,55.0905,55.3986,3607900
2014-05-21,55.6151,55.9483,55.5402,55.7068,944200
2014-05-22,55.1987,55.7567,54.9989,55.4902,1613800
2014-05-23,55.5319,55.9483,55.3903,55.7984,2423600
2014-05-27,55.9566,56.0357,55.7817,55.8150,1699600
2014-05-28,55.8983,55.9483,55.7234,55.7401,1766500
2014-05-29,55.8400,55.8816,55.7151,55.7234,1259000
2014-05-30,55.8483,56.4480,55.6901,56.1481,3006400
2014-06-02,56.1148,56.4230,55.9733,56.1315,1296400
2014-06-03,55.7484,56.1898,55.6485,55.6818,1481900
2014-06-04,55.4902,56.0024,55.4736,55.9899,1232700
2014-06-05,55.9899,56.3897,55.8733,55.9399,1651800
2014-06-06,56.0565,56.4063,55.9982,56.3480,1282400
2014-06-09,56.2398,56.6062,56.2398,56.3564,1130300
2014-06-10,56.4146,56.5979,56.2148,56.3813,1305000
2014-06-11,56.3413,56.4751,55.9313,55.9982,1017800
2014-06-12,55.9229,56.0819,55.4628,55.6050,1310000
2014-06-13,55.8058,56.1321,55.7472,55.8727,695400
2014-06-16,55.8142,56.1656,55.7723,55.8225,962000
2014-06-17,55.7305,55.9815,55.6637,55.7556,712700
2014-06-18,55.8476,55.9648,55.6552,55.7389,1191100
2014-06-19,55.7305,56.1154,55.7305,56.1070,1285100
2014-06-20,56.2576,56.4751,56.0150,56.1154,2179700
2014-06-23,56.0903,56.3245,55.9815,56.1405,817200
2014-06-24,56.0066,56.2158,55.8058,55.8309,987400
2014-06-25,55.7305,55.7305,55.4460,55.6803,905100
2014-06-26,55.7891,55.7891,55.3540,55.6887,575100
2014-06-27,55.4962,55.9313,55.2620,55.8727,3307400
2014-06-30,55.9648,56.0317,55.6468,55.6970,2656500
2014-07-01,55.9731,56.2827,55.9229,56.0233,2449700
2014-07-02,55.8560,56.1237,55.7891,56.0735,942500
2014-07-03,56.2409,56.4607,56.1070,56.3998,553500
2014-07-07,56.2074,56.5253,56.2074,56.2576,939700
2014-07-08,56.0317,56.2325,55.2034,55.4460,2590300
2014-07-09,55.5297,55.7891,55.4209,55.7054,1173800
2014-07-10,55.3038,55.7221,55.1783,55.5966,935800
2014-07-11,55.4879,55.5297,55.1323,55.2201,978800
2014-07-14,55.2452,55.6552,55.2285,55.2871,1079600
2014-07-15,55.4042,55.5883,54.3960,54.7934,2549600
2014-07-16,54.9775,55.2034,54.8562,54.9440,1612600
2014-07-17,54.7851,54.9273,54.3082,54.3333,1475700
2014-07-18,54.6010,54.9524,54.4420,54.7934,1842900
2014-07-21,54.7600,55.1197,54.6345,55.0026,1259800
2014-07-22,55.1699,55.5715,55.0528,55.2620,1104400
2014-07-23,55.2871,55.2954,54.9440,55.0277,914100
2014-07-24,55.2201,55.2452,54.8269,54.8938,1192700
2014-07-25,54.7516,54.7600,54.3165,54.3835,792100
2014-07-28,54.3500,54.6847,54.1994,54.5592,757900
2014-07-29,54.6512,54.7934,54.1492,54.1659,1141900
2014-07-30,54.3751,54.4420,54.0321,54.2412,1015100
2014-07-31,53.9819,54.0572,53.2038,53.2791,1617700
2014-08-01,53.3795,53.7058,53.1703,53.3962,1130066
2014-08-04,53.3795,53.8396,53.2121,53.6388,2604200
2014-08-05,51.4719,52.5093,50.6519,51.3631,3399900
2014-08-06,51.0535,51.4049,50.6770,51.2125,3200700
2014-08-07,51.2460,52.1245,51.1958,51.2460,2258100
2014-08-08,51.3547,52.0492,51.2125,52.0324,1499600
2014-08-11,52.0743,52.1245,51.6308,51.6476,948800
2014-08-12,51.6476,51.7396,51.2460,51.5723,1229200
2014-08-13,51.7312,52.1328,51.6266,51.8986,1658500
2014-08-14,51.9739,52.0157,51.4133,51.4719,1451000
2014-08-15,51.7312,51.7647,50.7774,51.0368,2979600
2014-08-18,51.2962,51.5555,50.8611,50.8778,4838800
2014-08-19,50.9364,51.5555,50.9364,51.3464,2702000
2014-08-20,51.3045,51.7061,51.2543,51.5723,1419200
2014-08-21,51.4886,51.6727,51.3380,51.6225,1578800
2014-08-22,51.6057,51.6141,51.2125,51.2292,1482100
2014-08-25,51.4719,51.5388,51.0284,51.0535,1194300
2014-08-26,51.1539,51.1874,50.3842,50.4511,2413500
2014-08-27,50.4511,50.6519,49.7483,49.9324,2108100
2014-08-28,49.7065,49.8655,49.5475,49.6730,1992900
2014-08-29,49.8153,49.8906,49.3886,49.6981,2113700
2014-09-02,49.6228,49.7276,49.2463,49.3718,2270900
2014-09-03,49.3384,49.5099,49.1459,49.3133,2255600
2014-09-04,49.3384,49.4890,49.2463,49.3467,2950500
2014-09-05,49.2882,49.4555,49.0372,49.2714,2447700
2014-09-08,49.2631,51.1456,49.1376,51.0535,11481100
2014-09-09,50.9364,51.1958,50.5766,51.1037,2577800
2014-09-10,51.1205,51.3798,51.0452,51.2209,1766900
2014-09-11,51.1015,51.5222,51.0510,51.5053,1117300
2014-09-12,51.4128,51.9344,51.2193,51.7746,2069600
2014-09-15,51.8250,51.8250,51.4801,51.6736,1838200
2014-09-16,51.5474,52.0438,51.5474,51.9007,1476400
2014-09-17,51.9260,52.2457,51.8671,52.0858,2275200
2014-09-18,52.1279,52.2878,51.8503,52.1952,1952400
2014-09-19,52.3635,52.5233,51.7830,52.0606,2332500
2014-09-22,51.9007,52.1027,51.4464,51.8923,1473563
2014-09-23,51.7661,51.9681,51.6315,51.7998,1489230
2014-09-24,51.7072,52.0522,51.5053,51.9933,1765195
2014-09-25,51.9344,52.5107,51.7072,52.3635,2382210
2014-09-26,52.3887,53.3815,52.3803,53.3562,3410403
2014-09-29,52.9692,53.2721,52.5990,53.1543,2216592
2014-09-30,53.1543,53.3562,53.0029,53.2384,1635499
2014-10-01,53.3226,53.3226,52.3887,52.4476,3382146
2014-10-02,52.2120,52.3298,51.2025,51.3455,2723248
2014-10-03,51.3875,51.7241,51.0174,51.5726,1798425
2014-10-06,51.5726,51.9176,51.4380,51.7409,1399528
2014-10-07,51.5137,51.7746,50.8743,50.8743,1467270
2014-10-08,50.8239,51.8587,50.5883,51.8082,1810157
2014-10-09,51.6147,51.9092,50.7986,50.8659,1427153
2014-10-10,50.7650,50.9501,49.6628,49.6797,2057446
2014-10-13,49.6965,49.8311,49.0739,49.2170,2071956
2014-10-14,49.5367,49.9994,49.2254,49.4105,1719227
2014-10-15,49.0150,50.0246,48.6196,49.9068,2551656
2014-10-16,49.0908,50.0583,49.0908,49.7890,1579493
2014-10-17,50.1424,51.2613,50.1424,51.1436,2226794
2014-10-20,50.9501,51.5390,50.7566,51.5306,1428763
2014-10-21,51.9512,52.5486,51.6736,52.4897,1351216
2014-10-22,52.4728,52.6748,51.7914,51.8503,1451334
2014-10-23,52.4224,52.5822,52.2625,52.3719,2149804
2014-10-24,52.3719,52.7168,52.2625,52.6411,1600436
2014-10-27,52.6327,52.9776,52.2709,52.8346,1787994
2014-10-28,52.8683,53.8947,52.5655,53.8947,2645643
2014-10-29,53.8442,54.2733,53.6254,53.7937,2370430
2014-10-30,53.7769,54.1134,52.4770,53.9115,2456677
2014-10-31,54.1891,54.8075,54.1891,54.2648,3633729
2014-11-03,54.2733,54.6603,53.9283,54.4163,2593196
2014-11-04,54.4247,56.3597,54.3574,56.1662,4057080
2014-11-05,55.9475,56.1157,53.4824,54.2312,4288378
2014-11-06,54.2312,54.2312,53.2553,53.3562,2683646
2014-11-07,53.3731,53.9788,52.6748,53.9620,3142722
2014-11-10,53.9536,54.1807,53.6002,53.7937,2450028
2014-11-11,53.8189,53.8442,53.3646,53.4656,1929213
2014-11-12,53.3562,53.7895,53.2973,53.5918,1569423
2014-11-13,53.7264,54.2733,53.7264,54.2060,1655781
2014-11-14,54.1639,54.9127,53.9367,54.8958,1314940
2014-11-17,54.6855,55.0220,54.6014,55.0220,1921292
2014-11-18,55.0220,55.7203,54.9127,55.5268,1394346
2014-11-19,55.5184,55.6446,55.1987,55.4763,1175190
2014-11-20,55.4090,55.6194,55.1735,55.2408,1958759
2014-11-21,55.7456,55.9222,54.8706,54.9127,2656601
2014-11-24,55.0052,55.5016,54.8874,55.3670,1600984
2014-11-25,55.3586,55.4174,55.1566,55.1903,1042974
2014-11-26,55.1819,55.4259,55.1314,55.1566,842584
2014-11-28,54.8538,55.5941,54.8538,55.2912,728901
2014-12-01,55.1819,55.3249,55.0389,55.0557,1250323
2014-12-02,55.0557,55.2660,54.9127,55.1146,1129172
2014-12-03,55.1146,55.3249,54.8874,54.9547,1865248
2014-12-04,55.0220,55.2492,54.7612,54.8538,1411761
2014-12-05,54.9295,54.9715,54.4583,54.6855,1495339
2014-12-08,54.7780,55.3480,54.7192,54.9127,1168581
2014-12-09,54.5509,54.9463,54.1891,54.9295,767525
2014-12-10,54.9547,54.9547,53.4025,53.4404,1193428
2014-12-11,53.5329,54.4210,53.4568,53.5329,1506623
2014-12-12,53.2453,53.5244,52.7040,52.7040,2087149
2014-12-15,53.0339,53.2707,52.1373,52.3656,1520181
2014-12-16,52.2895,53.3130,52.1288,52.2134,1844135
2014-12-17,52.8139,54.2349,52.7970,54.1250,1915045
2014-12-18,54.7594,55.0808,54.4718,55.0723,1844670
2014-12-19,55.3430,55.6852,54.9624,55.4022,3263562
2014-12-22,55.3768,56.2734,55.3768,56.2734,1354609
2014-12-23,56.3664,56.7640,56.2819,56.6117,1210583
2014-12-24,56.6202,57.2630,56.6202,56.9585,705808
2014-12-26,57.0347,57.3053,56.9501,57.0854,733740
2014-12-29,56.8739,57.4068,56.7894,57.4068,949922
2014-12-30,57.1869,57.4999,57.1023,57.1192,980780
2014-12-31,57.1277,57.3011,56.6963,56.7386,972767
2015-01-02,57.1277,57.2884,56.1338,56.2565,1083371
2015-01-05,56.0281,56.2269,54.9454,55.0300,1638285
2015-01-06,54.9793,55.1654,54.2265,54.5648,1739863
2015-01-07,54.9793,54.9793,54.0742,54.4972,1567628
2015-01-08,54.9032,55.5122,54.8778,55.3430,1237316
2015-01-09,55.5460,55.7152,55.0639,55.0723,899223
2015-01-12,55.0723,55.1907,53.1354,54.4295,5705671
2015-01-13,54.9877,55.5544,53.9643,54.2265,3212931
2015-01-14,53.8882,54.1927,53.4314,53.9304,1554514
2015-01-15,54.1165,54.4210,53.5837,53.6344,1471584
2015-01-16,53.4229,54.2011,53.3553,54.1757,1668142
2015-01-20,54.4887,54.6748,53.8459,54.1504,1640106
2015-01-21,53.9304,54.4845,53.7782,54.3957,1171577
2015-01-22,54.6071,55.4529,54.2942,55.2838,970439
2015-01-23,55.3176,55.9012,55.3176,55.3853,771781
2015-01-26,55.2499,55.7744,55.0892,55.5798,816038
2015-01-27,54.9877,55.3007,54.5479,54.9285,974596
2015-01-28,55.3684,55.4699,53.9897,53.9981,1003534
2015-01-29,53.9220,54.1250,53.2369,53.9897,1459563
2015-01-30,53.7359,53.8628,52.7124,52.7886,2298581
2015-02-02,53.0677,53.1269,52.3487,53.1269,2802091
2015-02-03,53.4060,54.1927,53.4060,54.1419,2474913
2015-02-04,54.2603,55.5629,53.2115,54.0827,3794239
2015-02-05,54.0066,54.2180,53.4229,54.1334,2375790
2015-02-06,54.1419,55.0554,54.0235,54.6917,1585871
2015-02-09,59.3015,59.4284,56.6794,57.3307,7314820
2015-02-10,57.1954,57.8382,56.8570,57.7029,2444831
2015-02-11,57.6690,58.1765,57.6690,57.9989,1592275
2015-02-12,58.2527,59.2254,58.2527,59.2085,2193812
2015-02-13,59.2000,59.2592,58.8363,59.1323,2294483
2015-02-17,58.9293,59.3353,58.6164,59.0308,1880528
2015-02-18,58.9040,59.0224,58.3665,58.4641,1587619
2015-02-19,58.6840,58.9209,58.3203,58.3880,1893841
2015-02-20,58.3119,59.0985,58.1850,59.0647,2353877
2015-02-23,59.0816,59.0816,57.9228,58.0497,1415395
2015-02-24,57.9735,58.1935,57.6944,57.9651,1138324
2015-02-25,57.9228,57.9228,57.4576,57.5337,1416129
2015-02-26,57.6098,57.9989,57.3053,57.9143,1555504
2015-02-27,57.7621,57.9397,57.1869,57.4660,5007195
2015-03-02,57.5168,58.4937,57.5168,58.2696,1490886
2015-03-03,58.0750,58.3626,57.6014,57.6352,1197556
2015-03-04,57.3392,57.4407,56.6456,57.2123,1351368
2015-03-05,57.4407,57.6310,57.2799,57.4576,1053188
2015-03-06,57.1531,57.3476,56.3749,56.5187,1313497
2015-03-09,56.5187,56.7217,56.2057,56.3072,1295752
2015-03-10,56.0281,56.1212,54.9962,55.2584,1971415
2015-03-11,55.5461,55.9457,55.4440,55.5291,1330902
2015-03-12,55.0232,55.5546,54.9849,55.2315,1657436
2015-03-13,55.2740,55.5886,54.5683,55.0954,1557723
2015-03-16,55.2315,56.1157,55.1720,55.9967,1032903
2015-03-17,55.6481,55.7076,55.1805,55.5376,1226887
2015-03-18,55.3335,57.0255,55.3250,56.6684,1437518
2015-03-19,56.4983,56.9745,56.1582,56.4048,1383468
2015-03-20,56.5749,57.2125,56.4983,56.8214,2748716
2015-03-23,56.7619,56.9660,56.5579,56.5579,904864
2015-03-24,56.6344,56.8639,56.3028,56.3113,843464
2015-03-25,56.2943,56.3028,55.4781,55.5631,1218967
2015-03-26,55.2060,55.7416,54.8659,55.6226,957142
2015-03-27,55.5971,55.8011,54.9084,55.5886,1213005
2015-03-30,55.9882,56.5068,55.8777,56.4473,968977
2015-03-31,56.3283,56.8810,56.2348,56.6854,1722850
2015-04-01,56.6769,56.7534,56.1753,56.6854,1110427
2015-04-02,56.6854,57.3571,51.9921,53.1484,8069887
2015-04-06,52.7913,52.9188,52.2557,52.2727,3462844
2015-04-07,52.2727,53.0464,52.1026,52.7063,1357982
2015-04-08,52.6298,53.1059,52.2854,53.0719,1488314
2015-04-09,52.9443,53.0889,52.5405,52.9869,923864
2015-04-10,52.9273,53.2164,52.8083,53.1654,900428
2015-04-13,53.1654,53.5565,52.6255,52.6893,1257002
2015-04-14,52.7233,52.8338,52.4172,52.6383,1286058
2015-04-15,52.6808,52.9911,52.5107,52.5617,1273291
2015-04-16,52.4682,52.8223,52.4682,52.5957,1936373
2015-04-17,52.2982,52.3832,51.4139,51.5925,2097687
2015-04-20,51.8815,52.2514,51.8730,52.0006,1424626
2015-04-21,52.1536,52.4682,52.0856,52.2301,1273236
2015-04-22,52.3832,52.5532,52.2131,52.3662,994589
2015-04-23,52.0176,52.2557,51.7285,51.7285,1380575
2015-04-24,51.9581,51.9581,51.1673,51.4989,1823378
2015-04-27,51.7370,52.0006,51.4139,51.8475,1456271
2015-04-28,51.8390,51.9836,51.3374,51.6010,993248
2015-04-29,51.4394,51.6010,50.7762,50.7932,1366841
2015-04-30,50.5467,50.8783,50.4361,50.8017,1889957
2015-05-01,51.1163,51.3289,51.0483,51.2524,1526438
2015-05-04,51.3289,51.6690,51.3034,51.5925,992397
2015-05-05,50.6912,51.1418,49.4839,49.8155,2343829
2015-05-06,51.3034,51.4309,49.4839,49.9515,2316211
2015-05-07,50.4106,51.3544,50.2661,51.0228,1862761
2015-05-08,51.4904,51.8645,51.3629,51.5159,1040202
2015-05-11,51.4139,51.5415,50.8102,50.8443,1216095
2015-05-12,50.5297,50.7507,50.2491,50.5212,769128
2015-05-13,50.5467,50.7762,50.3511,50.3766,825400
2015-05-14,50.6912,50.9293,50.5220,50.8358,906772
2015-05-15,50.8358,50.9548,50.3660,50.4191,1299962
2015-05-18,50.3511,51.1588,50.3511,51.1163,1629964
2015-05-19,51.3119,51.3119,50.7847,50.8443,760609
2015-05-20,50.9293,51.0398,50.6827,50.8443,564359
2015-05-21,50.7167,50.9633,50.6615,50.8358,650145
2015-05-22,50.5807,50.7932,50.4021,50.7252,1050379
2015-05-26,50.5042,50.5042,49.9175,50.2576,1095417
2015-05-27,50.4617,50.4617,49.9090,50.2151,1571116
2015-05-28,50.1301,50.9038,50.0323,50.6997,854553
2015-05-29,50.6487,50.7847,50.1641,50.1641,1769213
2015-06-01,50.2406,51.0058,50.0450,50.7167,1196520
2015-06-02,50.5212,50.7932,50.1216,50.3256,1158960
2015-06-03,50.5382,50.7040,50.2661,50.5722,815574
2015-06-04,50.3681,50.6572,49.9430,49.9940,677462
2015-06-05,50.0535,50.0535,49.6454,49.8325,534030
2015-06-08,49.7730,49.7815,49.2203,49.3818,888010
2015-06-09,49.4584,49.5604,49.1098,49.2288,852618
2015-06-10,49.3648,49.9090,49.2118,49.7304,830715
2015-06-11,49.9936,50.2330,49.7969,50.0705,896526
2015-06-12,49.7114,49.7627,49.0614,49.3009,1132424
2015-06-15,48.8818,49.6515,48.5996,49.5574,1186795
2015-06-16,49.5745,49.8995,49.3607,49.7541,948137
2015-06-17,49.9166,50.0278,49.1641,49.5745,1060131
2015-06-18,49.6002,50.1047,49.5831,49.9337,1213109
2015-06-19,49.7883,49.8910,49.4121,49.6430,2302495
2015-06-22,49.8054,50.6948,49.6430,50.6435,1239222
2015-06-23,50.8915,51.0796,50.3699,50.5580,1085872
2015-06-24,50.3955,50.5067,49.8396,49.8482,741542
2015-06-25,50.0278,50.0748,49.6430,49.8995,845556
2015-06-26,49.8482,49.9893,49.5489,49.9252,4395079
2015-06-29,49.3522,49.6772,48.7765,48.8647,1067600
2015-06-30,49.4377,49.4377,48.8263,49.0358,1520942
2015-07-01,49.4890,49.4890,48.9332,49.2581,827798
2015-07-02,49.3693,49.3693,49.0837,49.1812,765160
2015-07-06,48.6509,48.9845,48.5569,48.9332,892659
2015-07-07,48.8562,49.2923,48.2319,49.1641,1375903
2015-07-08,49.0614,49.2410,48.5227,48.5654,1455859
2015-07-09,49.1213,49.1983,48.6595,48.6937,1263052
2015-07-10,49.1470,49.3069,48.8049,49.1555,914168
2015-07-13,49.5147,49.9936,49.4206,49.9679,692340
2015-07-14,50.0192,50.3014,49.9337,50.1133,809158
2015-07-15,50.0363,50.4383,49.9594,50.3613,1133673
2015-07-16,50.5665,50.7461,50.4725,50.7034,847289
2015-07-17,50.7205,50.8659,50.1047,50.3271,735486
2015-07-20,50.8830,50.9514,50.4554,50.7974,1142610
2015-07-21,50.7205,50.9514,50.5323,50.9428,1378285
2015-07-22,50.6948,51.0625,50.6350,50.7547,970763
2015-07-23,50.8573,50.8830,50.2245,50.3271,818142
2015-07-24,50.2843,51.1395,50.1988,50.8830,1315328
2015-07-27,50.7376,50.7376,50.1219,50.2074,880176
2015-07-28,50.3527,50.5665,49.8910,50.5494,734797
2015-07-29,50.5836,51.0796,50.3356,50.9514,680460
2015-07-30,50.8830,51.2250,50.7461,51.1908,488350
2015-07-31,51.2678,51.6184,51.1053,51.4474,895975
2015-08-03,51.3790,51.3790,50.6007,51.1053,948584
2015-08-04,51.0454,51.6971,50.9514,51.4987,1457076
2015-08-05,54.2352,55.5864,54.0471,54.7655,4160820
2015-08-06,54.6543,54.7312,53.7115,54.5602,2489516
2015-08-07,54.4319,54.8937,53.8333,54.8937,2231159
2015-08-10,55.1332,55.1588,54.3037,54.7227,1528047
2015-08-11,54.4661,54.5517,54.0043,54.1754,1228802
2015-08-12,53.9616,55.3897,53.7050,55.2444,1815286
2015-08-13,55.1759,55.4740,54.8339,55.0220,1058381
2015-08-14,54.9450,55.6719,54.8510,55.5693,698350
2015-08-17,55.3128,55.8259,54.9878,55.8173,782562
2015-08-18,55.6805,57.4422,55.6420,56.2449,2132583
2015-08-19,56.0397,56.3817,55.8344,55.8857,1281337
2015-08-20,55.6292,55.6634,54.6372,54.6372,1615249
2015-08-21,54.3293,54.8510,53.3972,53.4057,2239234
2015-08-24,51.5414,53.9872,50.8958,51.9861,3069247
2015-08-25,53.1235,53.1663,51.6697,51.6868,2189089
2015-08-26,52.5976,54.0813,51.9092,53.9958,3538459
2015-08-27,54.2866,55.2101,54.1155,54.9792,2227882
2015-08-28,55.0990,55.7489,54.8980,55.2016,2684656
2015-08-31,54.9108,55.4924,54.8253,55.4325,2499902
2015-09-01,54.4405,55.1417,54.3037,54.6030,4293498
2015-09-02,55.0306,55.3726,54.7997,55.3470,6514579
2015-09-03,55.5864,55.9884,55.2529,55.6805,6170982
2015-09-04,56.4502,56.7495,55.6377,56.7067,11244771
2015-09-08,57.0573,59.6143,56.7922,59.5288,4534754
2015-09-09,59.8623,60.0846,58.4085,58.4085,4486078
2015-09-10,58.3828,59.5459,58.1605,59.0841,3367310
2015-09-11,58.2404,58.3865,57.4926,57.6559,4585947
2015-09-14,57.6731,57.9138,57.2348,57.4497,2565268
2015-09-15,57.3981,58.1888,57.3809,57.7161,3519768
2015-09-16,57.6645,58.2146,57.6302,57.9912,1798461
2015-09-17,57.9912,58.2404,57.4153,57.6130,2245371
2015-09-18,57.0629,58.1888,56.8824,57.6645,2992254
2015-09-21,57.8193,58.3951,57.4926,57.6302,1399337
2015-09-22,56.9683,57.2950,56.7277,57.2262,1301386
2015-09-23,57.4411,58.4983,57.4239,58.2748,1546006
2015-09-24,57.8622,58.4553,57.5348,58.3693,2083221
2015-09-25,58.7733,59.6414,58.4639,59.4781,2246167
2015-09-28,59.0226,59.2976,58.3221,58.3865,2722016
2015-09-29,58.3178,58.4897,57.6559,57.9740,2165077
2015-09-30,58.6186,59.2804,58.4725,58.7733,3894617
2015-10-01,58.7475,58.9624,57.8364,58.2404,2099534
2015-10-02,57.6044,58.7991,57.3534,58.7905,1495594
2015-10-05,58.8936,60.0110,58.8765,59.9508,2004351
2015-10-06,59.6844,59.9680,59.1687,59.4695,1006338
2015-10-07,59.7016,60.0626,59.3578,59.9852,1373520
2015-10-08,59.9337,60.0884,59.3062,59.7360,1375379
2015-10-09,59.6500,59.9422,58.9710,59.1171,1619631
2015-10-12,59.0913,59.8649,58.5326,59.6758,1093307
2015-10-13,59.4437,59.8305,59.2374,59.3406,870648
2015-10-14,59.2460,59.4781,58.9710,59.0484,802948
2015-10-15,59.3062,59.6844,59.2546,59.5383,1252094
2015-10-16,59.7016,59.8993,59.3879,59.5297,1125620
2015-10-19,59.2890,59.5555,59.0999,59.3320,682195
2015-10-20,59.3062,60.0196,59.2546,59.7188,1752550
2015-10-21,59.8047,60.0368,59.3578,59.7102,1432623
2015-10-22,59.4867,61.0080,59.4437,60.5783,1553235
2015-10-23,60.7760,60.8275,60.1657,60.5783,1204602
2015-10-26,60.5783,60.6470,60.0282,60.2087,1309402
2015-10-27,59.8649,60.3204,59.7102,60.1313,993475
2015-10-28,60.3376,60.8791,59.9852,60.4837,1023711
2015-10-29,60.3118,60.6986,60.1657,60.2775,1095923
2015-10-30,60.3118,60.6273,59.9938,60.1399,1614178
2015-11-02,60.2087,60.8705,59.7961,60.7932,1411898
2015-11-03,60.7072,61.5152,60.4408,61.3347,1337151
2015-11-04,58.5326,59.5039,54.9657,56.0745,7152388
2015-11-05,55.7822,58.2060,55.7822,57.9310,3081018
2015-11-06,58.0427,58.4897,57.6216,58.4553,1209234
2015-11-09,58.3779,58.7217,57.7419,58.6186,1734599
2015-11-10,58.5241,58.9194,58.2576,58.7389,1481861
2015-11-11,58.9280,60.5869,58.7475,60.1829,1312828
2015-11-12,59.9422,60.1485,59.5684,59.6844,978532
2015-11-13,59.3664,59.7918,58.7647,59.3320,1896124
2015-11-16,59.2374,60.2603,59.0054,60.1829,832239
2015-11-17,60.2861,61.1885,60.0283,61.0682,1073393
2015-11-18,61.1284,61.8847,61.0080,61.8675,1255322
2015-11-19,61.8847,62.7185,61.6011,62.2715,1389060
2015-11-20,62.5380,62.5809,62.0395,62.0480,1380438
2015-11-23,62.0910,62.3317,61.7300,62.0910,988281
2015-11-24,61.5066,62.2715,61.4550,61.8504,1038565
2015-11-25,62.0223,62.0223,61.5839,61.7386,882043
2015-11-27,61.8675,62.0137,61.0080,61.9019,343925
2015-11-30,62.0738,62.0738,61.5409,61.6956,1541234
2015-12-01,61.9707,62.1598,61.6011,61.9277,1251520
2015-12-02,62.1168,62.2629,61.7128,61.7902,761313
2015-12-03,61.9965,62.0738,60.9049,61.0940,817479
2015-12-04,61.2831,62.2195,61.2831,61.9793,1596590
2015-12-07,61.6527,61.8675,60.4064,60.4923,1635122
2015-12-08,59.9766,60.4236,59.5297,59.9508,1115274
2015-12-09,59.6844,60.0024,59.0741,59.5727,1077475
2015-12-10,59.4437,60.2345,59.3836,59.6242,1099867
2015-12-11,59.2715,59.4963,58.6663,59.3234,1313552
2015-12-14,59.2369,59.6866,58.7009,58.9170,1112489
2015-12-15,59.3061,60.3437,59.1678,59.7730,831510
2015-12-16,60.1102,60.4301,59.6520,60.1102,947559
2015-12-17,60.3523,60.9488,59.2802,59.2802,1079188
2015-12-18,59.0208,59.2715,58.4069,58.4328,2083448
2015-12-21,58.5884,58.9170,58.4674,58.8219,592324
2015-12-22,59.0986,59.7990,58.7095,59.5482,915596
2015-12-23,59.9114,60.0238,59.5482,59.8422,373118
2015-12-24,59.8681,59.9978,59.5482,59.7125,249539
2015-12-28,59.5396,59.9330,59.3839,59.8162,335127
2015-12-29,60.1016,60.3350,60.0411,60.2140,416922
2015-12-30,60.1448,60.4301,59.8335,59.9200,426372
2015-12-31,59.6606,59.8681,59.1851,59.1851,327145
2016-01-04,58.5106,58.5106,57.6028,58.0437,910847
2016-01-05,57.4990,58.0264,56.9067,57.4039,1242057
2016-01-06,56.6949,57.5638,56.4182,56.5738,956417
2016-01-07,55.8821,56.4528,54.9396,55.4325,1197212
2016-01-08,55.6227,56.1588,55.3374,55.5535,1288509
2016-01-11,55.9080,56.1804,55.2163,55.6573,884791
2016-01-12,56.1415,56.2453,55.2077,56.1242,1125064
2016-01-13,56.2626,56.3317,54.6457,54.7927,877933
2016-01-14,55.0434,55.2596,54.4554,54.5678,1204631
2016-01-15,53.4352,53.8502,52.9276,53.2536,1290941
2016-01-19,53.8675,53.9194,52.4495,52.8558,1444720
2016-01-20,52.2074,52.5359,51.1266,52.1901,1247568
2016-01-21,52.2247,52.9769,51.9047,52.5878,838740
2016-01-22,53.2276,53.7075,53.0979,53.6427,741190
2016-01-25,53.5476,54.3603,53.2536,53.9712,881480
2016-01-26,54.0491,54.8445,53.9539,54.6111,762467
2016-01-27,55.2423,57.0580,54.8791,56.0291,1642387
2016-01-28,56.1674,56.5911,55.6659,55.9772,1126573
2016-01-29,56.2453,57.7497,55.9686,57.7324,1224630
2016-02-01,57.5682,58.1042,57.2569,57.8016,1108502
2016-02-02,57.1445,57.4385,55.3460,55.6141,2121171
2016-02-03,55.8994,56.7208,55.2077,56.0983,761663
2016-02-04,55.9426,56.1242,55.1731,55.5535,930263
2016-02-05,55.3287,55.5622,54.0577,54.3171,1082894
2016-02-08,53.7983,54.0231,52.9596,53.6859,1105532
2016-02-09,53.1671,54.8186,53.1585,53.8156,1223580
2016-02-10,54.2306,54.6197,52.6570,52.7175,1081174
2016-02-11,52.0431,52.5964,51.6886,52.3284,832792
2016-02-12,52.7434,53.5735,52.4668,53.4179,567568
2016-02-16,54.0145,54.8705,53.9194,54.8359,771201
2016-02-17,55.2769,56.3663,55.1126,56.2453,935453
2016-02-18,56.3490,56.5565,55.9167,56.0118,948893
2016-02-19,56.0118,57.1186,55.6227,57.0667,1513565
2016-02-22,57.4644,58.0437,57.2527,57.7152,1833412
2016-02-23,60.5598,62.8685,59.9287,61.1997,4942147
2016-02-24,61.2948,63.1192,61.1737,62.9809,3606405
2016-02-25,63.1106,64.1395,62.8339,64.0357,2073303
2016-02-26,64.2432,65.5489,64.0357,64.7274,2096471
2016-02-29,64.8485,65.0819,63.0760,63.5429,4345063
2016-03-01,61.3380,61.9779,59.9287,61.5542,7223934
2016-03-02,61.5628,61.6839,60.8625,61.6320,2762848
2016-03-03,61.5628,61.8914,61.1737,61.6061,4281036
2016-03-04,61.9606,62.0384,61.2023,61.3467,2543989
2016-03-07,61.1046,61.5542,60.9316,61.3986,2181904
2016-03-08,61.1392,61.7790,61.0786,61.4764,1567808
2016-03-09,61.6839,62.1076,61.5369,61.8049,1636398
2016-03-10,62.1076,62.7993,61.1132,61.5801,2886042
2016-03-11,62.1434,62.3956,61.6521,61.9173,2453022
2016-03-14,61.7434,62.6130,61.3869,62.4652,2548914
2016-03-15,62.1869,63.1696,62.1869,62.5870,2318714
2016-03-16,62.5783,62.9652,62.0391,62.8217,1914737
2016-03-17,63.0739,64.1523,62.8304,63.3348,2172758
2016-03-18,63.4740,63.5088,63.0565,63.1261,1456533
2016-03-21,62.9696,63.7522,62.5783,63.5870,2387162
2016-03-22,63.5001,64.3871,63.2392,64.1001,2463662
2016-03-23,64.0827,64.0827,63.3522,63.6131,1358244
2016-03-24,63.5175,63.5175,62.9609,63.1261,1135124
2016-03-28,63.2653,64.2697,63.2653,63.8044,1374130
2016-03-29,63.9175,64.6914,63.7088,64.4306,783609
2016-03-30,64.7871,65.5524,64.6045,65.1263,1490763
2016-03-31,65.0306,65.9437,65.0306,65.8307,1480540
2016-04-01,65.4828,66.6046,65.2393,66.1872,2105225
2016-04-04,65.5698,66.8133,65.3350,66.3698,1951399
2016-04-05,66.0655,66.2829,65.3002,65.8394,1647541
2016-04-06,66.0307,66.2220,65.3698,66.1698,1422582
2016-04-07,65.8915,66.0220,65.1045,65.2132,1045202
2016-04-08,65.6741,65.7437,65.2828,65.4306,867350
2016-04-11,65.5437,65.7263,65.0132,65.1176,1122348
2016-04-12,65.2393,65.3437,64.8707,65.2567,924367
2016-04-13,65.6915,65.7263,65.2306,65.5437,1208648
2016-04-14,65.6132,65.8046,65.1350,65.4915,791078
2016-04-15,65.3784,65.8915,65.1176,65.7785,1136394
2016-04-18,65.5350,65.8297,65.2219,65.8220,798877
2016-04-19,66.0828,66.0915,65.6828,66.0655,691902
2016-04-20,66.0046,66.0046,65.1436,65.7002,993554
2016-04-21,65.5698,65.6959,65.0915,65.2132,656224
2016-04-22,64.9002,66.0307,64.9002,65.7089,634798
2016-04-25,65.4219,65.8741,65.4219,65.6654,599359
2016-04-26,65.6567,66.1959,65.3524,66.0046,755110
2016-04-27,65.7002,66.5090,65.4306,66.1263,1313292
2016-04-28,65.8307,66.2220,65.3698,65.5176,674001
2016-04-29,65.2828,65.4828,64.5436,65.3871,986875
2016-05-02,65.6306,66.1176,65.1697,66.0915,1022369
2016-05-03,65.7698,65.7698,64.9002,65.1871,1234021
2016-05-04,64.5436,64.9697,64.1262,64.5436,928712
2016-05-05,64.5349,65.4567,64.4132,64.5697,1356280
2016-05-06,62.5174,64.5697,57.8388,61.3434,5561103
2016-05-09,61.2390,61.9695,60.8738,61.5869,2846021
2016-05-10,61.6304,62.3435,61.4130,61.7869,1539660
2016-05-11,61.7869,62.0304,60.8478,60.9347,1972750
2016-05-12,61.0564,62.2130,60.5738,61.8391,1853561
2016-05-13,61.7260,62.0043,61.1999,61.4130,1897475
2016-05-16,61.2216,61.9782,60.9303,61.5956,1745641
2016-05-17,61.4477,61.5651,60.7520,60.7781,2012721
2016-05-18,60.7173,61.0477,60.0476,60.4042,1208894
2016-05-19,60.3172,60.6651,59.3867,59.7607,1240959
2016-05-20,60.1259,60.1259,59.6650,59.7868,1624044
2016-05-23,59.6389,60.0042,59.5607,59.8128,1743634
2016-05-24,59.8911,60.6912,59.8894,60.5955,1414451
2016-05-25,60.6564,60.8434,60.2911,60.3085,1155408
2016-05-26,60.2824,60.7346,59.9694,60.3520,832133
2016-05-27,60.1172,60.4433,59.6041,60.4390,1187545
2016-05-31,60.5259,60.6346,59.7737,60.2390,3524558
2016-06-01,60.0129,60.3955,59.6954,60.0563,1556996
2016-06-02,60.0563,60.1433,59.6737,59.8302,2347608
2016-06-03,59.6998,59.8128,58.8650,59.5433,4249685
2016-06-06,59.5867,60.0433,59.3085,59.8041,2766257
2016-06-07,59.5520,59.6998,59.0737,59.2737,3356049
2016-06-08,59.4824,60.2824,59.2911,60.0476,2742255
2016-06-09,59.9346,60.2216,59.4389,59.6215,1516270
2016-06-10,59.0650,59.1737,58.4649,58.6475,2048943
2016-06-13,58.5349,59.4186,58.4212,58.4649,2520871
2016-06-14,58.2287,59.0249,58.1849,58.8324,1688408
2016-06-15,58.8937,59.4055,58.8062,59.0949,4527824
2016-06-16,58.7274,59.3836,58.6487,59.3224,2178586
2016-06-17,59.3399,59.4274,58.8849,58.9112,3816850
2016-06-20,59.4361,60.0136,59.3661,59.8036,3958027
2016-06-21,59.7686,59.8649,59.3224,59.3311,1259689
2016-06-22,59.2524,59.4360,58.9549,58.9987,1079910
2016-06-23,59.3486,59.6374,59.2349,59.5061,1001844
2016-06-24,57.7912,58.1412,56.5225,56.6363,4735121
2016-06-27,56.1463,56.1463,54.9126,55.1926,2327630
2016-06-28,55.6563,55.8313,54.9651,55.7263,2158038
2016-06-29,56.1988,56.5663,55.7613,56.4788,1169304
2016-06-30,57.1962,57.7300,56.7675,57.7212,1926564
2016-07-01,57.6250,58.1499,57.3625,57.7562,1171924
2016-07-05,57.2837,57.2881,56.6363,56.6713,939894
2016-07-06,56.3650,57.1787,56.0413,57.1350,2213022
2016-07-07,57.0387,57.2487,56.6625,56.9162,930226
2016-07-08,57.4587,58.2199,57.3100,58.0799,923532
2016-07-11,58.2462,58.3949,57.9312,58.2899,983525
2016-07-12,58.8499,59.0686,58.5174,58.9724,1181611
2016-07-13,59.2086,59.2611,58.9024,59.0249,951393
2016-07-14,59.3836,59.6374,59.0380,59.1299,958920
2016-07-15,59.3136,59.3136,58.6924,58.9724,928355
2016-07-18,58.9724,59.4974,58.9724,59.1036,696046
2016-07-19,59.1474,59.2874,58.7099,59.0599,765557
2016-07-20,59.1211,59.5149,59.0861,59.4361,980034
2016-07-21,59.3486,59.6111,58.8937,59.1036,718803
2016-07-22,59.0686,59.8080,59.0337,59.7161,816117
2016-07-25,59.5236,59.7949,59.3749,59.5761,567570
2016-07-26,59.6286,59.9261,59.5849,59.8649,564518
2016-07-27,59.8911,60.6261,59.6811,60.5998,1342678
2016-07-28,60.3898,61.0111,60.3811,60.8798,1215449
2016-07-29,60.7748,60.8711,60.3636,60.7048,936301
2016-08-01,60.7223,60.9848,60.3986,60.9236,871646
2016-08-02,60.7398,60.8098,59.8124,60.2323,809212
2016-08-03,60.1973,60.6261,59.9874,60.6261,1032050
2016-08-04,60.7136,61.9123,60.6698,61.4573,1759180
2016-08-05,61.5710,64.4322,61.0811,64.3097,2784572
2016-08-08,64.4497,65.4734,64.3097,64.6859,2120559
2016-08-09,64.7646,65.1978,64.5722,64.9921,1574958
2016-08-10,64.9309,65.0709,64.6509,64.9921,1464044
2016-08-11,65.2721,66.3702,65.1671,66.0771,1616308
2016-08-12,65.9633,66.4533,65.1934,65.2196,1946163
2016-08-15,65.2284,66.1646,65.0184,66.0071,1721053
2016-08-16,65.9021,66.2215,65.4384,66.1296,1320592
2016-08-17,65.9808,66.3308,65.6921,66.2171,2159197
2016-08-18,66.2258,66.5058,66.0902,66.4883,658780
2016-08-19,66.2696,66.9171,66.1821,66.7946,795650
2016-08-22,66.5583,66.9433,66.3571,66.9258,833434
2016-08-23,67.1970,67.7439,67.0467,67.3633,1113216
2016-08-24,67.1270,67.5645,66.9346,67.4770,1078745
2016-08-25,67.2145,67.7045,67.1795,67.5295,956485
2016-08-26,67.4683,68.1245,67.0133,67.5470,777182
2016-08-29,67.5470,67.9320,67.3109,67.6258,834437
2016-08-30,67.6783,67.9495,67.5033,67.8183,1139565
2016-08-31,67.5383,67.5383,67.0920,67.3633,1410306
2016-09-01,67.3370,67.3895,66.5408,67.1970,1562726
2016-09-02,67.5295,68.2382,67.4245,68.2032,1084707
2016-09-06,68.1770,69.1132,67.8183,68.5270,1398365
2016-09-07,68.3782,68.6145,68.1245,68.3170,1220190
2016-09-08,68.0983,68.2382,67.6870,67.6958,1478706
2016-09-09,67.3895,67.8751,66.9871,67.0658,1588093
2016-09-12,67.1708,67.6170,66.4096,67.5733,1516419
2016-09-13,67.3568,68.6059,66.8818,66.9346,1336478
2016-09-14,66.7762,66.8466,66.1927,66.3892,1007998
2016-09-15,66.4683,66.9521,66.4419,66.8906,1535430
2016-09-16,66.6179,66.7762,66.3012,66.5299,3574170
2016-09-19,66.5475,67.2073,66.3980,66.6443,772715
2016-09-20,66.9785,67.0665,66.0109,66.1604,714994
2016-09-21,66.1604,66.6619,66.0461,66.6179,1268858
2016-09-22,67.0753,67.2512,66.9082,67.0225,619662
2016-09-23,66.8906,67.2688,66.8290,66.9521,1275780
2016-09-26,66.6091,66.9961,66.5123,66.8114,611594
2016-09-27,66.8114,67.2468,66.6179,67.1369,1134902
2016-09-28,67.1105,67.6999,66.9961,67.5503,1100128
2016-09-29,67.2600,68.0605,66.9961,67.9198,1839410
2016-09-30,68.1661,68.1749,66.8994,67.1017,1806338
2016-10-03,66.8378,67.1985,66.1253,66.1956,1055833
2016-10-04,66.0901,66.5035,65.1048,65.4655,978526
2016-10-05,65.7118,65.9229,65.2025,65.4039,1084420
2016-10-06,65.3951,65.7822,65.1437,65.6590,626971
2016-10-07,65.7910,65.7910,64.8673,65.5183,683025
2016-10-10,65.8789,65.9668,65.4479,65.6854,501097
2016-10-11,65.6766,65.7118,64.2955,64.6562,874190
2016-10-12,65.2808,65.9493,64.7002,64.8849,1578530
2016-10-13,64.7002,64.7002,63.6006,64.2691,1231386
2016-10-14,64.6826,65.1400,64.5154,64.7266,766086
2016-10-17,64.7969,65.0784,64.2955,64.3307,792669
2016-10-18,64.9113,65.2720,64.8145,64.9201,477671
2016-10-19,65.1224,65.2720,64.5946,64.9201,671523
2016-10-20,64.8761,65.0432,64.5682,64.7178,510185
2016-10-21,64.3131,64.8233,64.1988,64.7618,586553
2016-10-24,65.1928,65.8965,64.9817,65.5271,591640
2016-10-25,65.4039,65.5623,64.8673,65.2368,946293
2016-10-26,65.1576,65.4523,64.7002,64.7266,651711
2016-10-27,64.8057,65.0345,64.4099,64.6386,1016547
2016-10-28,64.7090,65.2984,63.9964,64.0668,1036786
2016-10-31,63.9612,64.2515,63.3807,63.8469,1020705
2016-11-01,64.1284,64.1944,63.1783,63.6182,648833
2016-11-02,63.5918,63.9964,62.9056,62.9584,1075943
2016-11-03,63.0816,63.6006,62.6681,62.7121,1308751
2016-11-04,63.8293,66.8730,63.8117,66.7674,2657164
2016-11-07,67.5415,68.3860,67.4184,68.3596,1407454
2016-11-08,68.4652,69.5648,68.1925,69.1074,1517229
2016-11-09,68.1397,69.8815,67.8142,69.4592,1344992
2016-11-10,69.7583,70.2245,69.1161,69.6615,918924
2016-11-11,69.6088,70.8139,69.5058,70.7084,1340713
2016-11-14,70.8139,71.5792,70.7787,70.9019,1141155
2016-11-15,71.1658,71.9839,70.9811,71.9575,1390162
2016-11-16,71.9487,72.3094,70.8051,70.8227,1395217
2016-11-17,70.7172,71.6320,70.3125,70.6820,1262896
2016-11-18,70.9019,70.9019,70.2685,70.3565,724772
2016-11-21,70.5588,70.7260,69.5516,70.2245,1203033
2016-11-22,70.4093,70.9327,70.0134,70.6468,1083719
2016-11-23,70.6908,71.2626,70.3741,70.6028,1134359
2016-11-25,70.5940,71.4297,70.5940,71.2362,392779
2016-11-28,71.0954,71.3153,70.8579,71.1306,768969
2016-11-29,70.9547,71.5177,70.9459,71.3505,674079
2016-11-30,71.3593,71.4297,70.4621,70.5940,1589526
2016-12-01,70.5940,71.1218,69.3273,69.6615,1158519
2016-12-02,69.6352,70.0926,69.2305,69.9342,949253
2016-12-05,70.2421,71.1834,69.7759,71.1834,1568626
2016-12-06,71.4209,72.3710,71.0690,72.3270,1258541
2016-12-07,72.4325,73.2594,72.1774,73.2506,1240997
2016-12-08,73.2946,73.5145,72.7052,73.2770,757530
2016-12-09,73.2858,73.3914,72.6964,72.8284,686375
2016-12-12,72.6876,72.7800,72.0895,72.6612,913574
2016-12-13,72.7530,74.2215,72.6203,73.6377,642019
2016-12-14,73.7350,74.0623,73.1688,73.3369,641443
2016-12-15,73.3369,74.2658,73.0361,73.8323,714567
2016-12-16,74.0269,74.1862,73.4165,73.7792,1613158
2016-12-19,73.7261,74.5444,73.0804,74.2481,739436
2016-12-20,74.3985,74.6727,73.9562,74.0977,533205
2016-12-21,74.1862,77.4505,74.0535,74.3100,2054412
2016-12-22,74.4162,74.6993,73.6554,74.0623,639389
2016-12-23,73.9738,74.1331,73.6111,73.7881,399932
2016-12-27,73.7881,74.3719,73.7704,73.8854,477038
2016-12-28,73.9562,74.0712,73.1954,73.3015,329795
2016-12-29,73.2927,73.8412,73.0184,73.3104,414522
2016-12-30,73.5758,73.7261,73.0406,73.3281,500925
2017-01-03,73.7704,74.2392,73.4431,73.9562,1028958
2017-01-04,73.9119,74.2481,73.5315,73.8588,778225
2017-01-05,73.6377,73.9827,72.5407,73.1069,735134
2017-01-06,73.3192,73.7881,72.9919,73.3281,587858
2017-01-09,73.3281,73.5227,73.0494,73.4431,853340
2017-01-10,73.3900,73.4961,72.6557,73.0981,627094
2017-01-11,72.8061,73.3458,72.8061,73.3192,522754
2017-01-12,73.0804,73.0804,72.2134,72.7000,624444
2017-01-13,72.8857,73.5050,72.6027,72.7796,542541
2017-01-17,72.3726,72.6292,71.2757,71.4172,865736
2017-01-18,71.6295,72.2576,71.2580,72.2311,709339
2017-01-19,72.2665,72.7707,71.9038,72.4169,566706
2017-01-20,72.6027,72.9919,72.3903,72.8592,616416
2017-01-23,73.1069,73.8677,72.4965,72.9300,855697
2017-01-24,73.0538,75.0354,72.8238,74.6196,1126392
2017-01-25,74.9204,75.5839,74.7435,75.4512,994824
2017-01-26,75.2920,75.4512,73.7350,73.7438,1298844
2017-01-27,73.7615,73.7615,72.2576,73.4077,1238580
2017-01-30,72.8857,73.4873,71.8153,72.2753,1685585
2017-01-31,71.9657,72.2753,70.6830,71.3995,1381219
2017-02-01,71.7976,72.3461,70.5503,70.7980,1528793
2017-02-02,70.6476,71.7092,70.4441,71.6561,1961604
2017-02-03,73.3590,74.0889,69.8426,72.1869,3440225
2017-02-06,71.9834,72.8150,70.9484,72.3019,3032567
2017-02-07,72.2930,72.5230,68.0467,68.4183,11472705
2017-02-08,68.8429,70.2849,68.8429,69.2233,2484900
2017-02-09,69.4445,69.6922,68.7810,68.8341,1740391
2017-02-10,68.9137,69.4622,68.3210,69.3295,1596090
2017-02-13,69.7010,70.2318,69.3737,69.4268,1412554
2017-02-14,69.2410,69.6214,68.9314,69.6037,1271173
2017-02-15,69.5418,70.4087,69.3295,70.2407,1379371
2017-02-16,70.3026,70.4176,69.3914,69.5860,1131037
2017-02-17,69.3737,70.2053,69.2056,70.1610,796273
2017-02-21,70.0903,71.1430,70.0637,70.9041,1073162
2017-02-22,70.8334,71.4703,70.4264,70.4618,994732
2017-02-23,70.7803,71.0899,69.6833,70.2053,1071312
2017-02-24,69.8603,71.0634,69.3737,71.0103,1118880
2017-02-27,70.9926,71.1032,70.0549,70.1345,874406
2017-02-28,69.8868,70.3734,69.8072,69.8603,1427031
2017-03-01,70.5680,71.0103,69.8691,70.7537,1157977
2017-03-02,70.5326,70.8599,69.9487,70.7891,903782
2017-03-03,70.7891,71.4084,70.3910,71.2580,1051352
2017-03-06,70.7449,71.0368,70.4972,70.7449,1292748
2017-03-07,70.4618,70.9218,69.6656,70.4707,1459936
2017-03-08,70.5591,71.2226,70.4530,70.9484,1408592
2017-03-09,70.8864,72.0011,70.7847,71.9834,1209969
2017-03-10,71.9038,72.9388,71.9038,72.6292,1221380
2017-03-13,72.4333,73.0651,72.1753,72.6469,1213540
2017-03-14,72.4245,74.6132,72.2465,74.1683,2022766
2017-03-15,74.2573,76.0101,74.2484,75.8410,1927922
2017-03-16,75.9300,76.7219,75.4496,75.7610,1755847
2017-03-17,75.8944,76.2948,75.3339,75.3784,1485104
2017-03-20,75.2093,75.4229,74.4264,75.0047,1277471
2017-03-21,77.1845,77.4070,74.3463,74.5242,2523356
2017-03-22,74.8534,75.5296,74.1061,74.3730,1868701
2017-03-23,74.3196,74.9557,74.2128,74.5064,1253133
2017-03-24,74.7022,75.0047,74.1950,74.4441,929706
2017-03-27,73.9815,74.9157,73.6256,74.7378,846975
2017-03-28,74.7378,75.1648,74.5420,74.7378,851187
2017-03-29,74.7378,75.0670,74.6488,74.8534,994547
2017-03-30,74.8534,75.5652,74.8223,75.5118,1180198
2017-03-31,75.2716,76.9732,75.0848,76.7130,2114064
2017-04-03,76.7130,76.8642,75.2004,75.4762,1253920
2017-04-04,75.0759,75.7165,74.9602,75.2004,1216829
2017-04-05,75.4318,75.7965,74.4531,74.5865,1022312
2017-04-06,74.6488,75.4140,74.1861,74.9157,665638
2017-04-07,74.8890,75.2538,74.4619,74.9602,1059152
2017-04-10,75.0225,75.0794,74.4441,74.4797,555395
2017-04-11,74.4530,74.4530,73.8925,74.2484,801770
2017-04-12,74.2039,74.2662,73.3943,73.7057,753549
2017-04-13,73.8480,73.9815,73.2163,73.2608,826955
2017-04-17,73.4299,73.9726,73.3631,73.9192,596803
2017-04-18,73.7146,74.0037,73.3854,73.5277,636386
2017-04-19,73.6078,74.2751,73.6078,74.1772,712983
2017-04-20,74.4530,74.9602,74.1950,74.8267,638253
2017-04-21,74.7556,74.8089,74.3730,74.4886,762152
2017-04-24,75.4229,75.6008,75.0225,75.3784,538436
2017-04-25,75.4229,76.1969,75.4229,75.9745,754224
2017-04-26,76.0368,76.4994,75.8944,75.9656,578657
2017-04-27,76.0457,76.7041,75.9923,76.5795,524062
2017-04-28,76.6151,76.6685,75.9033,76.4905,1087120
2017-05-01,76.7575,77.0778,76.4105,76.6596,735287
2017-05-02,76.7575,76.9265,75.9834,76.4461,825785
2017-05-03,76.1969,76.8553,76.1969,76.8464,677293
2017-05-04,76.8019,77.2201,75.9834,76.6062,908358
2017-05-05,77.7896,78.0209,74.3819,75.1292,2176666
2017-05-08,75.0047,75.2494,73.9459,74.3730,1776889
2017-05-09,74.3819,75.4407,74.2751,75.4229,1100419
2017-05-10,75.2983,76.3126,74.7689,76.3126,1256324
2017-05-11,75.9300,77.3758,75.2093,75.9478,928602
2017-05-12,75.6720,75.8677,74.9068,74.9246,657771
2017-05-15,75.1826,75.6186,75.0225,75.1648,587037
2017-05-16,75.0848,75.3784,74.3819,74.4708,1135627
2017-05-17,73.8658,74.0794,72.5846,72.8248,1326997
2017-05-18,72.2643,72.6914,71.7838,71.9173,1302977
2017-05-19,72.1130,72.2465,70.8496,71.9173,1571938
2017-05-22,72.9138,73.9637,72.6298,73.7857,1475809
2017-05-23,73.7857,73.7857,72.7625,73.0562,980412
2017-05-24,73.0028,73.2697,72.0419,73.1540,949233
2017-05-25,73.5544,74.0473,72.8604,73.1985,1346209
2017-05-26,73.2074,73.5989,72.6647,72.8337,953083
2017-05-30,73.6790,74.6755,73.1718,73.6968,1317141
2017-05-31,73.7324,74.3818,73.3409,74.3552,2092481
2017-06-01,74.6933,76.2058,74.2840,76.1969,1490811
2017-06-02,76.1435,77.2201,75.8010,77.0689,1319174
2017-06-05,77.0422,77.8073,76.8553,77.6828,1077377
2017-06-06,77.5938,78.2611,76.9799,77.8162,1001853
2017-06-07,78.1010,78.2700,76.2236,76.6774,1151729
2017-06-08,76.4638,77.1712,75.8143,77.0956,834235
2017-06-09,77.1845,78.0921,75.9745,76.6685,1173774
2017-06-12,76.2859,76.7041,75.7165,76.6151,1638261
2017-06-13,77.2036,77.7314,76.6132,76.9710,1200006
2017-06-14,76.9621,76.9621,75.5933,75.9243,875765
2017-06-15,75.4055,75.7365,75.0208,75.5486,993365
2017-06-16,75.7365,75.9691,75.4144,75.7901,1172273
2017-06-19,76.0853,77.2036,75.9691,77.1141,782975
2017-06-20,76.9352,76.9621,76.4074,76.7026,730798
2017-06-21,76.9978,77.2707,76.7742,77.1499,1100209
2017-06-22,77.1589,78.4560,76.8905,78.1519,1039259
2017-06-23,78.1966,79.4043,77.9014,79.2969,1641432
2017-06-26,79.3954,79.7532,79.0733,79.1001,758399
2017-06-27,79.2254,79.4311,78.4739,78.4739,792039
2017-06-28,78.8675,79.3238,78.5545,78.8407,1108303
2017-06-29,78.8049,78.9928,77.1052,77.6509,1437167
2017-06-30,77.8298,78.3308,77.5435,77.5972,1229254
2017-07-03,77.8209,78.0758,77.5346,77.5435,472307
2017-07-05,77.6777,78.0221,77.3109,77.6777,815204
2017-07-06,77.5614,77.5704,76.5684,76.8994,860675
2017-07-07,77.2483,78.3666,77.1946,78.1071,617394
2017-07-10,77.6867,78.3666,77.6867,78.0356,548568
2017-07-11,78.1698,78.5276,77.5464,78.4113,479936
2017-07-12,78.9033,79.4311,78.6439,79.3059,581546
2017-07-13,79.2433,79.5385,78.7781,79.0196,683597
2017-07-14,78.9391,79.3059,78.5186,79.2701,460972
2017-07-17,79.1091,79.2164,78.7781,78.9749,444707
2017-07-18,78.8049,79.1449,78.2771,79.1270,540381
2017-07-19,79.4490,80.5136,79.1896,80.3168,726430
2017-07-20,80.3168,80.5046,79.8158,80.4778,531521
2017-07-21,80.5046,81.7839,80.1915,80.9788,1081484
2017-07-24,80.9698,81.4798,80.6478,81.1130,552558
2017-07-25,81.3098,81.8555,81.0951,81.7571,669428
2017-07-26,81.8644,82.4728,81.6139,82.1597,686810
2017-07-27,82.2938,82.5891,81.7481,82.4907,732548
2017-07-28,82.2938,82.9022,81.4082,81.4171,1015422
2017-07-31,81.6050,81.8108,80.2810,81.1219,1006631
2017-08-01,81.4529,82.4549,81.3187,82.2581,726231
2017-08-02,82.2133,82.2938,80.7909,80.8983,646456
2017-08-03,80.9698,81.7213,80.7015,80.8714,971918
2017-08-04,81.9360,83.8683,80.1826,80.8446,2085513
2017-08-07,80.8267,80.8267,79.2969,79.7979,1306987
2017-08-08,79.7800,80.0484,78.9928,79.2433,989001
2017-08-09,78.8407,79.1985,78.4560,79.1806,774020
2017-08-10,78.5902,78.8765,77.8030,77.8209,901008
2017-08-11,77.9640,79.0107,77.7940,78.2592,806014
2017-08-14,78.8228,79.5116,78.7244,79.2612,683380
2017-08-15,79.3685,79.5027,78.6349,78.6528,895893
2017-08-16,78.7691,79.2791,77.3288,78.8944,1548680
2017-08-17,78.4024,79.0912,77.9014,77.9461,1291986
2017-08-18,77.8209,79.1358,77.2483,78.1608,1185294
2017-08-21,77.5704,78.4024,76.6489,78.0087,1406849
2017-08-22,78.2324,78.2771,76.9621,77.3020,1275808
2017-08-23,77.0783,78.2413,76.1748,77.1231,3547256
2017-08-24,77.3288,77.5704,76.8547,77.3915,870087
2017-08-25,77.6151,78.2503,77.3288,77.7225,872762
2017-08-28,77.8477,78.6886,77.8477,78.0982,725924
2017-08-29,77.7314,78.0087,77.4362,77.7761,881155
2017-08-30,77.8119,78.4828,77.4004,78.4202,572475
2017-08-31,78.6349,79.0151,78.3397,78.8318,1269359
2017-09-01,79.0286,79.0702,78.3845,78.6081,620401
2017-09-05,78.3487,78.6260,77.2215,77.5256,637338
2017-09-06,77.5256,77.5614,76.3806,76.6847,1085442
2017-09-07,76.7473,77.3378,76.1390,77.2483,1006401
2017-09-08,77.0247,77.0783,76.0853,76.1480,1583400
2017-09-11,76.6400,78.1876,76.3537,77.8388,1008382
2017-09-12,78.0356,78.6618,77.4854,78.4918,834139
2017-09-13,78.2682,78.2682,76.8636,76.9084,762565
2017-09-14,76.6341,77.0839,75.9504,76.0853,957260
2017-09-15,76.0943,76.9489,75.8155,76.8950,1799130
2017-09-18,77.1468,77.2998,76.7240,76.8950,1005740
2017-09-19,77.1558,77.3627,76.7060,77.2188,771627
2017-09-20,77.3447,77.3627,76.3822,77.0479,614644
2017-09-21,76.9759,77.0299,76.2113,76.4542,470949
2017-09-22,76.4002,76.4991,75.7210,75.8245,746029
2017-09-25,75.6895,75.9144,74.7900,75.1138,520589
2017-09-26,75.2488,75.3927,74.5381,74.6820,748130
2017-09-27,74.9789,75.9684,74.7630,75.6536,877540
2017-09-28,75.3567,75.7975,75.1948,75.2847,677175
2017-09-29,75.4916,76.3462,75.2128,76.3462,953741
2017-10-02,76.2293,77.2188,76.0674,77.2188,1039561
2017-10-03,77.1288,77.1738,76.6926,77.0839,604262
2017-10-04,77.1828,77.3717,76.8770,77.0389,573162
2017-10-05,77.0659,77.8485,77.0029,77.3627,749098
2017-10-06,78.1723,80.6821,78.0374,80.4572,2118229
2017-10-09,80.6911,81.0060,79.9895,80.1514,991290
2017-10-10,80.5472,80.7091,79.8455,80.1334,824183
2017-10-11,80.2144,80.5112,79.8635,80.2953,570291
2017-10-12,80.2324,81.1679,79.9625,80.7811,725550
2017-10-13,80.9610,81.1049,80.5202,80.8980,681056
2017-10-16,80.8980,80.9790,80.3133,80.3853,583463
2017-10-17,80.1424,80.3313,79.6386,79.9535,589082
2017-10-18,80.1964,80.2324,79.2158,80.1424,720244
2017-10-19,79.9265,81.0240,79.8006,80.6462,611684
2017-10-20,81.2938,81.5637,80.6390,80.9610,1136473
2017-10-23,81.2758,81.3478,80.7721,80.9070,563594
2017-10-24,80.9610,81.7526,80.6911,81.1679,466653
2017-10-25,80.9340,81.4108,80.6462,80.9970,455257
2017-10-26,81.0779,81.3478,80.3403,81.2129,410732
2017-10-27,81.3658,82.5712,80.9790,82.0315,701110
2017-10-30,81.9235,82.0135,81.1049,81.2938,725611
2017-10-31,81.2489,81.6762,80.9880,81.4468,750475
2017-11-01,81.9865,82.5262,81.1049,81.4648,789830
2017-11-02,81.2579,81.5007,80.7991,80.9790,1058399
2017-11-03,82.3283,85.4049,81.3163,84.7842,1576912
2017-11-06,84.5773,84.6132,82.9311,83.1469,1385596
2017-11-07,83.1200,83.3449,82.4723,82.8591,678939
2017-11-08,82.7511,83.7587,82.2204,83.3538,672887
2017-11-09,82.7601,82.8591,82.0945,82.4093,627781
2017-11-10,82.1124,82.7601,81.8606,81.9235,584899
2017-11-13,81.5007,82.5442,81.5007,82.1934,782160
2017-11-14,81.7436,82.0225,81.1859,81.8786,760718
2017-11-15,81.8426,82.4183,81.1499,81.3118,807508
2017-11-16,81.5187,82.0495,81.0060,81.8336,918469
2017-11-17,81.5007,82.2609,81.3388,81.8156,1162386
2017-11-20,82.1934,83.3808,82.0900,83.0570,500526
2017-11-21,83.2909,84.0465,83.0930,83.1649,1040234
2017-11-22,83.2999,83.2999,82.0495,82.6072,508554
2017-11-24,82.7961,83.3021,82.7511,83.0840,234979
2017-11-27,83.3089,83.8756,83.0480,83.5518,519238
2017-11-28,83.7766,85.1260,83.7497,85.0360,909116
2017-11-29,84.9101,85.4228,84.5593,84.7122,793894
2017-11-30,84.8291,85.1530,84.3973,84.6582,854398
2017-12-01,84.5593,84.7212,82.8591,83.6867,1004356
2017-12-04,84.0555,84.5593,83.7856,84.2264,1308707
2017-12-05,83.7676,84.3704,81.4198,81.5547,1428537
2017-12-06,81.3658,82.6502,81.1859,82.1214,743666
2017-12-07,81.9415,84.5233,81.7346,83.4798,2148145
2017-12-08,84.0825,84.3163,82.9131,83.2279,1231914
2017-12-11,83.0480,83.4429,82.7062,83.0570,1231338
2017-12-12,83.1380,84.5098,82.5982,83.9925,872785
2017-12-13,83.9386,85.1800,83.6615,84.5053,907215
2017-12-14,84.5205,84.8552,83.2993,83.4078,1052282
2017-12-15,83.6476,84.9231,83.4350,84.2672,1438907
2017-12-18,84.7467,85.6513,84.3758,85.4794,1566693
2017-12-19,85.5790,86.2122,84.3667,84.3848,1782039
2017-12-20,84.4572,84.8281,83.2269,83.3174,1041710
2017-12-21,83.6249,83.8782,82.6479,82.8831,814120
2017-12-22,82.8198,82.8922,81.9958,82.1051,559608
2017-12-26,82.1594,82.3856,81.7161,82.0237,609378
2017-12-27,82.0056,82.2500,81.4267,82.1413,555495
2017-12-28,82.2861,82.7293,81.3452,81.9333,1095747
2017-12-29,82.1413,82.2589,81.4539,81.7252,630609
2018-01-02,82.1775,82.4489,81.4628,81.9152,800843
2018-01-03,81.8428,81.9423,80.6758,81.3362,1591182
2018-01-04,81.3181,82.8786,81.3181,82.0147,1295898
2018-01-05,82.5122,83.2117,82.0418,83.1183,679599
2018-01-08,82.9374,83.9958,82.8650,83.9687,727677
2018-01-09,84.1315,84.5658,83.1636,83.3354,814301
2018-01-10,83.1907,83.8692,82.9736,83.5707,537073
2018-01-11,83.5254,84.7015,83.3535,84.6291,812028
2018-01-12,85.9227,87.9129,85.6242,87.3611,1874908
2018-01-16,87.8406,87.8587,86.1941,86.7188,1192833
2018-01-17,87.2525,88.3833,87.1621,88.0034,708350
2018-01-18,88.1210,88.3381,87.6054,88.2024,1012631
2018-01-19,88.6366,88.8990,88.1572,88.4738,1070388
2018-01-22,88.8538,88.8990,87.7682,88.0486,976178
2018-01-23,88.0486,88.0486,87.1802,87.5330,808660
2018-01-24,87.8858,87.9853,86.6283,86.7007,837170
2018-01-25,87.5149,88.8266,87.1892,88.3652,1117577
2018-01-26,88.7542,89.5594,88.5914,89.5594,976306
2018-01-29,89.6589,91.1877,89.5684,89.7222,986093
2018-01-30,89.4508,90.4007,88.9623,90.2831,906548
2018-01-31,90.3374,90.6992,89.4327,89.9755,887861
2018-02-01,90.0026,90.4459,88.3652,89.6679,1483355
2018-02-02,91.2330,97.5021,90.9887,93.9650,4455927
2018-02-05,93.6755,95.8919,91.4229,91.4229,3017070
2018-02-06,90.1564,93.3408,89.5956,92.9608,3183290
2018-02-07,92.9789,94.2273,92.5809,92.8432,2096190
2018-02-08,93.1327,93.1779,89.3061,89.3242,2042550
2018-02-09,90.0207,90.7535,87.6958,89.6770,3309502
2018-02-12,90.3012,92.2823,90.1338,91.6400,1243518
2018-02-13,91.2239,92.3547,90.6449,92.2190,1024891
2018-02-14,91.9295,95.1862,91.6400,95.0053,1659315
2018-02-15,95.5662,96.2220,94.6435,96.0095,1694126
2018-02-16,95.7381,96.8689,94.9963,95.8104,1075534
2018-02-20,95.2224,96.7694,94.8425,95.6657,1420214
2018-02-21,95.9823,96.4799,94.9601,94.9782,1114749
2018-02-22,95.2857,96.1180,94.3268,94.7430,1131920
2018-02-23,95.3762,96.8960,95.2315,96.5522,1226615
2018-02-26,96.9322,97.0588,96.1361,96.6337,973799
2018-02-27,96.7874,97.3755,96.0917,96.4527,1206027
2018-02-28,96.5432,97.5021,96.0276,96.0276,1066048
2018-03-01,96.9503,97.2760,95.2134,96.1813,1335922
2018-03-02,95.5933,96.4437,95.2586,96.1542,818239
2018-03-05,95.9733,97.6559,95.5246,97.0407,957440
2018-03-06,97.3302,98.3796,97.0860,98.0449,955448
2018-03-07,97.3121,98.7686,97.3121,98.4610,898965
2018-03-08,98.7867,98.8093,97.1312,98.1263,888341
2018-03-09,98.1535,99.0490,97.9092,98.6872,1629057
2018-03-12,98.7143,98.9857,98.1806,98.4701,1327917
2018-03-13,98.8229,99.7728,98.2801,98.8048,1425868
2018-03-14,99.4673,99.7490,98.6674,99.0310,933538
2018-03-15,99.0310,99.5218,98.6401,98.8946,930065
2018-03-16,99.0764,99.8217,98.7310,98.9219,1290515
2018-03-19,98.4583,99.1127,97.9129,98.8492,1027906
2018-03-20,99.1219,99.8308,98.8310,99.4309,1077103
2018-03-21,99.1037,99.7945,98.9401,99.1582,1070311
2018-03-22,98.4492,98.8673,97.3767,97.4403,1031288
2018-03-23,97.7402,97.9902,94.7861,94.7861,975747
2018-03-26,95.9678,96.7858,95.3951,96.1586,1286358
2018-03-27,96.6677,97.3676,95.6951,96.2859,2009844
2018-03-28,96.0496,96.6949,94.4589,94.4953,867943
2018-03-29,94.9770,96.2132,94.5862,95.7133,920501
2018-04-02,95.4497,96.0950,93.7863,95.0043,1445071
2018-04-03,95.6860,96.7313,94.8952,95.3769,1325175
2018-04-04,94.3316,96.7306,94.2427,96.4132,1603068
2018-04-05,97.1949,97.8857,96.4586,96.9767,1409480
2018-04-06,96.1405,96.7677,94.2589,94.5134,1080416
2018-04-09,95.1770,96.1405,95.0315,95.1770,1018757
2018-04-10,96.3586,97.9857,96.1405,97.7584,1075204
2018-04-11,97.2130,98.4129,96.7313,97.8311,773851
2018-04-12,98.3856,99.0310,97.8766,98.4674,729875
2018-04-13,98.5128,98.6901,97.5221,97.8857,546051
2018-04-16,98.1220,99.4900,97.1767,99.0037,743534
2018-04-17,99.3036,100.8307,99.0673,100.5762,798605
2018-04-18,100.7489,101.7215,100.3399,101.2761,716996
2018-04-19,100.7671,101.2579,100.4762,100.6307,832328
2018-04-20,100.9489,101.3124,100.1217,100.5035,719241
2018-04-23,100.7580,101.5124,99.6672,99.8217,762807
2018-04-24,99.9581,101.1579,99.0037,99.6581,1090035
2018-04-25,99.3036,99.6400,98.5591,99.4582,803556
2018-04-26,99.6127,100.2944,99.2400,99.8308,548134
2018-04-27,99.8490,100.2126,99.2037,100.1217,921847
2018-04-30,100.3489,100.8398,99.4945,99.8308,899750
2018-05-01,99.8308,99.8763,97.1131,98.6037,1209641
2018-05-02,98.8037,99.1673,97.6857,97.8311,959650
2018-05-03,97.7311,98.1311,95.8951,97.8857,1843195
2018-05-04,98.1311,99.2127,95.4951,98.1947,2377996
2018-05-07,98.6492,98.6765,96.9404,97.5403,1615181
2018-05-08,97.5312,98.6037,97.1585,98.0220,1136975
2018-05-09,98.0675,98.3583,95.8132,96.1496,1866747
2018-05-10,96.6404,99.0037,96.5768,98.8492,1517319
2018-05-11,98.7037,98.7764,97.7130,98.5038,1065483
2018-05-14,98.5583,99.3854,97.3585,97.6039,1239310
2018-05-15,97.2767,98.2220,97.0449,98.1493,1145615
2018-05-16,98.0947,98.4856,97.4130,97.5312,968471
2018-05-17,96.9404,97.2585,96.4495,96.5768,1121982
2018-05-18,96.4586,97.2312,96.2495,96.7222,2433443
2018-05-21,97.3585,98.6037,97.0949,98.5128,1337648
2018-05-22,99.0764,99.7945,98.4492,99.3582,1964399
2018-05-23,98.7401,100.7580,98.5128,100.7489,1282737
2018-05-24,100.3762,100.9579,100.0217,100.7671,1344975
2018-05-25,100.9852,101.3670,100.1081,100.5035,907480
2018-05-29,100.0399,100.3762,99.1673,99.6945,1297994
2018-05-30,99.8036,100.5762,99.4945,99.5036,1063260
2018-05-31,99.8945,99.8945,97.4585,97.5675,3675824
2018-06-01,98.1856,99.2127,97.9220,99.1764,819320
2018-06-04,99.2218,100.0035,98.8764,99.9036,646364
2018-06-05,99.9763,102.1941,99.5400,102.1123,1340761
2018-06-06,102.0669,103.2576,101.3761,103.2394,1660722
2018-06-07,103.3121,103.3394,101.2488,102.0032,1378736
2018-06-08,102.0123,102.6395,101.1125,102.0760,789790
2018-06-11,102.0032,102.6213,101.8124,102.2668,732903
2018-06-12,102.6213,103.0395,101.9305,102.9667,695218
2018-06-13,103.2758,104.0393,102.7668,103.2849,702907
2018-06-14,103.4825,104.5052,103.4825,104.0030,822326
2018-06-15,103.8021,104.7334,103.0168,104.5691,1693764
2018-06-18,103.7382,105.5370,103.7199,105.4639,889232
2018-06-19,104.5965,105.8109,104.4230,105.7379,1051263
2018-06-20,105.8657,106.5414,105.2493,105.8931,730155
2018-06-21,106.5049,107.3997,105.9387,106.8792,849889
2018-06-22,107.0527,108.0845,106.9340,107.4819,1749534
2018-06-25,107.3997,107.6371,105.3817,105.9661,1072347
2018-06-26,105.9022,106.2857,105.4091,105.4457,1155843
2018-06-27,105.7196,105.9479,104.9435,105.3817,1125350
2018-06-28,105.0074,107.1623,104.8795,106.9340,976665
2018-06-29,107.2445,107.6097,106.1762,106.2583,1374288
2018-07-02,105.8018,106.4227,104.9617,106.3862,871839
2018-07-03,106.8062,107.4483,105.6922,105.8292,648856
2018-07-05,106.3770,107.4271,105.8474,107.2719,1019008
2018-07-06,107.1349,108.4589,106.9614,108.1211,818717
2018-07-09,108.4133,108.4589,106.9340,108.0206,934636
2018-07-10,108.8972,109.2533,107.9202,108.3311,1047279
2018-07-11,108.7968,110.7600,108.1212,109.8651,2776457
2018-07-12,110.2486,110.4312,109.8934,110.2760,812009
2018-07-13,110.2760,111.1153,109.6916,110.2760,587969
2018-07-16,110.6139,110.9243,109.9564,110.8056,801179
2018-07-17,110.5956,111.9196,110.3217,111.8100,985337
2018-07-18,111.7918,112.5953,110.9060,112.4857,919988
2018-07-19,111.9287,112.3205,111.3900,111.5635,738454
2018-07-20,111.4904,111.7735,110.8239,111.1069,692778
2018-07-23,111.2256,111.4539,110.5956,111.4174,589167
2018-07-24,111.3991,111.7461,110.2577,110.9152,973972
2018-07-25,110.6504,113.3532,110.6504,113.2710,1034047
2018-07-26,113.1340,114.4215,113.0427,114.2754,801007
2018-07-27,113.9924,114.1567,112.4766,112.7231,1386427
2018-07-30,112.2574,112.7291,109.7053,110.0112,898455
2018-07-31,110.3582,111.0932,109.8560,110.7600,926015
2018-08-01,110.6686,111.5452,109.6094,110.3947,1061968
2018-08-02,109.8377,111.3535,109.6916,110.9608,1233340
2018-08-03,106.1488,109.4725,105.6100,107.4454,2021651
2018-08-06,107.1532,109.0890,107.1532,108.8607,1377200
2018-08-07,109.5729,110.9791,109.3538,110.4860,1029712
2018-08-08,110.9974,111.0156,109.0068,109.4086,1020366
2018-08-09,109.0616,111.3443,108.8744,110.8969,1144765
2018-08-10,110.6230,111.4220,110.2943,110.4952,555655
2018-08-13,110.8330,111.9287,110.1847,110.8056,759871
2018-08-14,110.9426,111.1435,110.1482,110.4860,942042
2018-08-15,110.0751,110.5773,108.9246,109.8286,780170
2018-08-16,110.3399,111.1845,110.3399,110.7691,788366
2018-08-17,110.7782,112.9331,110.4906,112.3031,896810
2018-08-20,113.3167,114.7594,113.3167,114.1293,979684
2018-08-21,114.0654,114.8507,113.5175,113.6728,455524
2018-08-22,113.6910,113.9193,113.1523,113.5997,638731
2018-08-23,113.6728,114.3713,113.5997,114.2206,533181
2018-08-24,114.6863,115.9555,114.1567,115.6451,959669
2018-08-27,115.8277,116.4760,115.1520,116.1929,972650
2018-08-28,116.5034,117.3161,116.2934,116.7225,910874
2018-08-29,116.7225,117.6539,116.5262,117.5352,555238
2018-08-30,117.7361,117.9735,116.1016,116.4577,1086363
2018-08-31,115.9464,117.3891,115.7455,117.2065,984024
2018-09-04,116.4851,117.0467,115.7090,117.0330,706098
2018-09-05,116.7499,117.1060,115.7090,116.3482,772533
2018-09-06,116.9782,117.2248,115.7638,116.5217,758737
2018-09-07,116.5125,116.8595,115.5035,115.7729,863758
2018-09-10,116.3938,116.5947,115.6816,116.0834,678018
2018-09-11,116.0834,116.7499,115.7729,116.3664,632251
2018-09-12,115.9099,116.2660,114.4215,115.0424,859865
2018-09-13,115.3425,116.3052,115.3425,115.6542,669863
2018-09-14,116.9653,117.0020,115.6634,116.2227,819806
2018-09-17,116.5527,116.5527,115.2233,115.9751,987004
2018-09-18,115.6450,117.7172,115.6450,116.0851,887951
2018-09-19,115.9843,116.2410,113.6188,114.1780,640123
2018-09-20,114.5173,115.6450,113.9488,115.6084,620512
2018-09-21,115.6084,117.9005,115.5167,117.7355,2251961
2018-09-24,117.0845,118.6799,116.1493,118.2398,1363351
2018-09-25,118.2765,119.4317,118.2306,119.1200,1258810
2018-09-26,119.1933,119.4867,117.8364,118.0381,1148247
2018-09-27,117.9647,118.8541,117.7355,117.8455,452573
2018-09-28,117.5888,119.5051,117.4696,119.3217,831330
2018-10-01,120.1102,120.5503,117.1491,117.5338,1169033
2018-10-02,117.2312,117.9556,115.5258,116.3235,1407169
2018-10-03,116.9195,117.6575,116.1768,116.2502,796116
2018-10-04,115.9384,115.9843,114.6365,115.4708,660907
2018-10-05,115.3516,116.4244,114.3981,115.1499,651472
2018-10-08,115.0766,115.1041,112.5368,113.2337,630836
2018-10-09,113.0044,114.3614,112.6927,114.1047,727377
2018-10-10,113.8205,113.8846,110.5564,110.6481,1001119
2018-10-11,110.3180,111.0790,107.9983,108.1359,1024236
2018-10-12,109.6487,110.7856,108.8419,110.2447,874716
2018-10-15,110.0063,110.8865,108.7777,110.0338,782007
2018-10-16,110.5839,113.7746,110.2263,113.4721,745027
2018-10-17,113.7746,113.7930,111.8675,113.2887,580220
2018-10-18,113.1878,114.4714,112.6377,113.5546,863772
2018-10-19,113.8113,114.5448,112.9586,113.1053,942139
2018-10-22,113.3895,113.5454,111.6979,112.7936,599809
2018-10-23,111.5191,113.0044,110.2355,112.1243,638994
2018-10-24,111.8950,114.2606,109.5295,109.6395,946107
2018-10-25,110.1255,112.3993,109.9971,111.5099,804718
2018-10-26,110.2538,111.2349,108.5851,109.7312,799342
2018-10-29,110.8956,111.8400,106.0054,107.3290,1092380
2018-10-30,107.5032,109.5478,106.2838,109.3278,1093104
2018-10-31,110.6756,113.5362,110.1576,112.3718,1092441
2018-11-01,112.5919,113.7746,111.2807,113.4904,955690
2018-11-02,114.5448,118.7532,113.6279,118.1298,2171288
2018-11-05,117.6255,117.9739,111.0974,113.7196,1720925
2018-11-06,113.3712,115.5167,112.9494,115.4250,934115
2018-11-07,116.0118,118.2123,115.4800,117.9739,892075
2018-11-08,117.4421,118.9641,116.7911,118.8174,818515
2018-11-09,118.6615,119.1842,117.3458,118.8724,942608
2018-11-12,118.6891,118.6891,115.9935,116.4335,574628
2018-11-13,116.9378,118.6020,116.1997,116.3510,853039
2018-11-14,116.7453,119.4134,114.8199,118.0289,1053974
2018-11-15,117.9464,119.2850,116.7636,118.6340,948697
2018-11-16,118.1023,119.6380,117.6347,119.2117,800226
2018-11-19,118.7899,119.1475,115.5763,115.7917,723868
2018-11-20,113.5087,115.7276,113.0044,113.2978,1092313
2018-11-21,114.2147,114.7923,112.9311,113.7930,766915
2018-11-23,112.7477,114.3889,112.7477,114.0130,247640
2018-11-26,114.8840,116.7820,114.6640,116.7820,862920
2018-11-27,116.1585,119.4134,116.1585,118.5515,1267569
2018-11-28,118.9091,121.1188,118.2856,121.0913,986927
2018-11-29,120.7979,122.0265,120.3669,121.5589,770809
2018-11-30,121.1921,121.8981,119.5968,120.3394,1367085
2018-12-03,122.1090,122.7050,120.9904,122.6683,1081976
2018-12-04,122.4482,122.8333,119.0512,119.2667,1601877
2018-12-06,117.9922,119.1200,115.0124,118.9733,1246586
2018-12-07,118.6799,118.9183,115.8468,116.9287,1279792
2018-12-10,116.5069,119.3767,115.2141,118.8266,975135
2018-12-11,120.1560,120.4128,118.5240,118.6982,955100
2018-12-12,119.5784,121.3205,119.3767,119.4226,959526
2018-12-13,119.7198,120.8341,117.5556,118.8449,822007
2018-12-14,117.7398,118.3384,115.4743,116.6347,655240
2018-12-17,116.5887,117.0814,113.0247,113.4944,1040783
2018-12-18,113.8351,114.4936,110.8882,112.2511,1234266
2018-12-19,112.1590,113.1997,109.2213,109.6357,1022198
2018-12-20,109.3410,110.1606,104.7732,106.3664,1198201
2018-12-21,106.3664,109.1476,102.8854,102.8946,2606412
2018-12-24,102.1578,103.4563,100.3528,100.3528,788484
2018-12-26,100.8501,103.4287,99.6898,103.2998,1229887
2018-12-27,101.9184,103.5392,99.8555,103.5208,815926
2018-12-28,103.6129,104.6811,102.3881,103.3734,654109
2018-12-31,104.0918,105.9428,103.7234,105.9428,1051558
2019-01-02,104.8930,106.7164,104.6397,105.7034,1078609
2019-01-03,104.6443,105.3488,101.8631,102.0013,935406
2019-01-04,103.5668,107.5360,103.1985,106.4217,920463
2019-01-07,106.3664,107.5728,105.5929,106.9190,1220552
2019-01-08,107.6557,110.0593,107.0755,110.0593,1430010
2019-01-09,109.9120,110.5750,106.9374,106.9742,1473135
2019-01-10,106.1823,108.3556,105.8691,108.2635,1042035
2019-01-11,107.6557,108.4477,106.7532,106.8269,1122096
2019-01-14,106.3941,107.1676,105.8323,106.0165,1187488
2019-01-15,105.9612,106.9650,105.3903,106.6151,1189698
2019-01-16,106.5782,107.6557,105.4455,105.4916,1250644
2019-01-17,105.5652,106.6519,104.2944,104.7548,1137117
2019-01-18,105.2061,106.9927,105.0771,106.4585,1239848
2019-01-22,106.1178,106.6980,104.9114,105.4179,1167622
2019-01-23,106.1086,106.4585,104.9022,105.4087,742780
2019-01-24,105.6942,106.0579,104.7364,105.7126,711791
2019-01-25,106.6795,107.5728,106.3664,106.9927,744204
2019-01-28,105.7678,106.1546,104.7088,106.1178,595483
2019-01-29,106.0625,106.9374,105.4824,106.5690,855704
2019-01-30,106.4309,107.9172,106.4033,107.5728,930437
2019-01-31,107.4163,108.3648,107.2413,107.6649,980959
2019-02-01,108.1254,109.7646,107.6189,109.0095,1183996
2019-02-04,108.8990,110.7408,108.5490,110.5566,1599782
2019-02-05,110.5843,110.8237,109.4607,109.9396,942858
2019-02-06,109.9304,111.1276,109.8291,110.9066,906450
2019-02-07,110.3172,110.3356,108.4753,109.2397,1031679
2019-02-08,119.6645,125.9636,118.6147,124.6651,4429326
2019-02-11,124.6744,125.7426,123.4403,123.5692,1903121
2019-02-12,123.6706,127.3819,123.6706,126.3689,1823425
2019-02-13,126.5807,127.0135,125.5861,126.7556,1178017
2019-02-14,126.7556,127.0688,125.6966,126.3412,956314
2019-02-15,127.4003,127.9344,126.6635,127.6674,1077198
2019-02-19,127.0503,128.4593,127.0319,127.9252,773942
2019-02-20,128.1646,128.8461,127.5753,128.2015,1067872
2019-02-21,128.3580,128.6067,127.1885,127.4463,981294
2019-02-22,127.9068,128.9843,127.6305,128.9106,942656
2019-02-25,129.4355,130.2828,128.9751,130.0433,742426
2019-02-26,130.0065,130.9366,130.0065,130.4393,1130122
2019-02-27,130.1999,131.7102,130.1999,131.6826,757051
2019-02-28,131.8668,132.8982,131.4339,131.8023,1444114
2019-03-01,132.3733,133.1376,131.7194,132.2535,678351
2019-03-04,133.3863,133.4784,129.8868,130.7709,1087747
2019-03-05,130.7524,131.1669,129.8975,130.4025,808852
2019-03-06,130.4209,130.5683,128.7771,129.1869,690670
2019-03-07,129.4079,129.5184,127.7257,128.4593,886839
2019-03-08,127.0043,127.9528,125.2177,127.8700,707995
2019-03-11,127.3082,130.7524,127.3082,130.2643,1013672
2019-03-12,130.5590,131.0103,128.9658,129.1132,919815
2019-03-13,129.7210,130.6327,128.8645,129.8591,809534
2019-03-14,130.3783,130.3783,129.0514,129.5368,1305756
2019-03-15,129.4444,130.9516,129.3057,130.0454,1092726
2019-03-18,129.9714,130.5170,128.8248,129.9159,721419
2019-03-19,130.5817,130.5817,129.4259,129.8789,662502
2019-03-20,129.7772,130.1933,128.0712,128.2515,811610
2019-03-21,128.4919,130.6094,128.3579,130.0454,708197
2019-03-22,129.4628,130.1748,127.7787,128.1961,722841
2019-03-25,128.1961,128.5012,126.8738,128.1961,732803
2019-03-26,129.3334,129.9067,128.5289,129.8235,1088569
2019-03-27,129.8235,130.7944,128.2608,128.8711,916582
2019-03-28,128.9635,129.9159,128.2238,128.7046,858552
2019-03-29,129.3149,130.0176,128.8526,129.8420,897648
2019-04-01,130.8499,131.7283,129.6293,130.6742,701110
2019-04-02,131.2105,131.6219,130.1563,130.9978,662707
2019-04-03,131.7005,132.7917,130.9701,131.5711,957338
2019-04-04,131.9410,131.9964,129.2132,130.0824,442572
2019-04-05,130.6834,130.7944,129.7218,130.0639,1018664
2019-04-08,130.0546,130.2950,128.9820,130.0361,578566
2019-04-09,129.9437,130.8406,129.1854,130.1748,756792
2019-04-10,130.3783,131.9964,130.2858,131.9502,646104
2019-04-11,132.4310,132.7084,131.4324,132.2738,904996
2019-04-12,132.6622,132.8471,131.4694,132.4403,732410
2019-04-15,132.2553,132.8749,131.7052,132.7547,461945
2019-04-16,132.9951,133.9937,132.6160,133.9013,714351
2019-04-17,134.0769,134.7797,132.6437,132.8009,511372
2019-04-18,133.2817,133.8828,132.4403,132.5605,601281
2019-04-22,132.3293,133.7256,131.7745,133.2632,663179
2019-04-23,133.3742,135.3807,133.0598,135.0663,897623
2019-04-24,134.7335,136.4718,134.7335,135.9170,1106572
2019-04-25,135.2883,135.2883,132.8934,134.5763,890280
2019-04-26,134.7150,135.6766,133.8365,135.2420,756319
2019-04-29,134.9091,135.0663,133.8180,134.3174,712582
2019-04-30,134.5208,134.5208,132.6714,133.9937,666094
2019-05-01,134.0400,134.2711,131.9595,131.9779,1056373
2019-05-02,131.8023,132.4865,130.5355,131.6266,1018041
2019-05-03,132.4218,137.2486,130.0546,132.8009,1563989
2019-05-06,130.7204,131.9132,128.7231,131.5618,1011663
2019-05-07,130.2303,131.2937,129.9529,131.0718,1026086
2019-05-08,131.0533,133.1338,130.5632,132.2738,809553
2019-05-09,131.2475,134.4098,130.5678,134.2896,1375587
2019-05-10,133.6331,137.3133,133.5591,137.2486,1468497
2019-05-13,134.2896,134.7150,131.8300,132.4403,1199502
2019-05-14,132.9211,134.2619,132.6622,133.7348,1045251
2019-05-15,132.9951,134.3451,132.3016,134.2434,795844
2019-05-16,134.8814,137.7561,134.6317,137.2116,847933
2019-05-17,135.8985,137.2301,135.5934,135.8800,1623188
2019-05-20,135.4085,136.0280,134.2526,135.8338,1098216
2019-05-21,136.4903,138.3767,136.4903,137.5260,989555
2019-05-22,136.8787,141.4650,136.8787,141.1322,1310826
2019-05-23,139.9763,142.0198,138.7558,139.1441,1807941
2019-05-24,139.9208,140.2306,138.0253,139.2828,736313
2019-05-28,139.4955,140.7623,137.9513,139.0794,1271620
2019-05-29,138.4969,139.4400,137.3780,138.0253,659780
2019-05-30,138.1547,140.5219,138.1547,139.8931,867262
2019-05-31,138.5061,139.3476,137.3595,138.6541,808506
2019-06-03,138.7280,140.7068,138.6196,140.6328,1351363
2019-06-04,141.3356,145.2284,141.2431,145.1175,1536556
2019-06-05,146.0237,149.1583,145.8295,148.5295,1447769
2019-06-06,148.5480,149.1953,146.9483,148.8531,863883
2019-06-07,149.4264,151.4422,148.8531,151.2573,637155
2019-06-10,151.2665,151.8953,149.0381,149.3432,1019540
2019-06-11,149.9997,150.5730,147.9932,148.4648,830916
2019-06-12,148.7977,149.3617,147.9470,149.1583,911862
2019-06-13,150.3116,150.7570,147.7318,148.4278,763962
2019-06-14,148.4742,149.4486,147.3328,148.7990,900942
2019-06-17,149.4671,152.1768,148.9753,152.0376,1164019
2019-06-18,152.3345,154.0791,151.7777,153.1975,1186617
2019-06-19,153.3460,154.8307,152.2093,154.5431,1052252
2019-06-20,156.1485,157.1043,153.6986,154.8400,1332674
2019-06-21,155.1184,155.4154,153.1140,153.1975,1615400
2019-06-24,153.4759,155.3133,152.4923,153.6801,765118
2019-06-25,153.9399,154.7936,152.2520,152.3624,957989
2019-06-26,153.3460,154.9421,152.8727,153.0027,1071834
2019-06-27,153.4759,154.0327,151.8056,152.7428,706790
2019-06-28,153.1047,154.9235,151.6571,154.7194,2931190
2019-07-01,155.9072,156.6403,152.6129,154.8679,957925
2019-07-02,154.8679,156.7888,154.1719,156.1856,1227131
2019-07-03,156.0557,158.3385,156.0557,158.0972,425798
2019-07-05,157.9209,158.3849,156.1299,158.3570,599653
2019-07-08,157.3826,157.5682,156.1856,156.8815,580517
2019-07-09,156.7609,158.2225,155.6010,158.0786,926187
2019-07-10,158.6818,159.9021,158.0044,158.4312,885652
2019-07-11,158.6725,158.7560,156.5939,158.7468,765581
2019-07-12,159.0159,159.9346,158.4962,159.8696,510003
2019-07-15,159.8696,160.7140,159.1829,160.3521,655089
2019-07-16,160.6584,160.9460,158.7004,159.1736,624940
2019-07-17,157.7538,158.7653,156.9690,157.9023,519358
2019-07-18,158.1157,159.2200,157.2899,159.1643,590460
2019-07-19,160.2129,160.2129,156.6496,156.7424,733679
2019-07-22,157.3084,158.7421,156.9279,157.7353,452889
2019-07-23,158.4034,158.5333,156.3619,158.4962,485141
2019-07-24,158.2828,158.2828,155.3690,155.5174,1000300
2019-07-25,155.5731,157.1275,154.8307,156.7609,641980
2019-07-26,157.3826,158.0647,156.6310,157.8466,542712
2019-07-29,158.4962,158.4962,156.1577,156.6124,790942
2019-07-30,156.0557,157.1599,154.0141,154.0420,1013612
2019-07-31,154.3204,155.7123,153.1883,154.0049,1036237
2019-08-01,154.0327,155.8237,152.5387,152.8913,1506599
2019-08-02,151.6942,159.8789,149.2258,157.8281,1732395
2019-08-05,155.4432,156.8723,154.1533,156.5753,1459079
2019-08-06,157.0764,159.7768,157.0764,159.2200,900088
2019-08-07,158.4869,161.8090,157.2620,161.4657,1186244
2019-08-08,162.6628,166.2354,162.3937,166.1612,950928
2019-08-09,165.7993,165.8503,163.1175,163.6000,703497
2019-08-12,162.8298,164.0733,161.6049,162.9040,1347443
2019-08-13,162.6720,164.5001,162.5885,163.3680,822086
2019-08-14,161.2523,162.3101,158.6261,158.7096,1140766
2019-08-15,158.9231,160.7465,157.9116,159.6654,672774
2019-08-16,160.5377,162.1524,159.9160,160.8347,937277
2019-08-19,162.6813,164.7136,161.6420,164.1289,640600
2019-08-20,163.8134,164.4445,162.4122,162.7556,440252
2019-08-21,164.4816,166.3282,163.8784,166.2911,769344
2019-08-22,166.2911,166.6066,165.1126,165.8550,856315
2019-08-23,165.1775,166.0777,162.1663,162.6442,886610
2019-08-26,163.6742,165.5487,163.6742,165.5023,723477
2019-08-27,165.7250,166.7504,164.4352,165.6508,1096055
2019-08-28,164.9456,165.4652,163.5814,165.4003,656592
2019-08-29,166.8386,168.7271,166.5881,168.1099,560229
2019-08-30,169.1028,169.1492,167.0613,167.8779,692244
2019-09-03,167.0428,167.6459,165.3167,165.7343,848575
2019-09-04,166.7829,167.0892,165.2611,166.0313,722561
2019-09-05,163.7763,163.9990,159.7443,161.0667,3141480
2019-09-06,161.7255,163.0711,160.9847,162.2081,2589897
2019-09-09,162.5328,162.6858,158.9787,159.3035,1044661
2019-09-10,158.3292,158.3292,151.3509,152.5851,2085698
2019-09-11,152.5758,154.3389,152.4273,153.4017,1486288
2019-09-12,154.5332,155.7717,153.1458,154.7008,1948942
2019-09-13,154.5146,156.7540,154.1515,155.5389,1092938
2019-09-16,154.7753,155.5854,154.2446,154.5984,1167663
2019-09-17,155.0919,157.5402,155.0035,157.2149,1305096
2019-09-18,157.3174,157.7573,155.2223,156.8704,960514
2019-09-19,157.0101,157.8854,155.5482,155.8927,761015
2019-09-20,156.3024,157.5315,154.7567,154.7660,1401999
2019-09-23,154.8126,157.7666,154.8126,156.8704,1213241
2019-09-24,158.1647,160.7812,157.2242,157.5781,1223333
2019-09-25,157.3919,160.1760,156.4421,159.8035,730317
2019-09-26,159.6918,160.8557,159.1890,160.5019,767013
2019-09-27,160.8278,160.8278,157.8574,158.4720,619240
2019-09-30,158.4254,159.4962,158.0343,158.6768,937019
2019-10-01,158.6955,159.0679,153.8535,154.0490,1350576
2019-10-02,153.4065,153.4065,151.2509,153.1086,1665103
2019-10-03,152.4847,153.6579,151.0973,153.3414,1110821
2019-10-04,153.9839,156.6935,153.1458,156.6283,954457
2019-10-07,156.4328,156.8332,155.2409,156.2372,807033
2019-10-08,157.2149,161.3120,155.9858,158.9934,1890367
2019-10-09,159.6732,160.5764,158.4906,159.3193,963981
2019-10-10,158.6582,158.9934,157.1125,158.3044,709442
2019-10-11,160.2039,160.5205,155.9951,155.9951,1292076
2019-10-14,155.9858,157.4757,155.8089,155.8182,1064249
2019-10-15,156.0976,158.8631,156.0044,158.0250,679857
2019-10-16,158.7513,160.9023,157.4105,160.8650,1159153
2019-10-17,161.6006,164.7665,160.7206,163.6212,1150678
2019-10-18,164.2265,164.3754,161.4517,162.9974,818038
2019-10-21,163.5467,164.1334,162.2385,163.8913,816505
2019-10-22,163.8913,164.2777,157.3080,157.4384,899211
2019-10-23,157.5874,157.8574,156.4514,157.4477,1095268
2019-10-24,154.7660,155.6879,146.8606,152.0098,2846841
2019-10-25,152.1402,153.3879,150.8459,152.1588,937819
2019-10-28,153.4252,153.4252,150.8179,151.6094,1056189
2019-10-29,150.8459,153.4438,150.8412,153.4065,852728
2019-10-30,153.4997,154.4122,152.7175,153.9745,1090277
2019-10-31,154.5705,156.2512,147.4100,154.8684,2670657
2019-11-01,155.5389,156.8844,154.9057,156.0231,962138
2019-11-04,156.6749,156.8518,149.2536,149.5330,1455860
2019-11-05,148.7508,149.3840,143.4153,146.2740,3020709
2019-11-06,146.2740,148.2107,145.5383,147.6800,1289656
2019-11-07,148.6670,152.6104,148.2387,151.0321,1574159
2019-11-08,150.8273,153.7045,150.5107,153.6021,1190736
2019-11-11,151.1625,152.1588,149.1233,150.0544,1190182
2019-11-12,149.9054,150.2313,148.5273,150.0265,1248380
2019-11-13,149.5423,152.7827,149.5423,150.4734,1135713
2019-11-14,149.6354,151.8701,149.1512,150.6038,658747
2019-11-15,151.0135,151.1904,149.3933,150.9204,913745
2019-11-18,150.9204,152.1867,150.3500,151.7398,923799
2019-11-19,152.6989,155.0826,152.0145,154.5705,928053
2019-11-20,154.6357,156.6562,153.3097,154.9057,1043557
2019-11-21,154.3191,155.2130,153.0155,153.6952,970648
2019-11-22,153.9094,154.9150,153.1551,154.4308,706529
2019-11-25,155.0919,155.4923,153.1272,154.3098,783320
2019-11-26,154.5053,156.4141,153.4531,154.9057,2956230
2019-11-27,155.3713,156.3071,154.5705,155.8741,778335
2019-11-29,155.1478,156.3769,154.8126,155.7810,434594
2019-12-02,155.3061,155.5947,151.1532,153.6766,877236
2019-12-03,152.9596,154.4774,151.7212,153.5090,1006505
2019-12-04,154.1515,155.0454,153.4903,153.7697,1002656
2019-12-05,153.3320,153.6207,149.3188,149.3933,1697131
2019-12-06,149.4957,150.6131,148.7694,149.6447,1497349
2019-12-09,149.5814,150.8798,148.6447,149.7854,1126981
2019-12-10,150.3338,150.8830,149.3654,149.8402,1688712
2019-12-11,150.3803,151.1718,150.1293,150.6410,1819651
2019-12-12,150.9839,152.3487,150.4230,151.4139,1885003
2019-12-13,150.6006,152.0028,149.4134,150.0397,1542296
2019-12-16,151.3297,152.3394,150.3388,150.8810,1413395
2019-12-17,151.4793,153.6855,150.3669,150.4884,1530855
2019-12-18,151.1989,151.7878,148.6001,149.0020,1664972
2019-12-19,148.9646,151.3718,148.4242,150.6099,2527982
2019-12-20,151.6195,152.1057,149.8714,150.5165,3442981
2019-12-23,151.8533,152.1898,150.9745,151.6289,1389202
2019-12-24,151.4887,151.7878,150.9745,151.1428,264206
2019-12-26,151.3204,152.0028,150.4604,150.8623,578026
2019-12-27,151.0587,151.2924,150.3108,150.9278,570779
2019-12-30,150.6847,150.7969,149.5816,150.4697,817475
2019-12-31,150.4043,150.8249,149.5816,150.6380,897210
2020-01-02,151.6008,151.7317,150.2921,151.0960,1356911
2020-01-03,149.6003,153.8538,148.9843,153.6668,962425
2020-01-06,153.2461,156.1441,152.4796,156.0413,1544364
2020-01-07,155.0691,155.6019,154.2464,154.9195,1131130
2020-01-08,155.0878,156.0226,154.2838,155.0784,1386757
2020-01-09,155.8169,158.6868,155.8169,157.6959,1281723
2020-01-10,157.8268,157.8268,155.8637,156.3965,675427
2020-01-13,156.9855,160.1639,156.2376,159.7338,1308993
2020-01-14,159.2945,159.7525,156.8920,157.3687,1020300
2020-01-15,157.4435,160.6687,157.3220,159.4347,909474
2020-01-16,160.4256,161.8395,159.2571,161.5941,918112
2020-01-17,162.5944,165.0250,160.7995,164.6417,1231479
2020-01-21,163.8190,165.9878,163.2301,165.4082,1383964
2020-01-22,166.5020,166.8198,165.5578,166.1561,717945
2020-01-23,166.5861,166.7731,164.8100,165.5017,685538
2020-01-24,166.3150,168.0445,165.9645,167.9510,669091
2020-01-27,165.3989,166.7208,164.5389,166.3992,695139
2020-01-28,167.0442,168.5493,166.4552,167.3994,809754
2020-01-29,167.7640,168.4668,167.1190,167.7266,447418
2020-01-30,165.8757,168.4838,165.8757,168.3342,592127
2020-01-31,167.5490,167.8014,165.0717,165.4643,828808
2020-02-03,166.0813,166.5861,164.4828,164.5575,718004
2020-02-04,165.5952,167.8388,165.2119,166.6983,810472
2020-02-05,167.1938,167.7920,164.9969,165.1745,1216766
2020-02-06,165.3148,168.3894,164.5913,167.2685,1087065
2020-02-07,168.4090,173.7843,167.2031,167.7640,1473183
2020-02-10,167.3433,172.4101,167.3433,172.0736,1107265
2020-02-11,173.7282,174.7846,172.3540,172.4381,1111419
2020-02-12,171.9614,173.0271,169.6243,172.6345,1176396
2020-02-13,172.0081,173.2608,171.3463,172.1203,666656
2020-02-14,171.6529,172.4475,170.7087,172.3914,882266
2020-02-18,172.2886,173.4758,171.6903,172.8214,746497
2020-02-19,173.2421,174.7939,172.8027,173.9899,786944
2020-02-20,173.8965,175.2707,171.1013,173.5038,902764
2020-02-21,173.0458,173.7095,171.7744,173.1953,965317
2020-02-24,170.0169,173.0925,169.0260,169.9515,830278
2020-02-25,170.4563,171.5314,166.4739,166.5020,1042721
2020-02-26,167.2125,168.7643,164.9502,166.1654,811614
2020-02-27,164.0060,165.2119,157.7520,157.8081,1305246
2020-02-28,154.1436,155.6580,149.3479,154.8821,2873307
2020-03-02,155.9384,162.2392,155.3402,162.1831,1510221
2020-03-03,162.9216,166.9601,160.4443,163.5853,1466208
2020-03-04,165.7261,170.5404,165.1558,170.5217,1120543
2020-03-05,167.0068,169.4650,166.4179,168.6895,1288676
2020-03-06,164.4734,165.4269,161.1664,164.4547,1640620
2020-03-09,154.5082,159.6591,151.4701,154.8914,2003798
2020-03-10,158.6588,159.6450,152.3020,159.6030,1825012
2020-03-11,155.8543,156.4690,149.0301,150.7034,1270170
2020-03-12,141.3190,143.5539,127.7214,132.7547,2452029
2020-03-13,140.5865,145.5447,135.4405,145.5072,2110953
2020-03-16,130.1348,140.9527,130.0315,136.3889,2416311
2020-03-17,139.3469,147.5074,135.3936,140.2297,1939597
2020-03-18,134.1164,139.9057,127.9843,139.1685,1413443
2020-03-19,138.9244,145.3757,137.0556,140.5959,1629054
2020-03-20,139.5911,140.9339,124.6976,128.2848,2639598
2020-03-23,127.5430,128.1299,113.4101,116.9692,2023096
2020-03-24,121.2419,128.2754,119.6737,122.8383,1993783
2020-03-25,122.5190,127.4115,121.6175,125.5146,2293850
2020-03-26,127.1673,140.5677,126.2846,139.9104,1618668
2020-03-27,136.0790,136.9054,125.4395,126.8387,1782978
2020-03-30,127.6557,128.3506,122.2561,125.2423,2067268
2020-03-31,124.9418,126.7072,122.4439,124.8197,2816950
2020-04-01,120.4061,121.4766,116.0301,118.4059,2292398
2020-04-02,117.9458,122.9791,117.1382,122.4533,1239050
2020-04-03,121.8429,123.5679,118.2932,118.9036,1344722
2020-04-06,124.0497,133.2337,123.5332,132.3134,1769408
2020-04-07,136.1354,139.2718,133.5811,133.7595,1483465
2020-04-08,135.3184,140.4081,134.6986,138.7647,1049941
2020-04-09,140.1451,144.1174,138.5966,143.5727,1236711
2020-04-13,141.1405,143.3567,136.2669,137.3280,817802
2020-04-14,140.1827,143.8732,139.9573,143.4788,821337
2020-04-15,140.5865,141.4598,138.8492,139.5629,866962
2020-04-16,139.7977,143.8638,139.1591,143.4412,767287
2020-04-17,146.2302,148.3243,145.2677,148.1553,941669
2020-04-20,146.5965,149.4465,145.5683,145.9110,747079
2020-04-21,142.9341,143.7699,135.5531,135.8630,1410643
2020-04-22,139.2530,143.6760,137.4688,142.3519,957710
2020-04-23,143.7793,145.3100,141.9019,144.2488,1204677
2020-04-24,145.1691,145.3193,142.3519,143.4882,1395811
2020-04-27,144.4085,146.4556,143.5070,145.0282,558064
2020-04-28,146.2772,146.7092,136.3701,136.5673,2203279
2020-04-29,138.0416,140.8870,136.1635,139.8446,1685358
2020-04-30,139.3188,139.3375,134.8113,135.0460,1258991
2020-05-01,132.8768,134.4169,130.0221,130.3695,1202544
2020-05-04,130.2756,132.6139,128.6604,132.5575,1801212
2020-05-05,133.2618,134.7268,132.0833,132.2383,1013333
2020-05-06,133.1491,133.3504,127.0359,127.0547,1620055
2020-05-07,128.7731,129.5901,127.2425,127.9092,2499451
2020-05-08,122.5378,127.3552,117.0067,123.2702,5281797
2020-05-11,122.1246,125.0169,121.0071,122.2091,2387977
2020-05-12,123.4768,125.1859,122.2748,123.2327,1974007
2020-05-13,123.1482,124.3689,118.9881,120.5470,2539388
2020-05-14,119.2605,119.9084,116.7814,119.5610,1589666
2020-05-15,118.6689,121.2794,117.7016,121.2043,1172160
2020-05-18,123.9370,127.5993,123.8666,127.2612,1684873
2020-05-19,128.5947,130.5104,127.5711,128.6792,1649757
2020-05-20,128.9891,130.9611,127.4678,130.1442,1587715
2020-05-21,130.4165,131.4025,128.6229,128.8295,1199404
2020-05-22,128.6792,128.9233,125.9184,126.0123,1021419
2020-05-26,129.4305,131.1302,128.7262,129.0173,1730225
2020-05-27,129.7873,129.7873,125.1202,125.8527,1890682
2020-05-28,127.2612,130.0503,126.3128,127.5899,1334333
2020-05-29,127.9843,128.3787,124.7070,127.0828,2404114
2020-06-01,127.8998,131.3773,127.1767,130.4728,1260515
2020-06-02,130.7358,131.4213,129.4117,131.1490,1422456
2020-06-03,132.5763,139.1403,131.7687,138.8586,2766601
2020-06-04,137.7130,140.2625,137.3843,140.1357,2194132
2020-06-05,142.5679,146.5495,142.0937,146.3993,1292666
2020-06-08,146.4932,150.0240,145.9579,148.6718,1893407
2020-06-09,147.4416,147.6069,142.1735,142.5210,1223108
2020-06-10,142.3519,142.7839,138.4642,139.1967,2979900
2020-06-11,135.1212,135.5672,127.7683,127.7871,2484277
2020-06-12,133.0855,134.7646,130.1706,132.6327,2441912
2020-06-15,129.4914,131.0762,127.7164,129.7649,1830160
2020-06-16,134.5288,136.3635,132.7742,133.8779,1820850
2020-06-17,133.7741,135.3872,130.7177,132.1233,1042310
2020-06-18,131.0196,134.0665,131.0196,133.3590,1072938
2020-06-19,134.1420,134.7552,130.6328,131.0101,2989608
2020-06-22,131.0007,133.2836,129.8310,133.1326,1767423
2020-06-23,134.2741,134.6561,132.9534,133.0383,1175817
2020-06-24,132.3402,133.0383,129.5008,131.4063,1431333
2020-06-25,130.2932,132.6798,128.6424,132.5289,1508710
2020-06-26,132.5478,132.9440,128.5480,130.9158,3932879
2020-06-29,131.6516,131.6516,129.3310,130.3121,819168
2020-06-30,130.5573,132.9345,130.5573,132.1893,1219336
2020-07-01,131.5856,131.8214,127.9632,128.2650,1780038
2020-07-02,129.8593,131.2177,127.1802,127.4349,1444636
2020-07-06,128.8310,129.4348,128.0292,128.3028,1506706
2020-07-07,126.8595,127.1330,123.5861,123.6521,1869308
2020-07-08,123.6333,125.5482,123.2937,124.6426,1498799
2020-07-09,124.3691,125.2181,121.1538,123.5106,1270064
2020-07-10,122.5013,123.0201,120.3541,121.1429,1921318
2020-07-13,122.3126,124.9351,121.7277,123.6333,2373795
2020-07-14,123.0390,125.6426,122.1617,125.4350,1172025
2020-07-15,126.3878,128.7367,126.3810,126.9349,910132
2020-07-16,126.1237,127.2274,125.5765,127.0764,1221402
2020-07-17,128.1330,130.6234,127.5764,129.8781,1217197
2020-07-20,129.4159,130.1423,127.0859,127.9632,1771728
2020-07-21,128.6046,130.6234,128.4914,130.1800,1072650
2020-07-22,129.8970,133.9250,129.4819,133.1987,1144632
2020-07-23,133.3590,137.5804,133.3402,136.0475,1640532
2020-07-24,135.9721,136.0570,132.8213,133.6986,1367076
2020-07-27,133.7741,135.3966,133.4722,133.9156,1077065
2020-07-28,132.7081,133.5288,128.0858,129.0480,1517105
2020-07-29,130.1894,132.5855,129.9913,132.1044,838240
2020-07-30,129.6234,131.4535,128.1990,131.3026,541189
2020-07-31,131.7837,131.9818,129.3310,131.8780,703251
2020-08-03,132.6798,133.2458,129.6706,129.7461,906001
2020-08-04,130.5196,132.0525,129.0197,129.7744,1234054
2020-08-05,130.5102,131.6233,129.6517,130.4913,1379918
2020-08-06,130.0762,135.8872,130.0762,135.8683,1994018
2020-08-07,139.3398,143.3772,133.9074,136.0853,2828877
2020-08-10,135.8400,136.3117,132.9157,134.1609,1472131
2020-08-11,134.1043,135.3872,132.2648,134.7740,1458907
2020-08-12,134.3967,138.0474,134.3307,136.7928,948006
2020-08-13,135.6513,138.1983,134.6608,137.6889,716133
2020-08-14,136.6796,137.3493,135.6796,137.1324,704540
2020-08-17,137.5097,139.0473,137.5097,139.0096,981860
2020-08-18,139.2171,141.4811,138.7455,141.3113,1377637
2020-08-19,141.5000,142.9056,141.0566,141.9339,1288415
2020-08-20,140.2548,143.1225,140.0284,143.0188,1069759
2020-08-21,142.5848,143.4244,141.7830,143.3112,794185
2020-08-24,142.8961,145.2639,142.8961,145.2450,905834
2020-08-25,145.6884,146.5091,145.1933,146.0091,654288
2020-08-26,146.4997,146.4997,144.0093,144.6413,835453
2020-08-27,145.5186,145.6035,142.7735,143.2074,1418650
2020-08-28,143.0942,145.2167,142.9622,144.8771,759536
2020-08-31,144.3677,146.4525,143.6980,145.9808,1411662
2020-09-01,145.5375,145.5469,144.0187,145.0564,964142
2020-09-02,145.2733,149.0136,144.8300,148.1882,902768
2020-09-03,147.6411,148.3109,143.4810,144.8205,1015395
2020-09-04,145.3111,146.6506,142.6697,144.3677,1361567
2020-09-08,142.5848,145.2733,141.7989,143.8489,1080207
2020-09-09,145.3488,146.5657,144.0753,144.8677,685484
2020-09-10,144.7639,146.1978,141.5472,141.8207,941326
2020-09-11,143.4150,145.5563,143.0046,145.1413,1232948
2020-09-14,145.6988,148.7867,145.6988,147.7637,1574867
2020-09-15,148.5310,149.4403,148.1426,148.5215,557560
2020-09-16,149.3740,150.5959,148.7394,148.7962,896580
2020-09-17,146.4755,150.0844,145.4336,149.8286,1382529
2020-09-18,148.7299,149.9518,147.5080,149.0046,1483009
2020-09-21,146.8544,146.8544,143.3403,144.5148,1382785
2020-09-22,145.0831,149.0756,144.3443,148.9667,893080
2020-09-23,148.8435,149.5492,144.0791,144.1644,1065824
2020-09-24,143.6434,144.7990,141.9005,143.6813,1041416
2020-09-25,142.7151,146.4187,142.2226,145.8693,623996
2020-09-28,147.6311,150.0275,147.0486,148.3605,1163312
2020-09-29,148.9762,150.5675,148.9619,149.3266,692443
2020-09-30,149.3834,149.6960,147.8348,148.5310,813833
2020-10-01,149.6581,150.4633,147.1386,148.5120,715497
2020-10-02,145.5852,149.2603,145.5852,148.6257,592751
2020-10-05,149.6581,150.2738,148.3226,149.1940,721397
2020-10-06,149.9139,150.8327,148.3415,148.6730,772306
2020-10-07,150.0939,152.0309,149.2224,151.8462,833143
2020-10-08,153.1438,155.0667,153.1438,154.1763,682923
2020-10-09,155.7108,158.3440,155.3414,157.9746,1274665
2020-10-12,158.6850,159.9258,157.2452,159.4427,653204
2020-10-13,158.9976,160.7215,156.8285,157.4631,954064
2020-10-14,158.5524,159.8027,157.4820,158.1072,436282
2020-10-15,157.1410,165.7038,157.1268,162.5306,1811157
2020-10-16,162.3696,163.6957,160.8257,161.8865,1126395
2020-10-19,162.3980,164.2024,160.7499,161.1761,728450
2020-10-20,161.1667,162.5401,159.8785,159.9827,893574
2020-10-21,161.4413,162.7390,160.5036,161.4887,529990
2020-10-22,161.8581,162.4264,159.9306,160.1342,729432
2020-10-23,164.0367,167.5792,162.6443,165.5522,1030272
2020-10-26,163.3736,163.8946,160.4752,163.2031,845351
2020-10-27,162.9569,165.9879,162.8432,163.2600,854566
2020-10-28,160.2100,161.4177,155.6729,155.8055,1116934
2020-10-29,155.2466,156.6580,152.3956,154.2900,1145547
2020-10-30,152.0261,153.2765,148.0479,149.7150,1093292
2020-11-02,151.5525,156.0707,151.4389,154.8393,1089812
2020-11-03,156.9137,160.3426,156.6769,157.2358,968139
2020-11-04,157.4536,157.5957,151.7278,151.8651,1408214
2020-11-05,154.5173,156.8285,152.0451,152.3577,1097486
2020-11-06,153.7027,157.0369,152.6892,155.7960,992465
2020-11-09,162.8622,166.4331,160.9441,161.2709,1275373
2020-11-10,161.0909,161.6497,157.1979,157.9935,979844
2020-11-11,160.1153,161.0246,158.4103,160.7688,533626
2020-11-12,159.6796,160.7688,157.7094,158.6850,411083
2020-11-13,160.3805,163.3168,159.7932,161.4982,493108
2020-11-16,163.2600,164.7376,162.2086,164.7187,575566
2020-11-17,162.9948,163.7999,160.4847,160.6173,769922
2020-11-18,160.9772,161.2045,158.4482,158.6092,542824
2020-11-19,157.8136,160.3426,156.6580,160.2289,400779
2020-11-20,160.4089,161.5740,157.2358,158.4671,1254899
2020-11-23,159.2154,160.8399,157.4063,160.4373,659738
2020-11-24,161.9339,163.4636,161.4698,162.7958,861798
2020-11-25,162.9190,166.1489,162.2844,163.0421,1198301
2020-11-27,164.4629,165.5049,163.2789,164.3019,287616
2020-11-30,163.4873,165.4101,161.2803,162.4738,1513731
2020-12-01,163.6578,164.2782,160.8162,161.4982,1202126
2020-12-02,161.6213,162.6774,160.0963,162.0286,721684
2020-12-03,161.8108,163.4399,159.6996,162.0854,776128
2020-12-04,162.5306,163.3358,160.5510,161.4035,810279
2020-12-07,161.4508,162.8811,160.9488,161.4603,457505
2020-12-08,160.3805,163.7336,159.4522,163.3736,1262466
2020-12-09,164.2830,165.9500,163.0042,163.7715,566654
2020-12-10,163.9230,165.0881,161.6403,162.7864,846494
2020-12-11,161.5361,162.2654,158.1145,159.5091,2205804
2020-12-14,160.4770,161.5329,157.6898,157.8325,1903524
2020-12-15,158.8789,160.6424,158.1940,159.8397,1603977
2020-12-16,159.8872,160.6102,156.7386,158.7838,1559281
2020-12-17,159.4592,162.0846,158.7267,161.3807,1322726
2020-12-18,160.9051,162.6887,160.4865,161.9610,1989526
2020-12-21,159.3640,160.1536,155.2070,157.1666,954209
2020-12-22,157.0144,159.6922,156.7509,159.2879,717850
2020-12-23,159.8587,162.0371,159.7303,160.3914,632986
2020-12-24,160.7624,160.9431,159.2118,160.2582,239009
2020-12-28,161.6375,162.1322,159.6494,161.1524,615192
2020-12-29,162.2273,162.3795,158.2701,158.8028,461893
2020-12-30,159.3450,160.6292,158.7552,158.8408,561266
2020-12-31,158.5555,161.8753,158.3937,161.7707,485734
2021-01-04,162.3224,162.8456,157.5281,159.3355,991078
2021-01-05,159.6970,160.4675,157.6518,158.4889,779059
2021-01-06,158.4413,163.1881,157.6232,162.3605,914574
2021-01-07,162.5793,165.0002,162.3224,162.7410,746474
2021-01-08,162.9503,166.1275,162.9503,166.0418,830306
2021-01-11,164.7291,166.2226,164.3296,165.2238,627256
2021-01-12,165.1667,166.9836,164.5008,165.7470,936246
2021-01-13,164.9574,166.1322,164.0965,165.6043,448955
2021-01-14,165.2713,168.3724,163.5876,165.0145,596859
2021-01-15,165.0716,165.8135,162.7696,165.0906,570223
2021-01-19,166.2987,166.2987,163.1215,163.3974,1419276
2021-01-20,163.3308,164.7672,162.2083,164.4913,610631
2021-01-21,164.3010,164.6530,162.1607,163.8920,680614
2021-01-22,163.6827,165.6233,162.4984,165.2428,452698
2021-01-25,166.1845,166.6602,164.2535,165.2523,502954
2021-01-26,165.2047,165.5567,162.0656,164.1298,460221
2021-01-27,162.8171,166.3938,161.9324,163.1786,642361
2021-01-28,163.2832,164.4437,161.4092,161.5519,861332
2021-01-29,162.6173,164.6720,158.9264,159.3831,995395
2021-02-01,160.4485,167.1139,160.4485,166.0894,872721
2021-02-02,166.8124,171.1025,166.1940,170.0657,888107
2021-02-03,170.2274,171.8826,168.4866,170.6745,646317
2021-02-04,171.1786,173.9183,170.2940,173.3285,1096651
2021-02-05,173.4997,174.4510,168.7322,173.2143,1023818
2021-02-08,173.6995,174.9361,172.2821,173.6424,919493
2021-02-09,173.9373,174.9646,172.5400,174.1941,701747
2021-02-10,175.0312,175.4117,173.6234,174.3844,653998
2021-02-11,175.0027,175.0027,172.2060,172.9289,689994
2021-02-12,172.9004,173.8326,171.2738,172.2440,721597
2021-02-16,173.1763,175.4117,171.6923,174.4129,689385
2021-02-17,173.5473,174.2227,172.2250,172.9289,454337
2021-02-18,172.4058,174.3939,171.7304,174.0419,589632
2021-02-19,174.8410,175.8683,173.6804,173.8422,579820
2021-02-22,172.6436,173.6900,171.6543,171.7494,759257
2021-02-23,172.4248,172.4248,168.5722,169.8469,577125
2021-02-24,169.8469,173.5853,169.8469,172.2536,644306
2021-02-25,172.1775,172.7672,170.7696,171.7209,594853
2021-02-26,172.1775,172.5675,166.9265,166.9265,958193
2021-03-01,168.1156,174.0039,167.7636,173.5568,778554
2021-03-02,173.2429,173.7470,171.0264,171.0740,947144
2021-03-03,170.7886,171.4069,168.8671,169.6376,581432
2021-03-04,170.1227,170.3891,165.3189,166.3843,939636
2021-03-05,168.4580,170.8647,166.6602,170.1513,671340
2021-03-08,170.0181,174.0143,169.3332,170.4747,565093
2021-03-09,170.8552,171.6352,168.1441,168.4010,697628
2021-03-10,170.0086,170.4842,167.4212,169.0954,825770
2021-03-11,169.6281,171.7304,169.0573,169.8279,532786
2021-03-12,170.5679,171.0836,168.4955,171.0550,499829
2021-03-15,171.7521,173.7386,170.2957,173.6717,517021
2021-03-16,173.3088,174.3307,171.7044,174.2734,483846
2021-03-17,174.7700,175.0088,172.6002,173.1847,812097
2021-03-18,171.1887,174.4167,170.7732,173.2515,588193
2021-03-19,173.6144,176.2217,171.9813,174.9801,1306876
2021-03-22,174.9801,178.2750,174.7509,177.3582,1008338
2021-03-23,177.5874,178.9721,174.4931,175.6105,907122
2021-03-24,174.9706,176.9379,172.8027,172.8982,541620
2021-03-25,173.4807,176.0593,172.7167,175.8110,656143
2021-03-26,176.8042,181.1974,176.2121,181.0732,612426
2021-03-29,179.5738,182.0473,178.1795,180.3856,1577877
2021-03-30,179.8794,180.4477,177.5301,178.2177,495494
2021-03-31,178.9721,180.9443,178.2177,179.5929,680858
2021-04-01,179.8603,180.9395,178.5901,179.8890,581960
2021-04-05,181.3311,184.1675,180.2710,182.7350,780457
2021-04-06,181.2642,181.8322,179.3637,180.2137,634337
2021-04-07,180.8440,183.0979,180.0227,181.3884,617378
2021-04-08,181.6749,182.2097,179.9940,181.8945,598507
2021-04-09,182.2288,182.6681,180.9347,182.4675,604151
2021-04-12,181.0541,182.0951,178.6856,179.3446,771657
2021-04-13,178.7620,180.3378,177.3486,180.0131,698872
2021-04-14,180.3187,180.3187,177.4537,178.9244,693105
2021-04-15,179.0199,181.1210,178.5710,179.7075,580029
2021-04-16,180.9777,180.9777,179.3828,180.1182,601851
2021-04-19,180.6052,180.6052,178.7429,179.2205,572237
2021-04-20,177.7020,178.4182,176.3554,176.9379,593369
2021-04-21,177.4441,178.8766,176.8997,178.0935,681845
2021-04-22,177.5587,180.0131,176.7040,179.0008,513113
2021-04-23,180.3951,182.2574,178.8575,181.4361,540551
2021-04-26,181.3979,181.7608,179.7266,181.6462,527938
2021-04-27,180.8631,182.2574,180.2805,181.2165,645201
2021-04-28,181.4361,182.3852,179.6693,180.1182,524902
2021-04-29,180.7103,181.5030,180.3760,180.7198,453516
2021-04-30,179.9749,180.6530,178.5615,179.8317,729375
2021-05-03,180.2901,180.5288,178.7143,180.2710,737123
2021-05-04,179.5834,180.3187,177.6494,178.1699,580432
2021-05-05,178.8193,178.4278,176.6801,177.4059,448231
2021-05-06,177.0907,179.9749,176.2455,179.5738,822406
2021-05-07,180.7485,190.4325,180.7198,190.1173,1440963
2021-05-10,190.9482,194.0425,190.2510,191.3971,1063702
2021-05-11,189.4870,192.9633,189.4393,192.6386,977036
2021-05-12,191.0819,191.6119,185.4663,185.6000,988406
2021-05-13,186.6888,189.4679,185.2037,188.6561,842171
2021-05-14,190.0791,193.8133,188.7469,192.8009,520455
2021-05-17,191.5785,193.2498,190.5948,191.6263,387647
2021-05-18,192.2375,192.6577,190.2224,190.2319,403362
2021-05-19,188.0831,190.0743,187.2713,189.7926,516174
2021-05-20,190.6521,194.8256,189.6780,194.0138,647981
2021-05-21,194.5486,195.3461,192.3616,193.0302,600141
2021-05-24,194.0329,195.2267,193.0493,193.7178,525887
2021-05-25,193.8515,196.2295,193.2689,194.6824,734045
2021-05-26,193.3167,195.0071,193.2116,193.5459,521944
2021-05-27,193.8610,195.8093,193.8133,194.4340,939762
2021-05-28,195.3986,196.7739,194.9020,196.0767,692168
2021-06-01,196.9458,197.2609,194.0520,195.9143,548075
2021-06-02,199.3142,201.1861,197.0986,198.2542,701126
2021-06-03,197.5761,201.1097,196.9076,200.4125,1264060
2021-06-04,201.2625,202.1841,199.4336,200.5080,550139
2021-06-07,200.6131,201.3389,197.8339,198.3497,590982
2021-06-08,199.8586,201.9883,198.4643,200.9473,709907
2021-06-09,200.7372,201.3293,199.4575,199.7153,513234
2021-06-10,199.9828,203.1916,199.9637,203.0197,417238
2021-06-11,204.0989,204.0989,200.7659,202.7619,469144
2021-06-14,202.4080,203.4333,200.6927,202.5709,403570
2021-06-15,203.1458,203.2704,201.5360,202.1301,413711
2021-06-16,202.5134,202.5134,199.4470,200.9419,806584
2021-06-17,200.7311,204.7269,200.6209,202.0726,967005
2021-06-18,201.1527,201.7301,198.0768,198.3834,1033652
2021-06-21,199.8207,203.7591,198.6421,202.4846,746264
2021-06-22,203.7591,205.8188,202.1972,205.0144,1404417
2021-06-23,204.4490,205.5318,203.1746,204.4107,602715
2021-06-24,206.0205,206.1259,204.1807,205.5989,540333
2021-06-25,205.6468,207.0937,205.6085,206.6146,1103342
2021-06-28,207.0746,207.1512,205.5414,206.1259,534243
2021-06-29,206.2792,208.1478,206.2122,207.9466,515762
2021-06-30,207.7933,208.7611,206.9883,207.7933,573906
2021-07-01,208.5119,210.2751,208.2149,209.6043,471958
2021-07-02,210.4284,212.8815,209.7097,211.7891,643128
2021-07-06,212.8623,214.0505,210.7973,213.6960,754908
2021-07-07,213.9547,215.3921,211.9712,215.0758,459275
2021-07-08,211.3196,214.8632,211.2908,213.0252,702217
2021-07-09,214.6351,215.4208,212.3257,215.1429,513055
2021-07-12,215.2100,215.6125,213.4564,213.9068,427386
2021-07-13,214.4338,214.8315,212.4167,212.9198,393029
2021-07-14,214.1559,215.2579,213.1977,213.6002,479893
2021-07-15,213.2839,214.5967,212.2491,213.3319,440773
2021-07-16,213.2265,214.2901,210.6153,210.8021,583124
2021-07-19,208.1670,209.5514,206.2984,207.5537,578619
2021-07-20,208.7227,210.3709,208.0137,209.4510,727600
2021-07-21,210.2559,210.5051,208.5503,210.2559,485892
2021-07-22,209.5277,210.9554,208.4544,210.9267,419364
2021-07-23,212.2778,213.0061,210.7063,212.4407,453818
2021-07-26,212.0957,213.5235,211.5112,213.3702,451080
2021-07-27,212.1532,213.2744,210.3949,212.3928,503292
2021-07-28,212.6323,213.1594,211.3866,212.2299,551513
2021-07-29,214.6351,215.4112,213.8493,214.4338,526760
2021-07-30,213.9355,215.0950,213.9355,214.5680,656131
2021-08-02,215.4687,216.9636,214.3668,214.5776,569031
2021-08-03,214.9417,215.8903,213.6768,215.5933,418660
2021-08-04,215.6029,216.2928,212.7473,213.4660,680476
2021-08-05,213.6577,214.4754,211.6070,212.9869,607304
2021-08-06,215.8616,222.2049,214.8555,218.9759,1252466
2021-08-09,218.9759,221.5535,218.3674,218.6405,719455
2021-08-10,218.7363,220.8061,218.7363,220.1257,605810
2021-08-11,221.0361,221.0361,217.3085,217.6631,557017
2021-08-12,217.7110,220.9402,217.2798,220.9115,852326
2021-08-13,221.7164,223.3742,221.1846,223.2975,616483
2021-08-16,222.8375,225.2140,222.0901,225.0894,578933
2021-08-17,224.1312,225.0415,223.4700,224.6199,578436
2021-08-18,224.2845,225.8177,223.0904,224.1407,649683
2021-08-19,222.1476,228.9846,222.1189,227.4946,874172
2021-08-20,227.3508,229.9956,226.5459,229.9764,1178833
2021-08-23,230.6567,231.1119,228.5295,229.0469,698347
2021-08-24,229.0182,230.2303,228.2324,229.1332,584961
2021-08-25,229.8806,232.4534,229.3631,231.2509,874162
2021-08-26,231.6341,233.3302,230.3836,232.8990,481531
2021-08-27,233.8764,234.3364,231.9408,232.6690,748714
2021-08-30,232.8607,234.5616,232.6786,234.3460,381990
2021-08-31,234.6718,234.6718,232.2843,234.0202,1071694
2021-09-01,234.0106,234.0202,232.3432,233.2919,620178
2021-09-02,234.2214,235.8408,232.7457,235.7546,553028
2021-09-03,235.2563,236.1283,234.3651,234.6238,558327
2021-09-07,233.9339,235.4719,233.0332,234.6430,661771
2021-09-08,234.8155,236.5307,234.4466,236.1474,403519
2021-09-09,236.4445,236.6505,233.5315,233.8093,967275
2021-09-10,235.2659,235.2659,232.3624,232.5445,623601
2021-09-13,233.8093,234.3268,230.4364,231.6533,845107
2021-09-14,232.6150,232.7015,229.5685,231.4329,803202
2021-09-15,231.4617,235.1714,230.0778,234.4699,1120558
2021-09-16,235.2868,235.4357,231.8366,232.8841,458170
2021-09-17,231.3080,232.9706,227.3484,228.1749,1458697
2021-09-20,225.3782,226.7814,223.1774,225.1284,671689
2021-09-21,226.6372,227.4830,224.2346,226.3585,734398
2021-09-22,228.2038,231.7212,227.5983,229.8376,897423
2021-09-23,230.7410,233.6049,230.6737,230.8563,445131
2021-09-24,230.2989,232.4516,229.7992,231.3945,636418
2021-09-27,231.3656,231.5579,229.0303,229.5588,468983
2021-09-28,228.2326,228.2326,224.2154,224.5709,716637
2021-09-29,225.2725,227.9154,224.9938,226.4835,589175
2021-09-30,227.5022,228.8765,223.2639,223.2735,632536
2021-10-01,224.6478,226.5123,221.4283,225.1860,563416
2021-10-04,223.8213,224.8497,220.9766,222.4566,588111
2021-10-05,223.2831,225.5897,221.4667,223.2255,646344
2021-10-06,221.9376,224.7343,219.7080,224.6574,769042
2021-10-07,226.1663,229.8952,225.8299,227.6271,565211
2021-10-08,228.2518,228.7035,226.7910,227.5406,407148
2021-10-11,227.1946,228.2999,226.2432,226.4835,347999
2021-10-12,226.9832,230.6064,226.0990,230.0009,602332
2021-10-13,230.5776,232.0192,230.3181,231.9038,671576
2021-10-14,234.1143,236.7332,233.1657,235.5655,663693
2021-10-15,237.2954,238.7274,230.0586,230.4911,882395
2021-10-18,229.6934,233.7683,229.0783,233.6049,675124
2021-10-19,234.4410,236.8245,234.0710,235.5847,444517
2021-10-20,236.4208,237.4588,235.2387,236.8341,439493
2021-10-21,237.7567,240.0200,237.2157,238.6313,472149
2021-10-22,239.0061,240.6096,238.6216,239.8134,285543
2021-10-25,239.3040,239.8902,236.0652,236.3343,531820
2021-10-26,237.3627,238.8811,235.9980,236.2286,387371
2021-10-27,237.2473,241.6596,237.2473,240.3131,820642
2021-10-28,236.9975,240.0152,236.9975,238.4679,645945
2021-10-29,237.4684,239.7941,236.4208,238.9100,830063
2021-11-01,238.5063,238.5063,235.0561,235.4886,486453
2021-11-02,236.4304,242.2641,236.4304,241.7163,918870
2021-11-03,241.8220,243.1771,239.1406,242.8311,505774
2021-11-04,242.6293,244.7820,240.3323,241.6202,595158
2021-11-05,242.3890,243.1579,234.9120,237.8047,932266
2021-11-08,239.7557,240.4477,233.8616,239.5731,657245
2021-11-09,240.7360,243.3308,238.8619,239.7173,748620
2021-11-10,238.7754,241.9757,233.5953,237.4299,459852
2021-11-11,239.3617,240.1978,237.4107,238.1892,427355
2021-11-12,238.9388,242.7158,238.5063,241.6490,851692
2021-11-15,241.3703,242.9224,240.7744,241.4664,475234
2021-11-16,241.6682,244.7532,241.4952,244.1574,491790
2021-11-17,245.0704,245.0704,240.9762,242.2256,558371
2021-11-18,242.6004,247.2712,241.1973,247.2327,782347
2021-11-19,248.2419,248.7032,242.8888,243.2540,638984
2021-11-22,243.9267,248.3847,243.6864,245.6662,789710
2021-11-23,246.0122,249.1212,243.8402,247.0982,578733
2021-11-24,246.1948,251.6536,246.1948,251.1154,996807
2021-11-26,247.9247,250.8079,242.9945,243.7057,549172
2021-11-29,246.6369,252.2014,244.3207,249.3951,879243
2021-11-30,248.1650,248.8569,242.8215,243.3212,1747243
2021-12-01,246.5792,248.1265,235.9980,236.3728,1065893
2021-12-02,236.4785,244.7436,236.4785,242.6869,878550
2021-12-03,243.2540,246.0314,236.0989,238.3429,775465
2021-12-06,240.7744,245.2914,239.6115,240.8513,1063531
2021-12-07,243.6960,246.0843,243.1002,245.0415,635553
2021-12-08,245.5509,246.0314,242.8695,243.8114,586469
2021-12-09,244.2054,250.8127,244.2054,249.0876,787619
2021-12-10,250.0871,255.1327,249.6354,254.6041,719968
2021-12-13,254.6521,255.2864,251.5143,253.0376,476105
2021-12-14,251.8798,253.3740,248.1588,250.1832,617927
2021-12-15,250.8484,253.4318,248.6649,253.1716,631708
2021-12-16,253.8463,257.2492,250.9544,252.3329,806931
2021-12-17,249.8940,252.2751,246.9828,249.7880,1117780
2021-12-20,247.0406,248.7661,243.0883,246.6839,707802
2021-12-21,248.6601,252.3618,246.9828,252.1883,707090
2021-12-22,252.4486,255.6179,250.4435,255.0610,472085
2021-12-23,255.2441,256.7576,251.9473,253.4318,565822
2021-12-27,254.3765,259.3603,253.1234,259.2350,472463
2021-12-28,258.7434,260.3340,257.8662,260.0930,498697
2021-12-29,262.0306,263.6549,259.9195,262.9078,791927
2021-12-30,263.3223,263.7943,261.2112,261.3269,323291
2021-12-31,261.2112,263.2934,260.7429,261.9149,303465
2022-01-03,261.5293,261.6064,255.6586,257.7987,675153
2022-01-04,257.3842,257.9626,253.5764,255.2634,588677
2022-01-05,254.0584,255.6683,249.6144,249.7783,521834
2022-01-06,249.4988,251.9377,247.2238,248.4095,627338
2022-01-07,248.4962,249.6434,243.3003,243.4546,585820
2022-01-10,242.7605,246.8767,240.8615,246.8093,573806
2022-01-11,246.5490,247.5515,242.6834,246.8285,521291
2022-01-12,247.4358,249.1412,246.1441,247.5997,581606
2022-01-13,247.2816,249.0843,241.6616,241.8640,981856
2022-01-14,240.2252,242.7220,238.4901,242.0857,871494
2022-01-18,239.7336,239.8878,236.1861,236.6488,1094618
2022-01-19,236.7742,239.0640,235.2125,235.4535,895300
2022-01-20,235.9644,237.4682,229.6503,230.2480,624033
2022-01-21,231.1830,233.9304,228.2814,228.6478,756559
2022-01-24,226.4210,231.2312,221.7263,230.8842,1247398
2022-01-25,228.0694,230.2046,221.7842,225.6112,1008952
2022-01-26,226.9608,227.3248,217.8704,219.3549,2121325
2022-01-27,221.3793,223.6254,214.1301,215.0556,1508135
2022-01-28,216.0870,219.1236,211.5852,218.9404,1032086
2022-01-31,218.7476,223.9724,218.7476,223.5868,882751
2022-02-01,223.4422,224.2520,219.8948,223.4519,864170
2022-02-02,224.1459,229.5153,223.9869,229.1008,1022160
2022-02-03,226.7102,229.5925,226.7102,227.1247,725144
2022-02-04,226.0836,230.1371,225.4184,227.0861,904459
2022-02-07,226.7583,229.9781,225.6016,228.0886,684677
2022-02-08,227.5006,229.1153,225.7413,227.8766,566510
2022-02-09,229.1972,232.0121,228.8598,229.9106,995430
2022-02-10,221.3889,223.3362,211.9901,213.8699,1837229
2022-02-11,213.3107,216.1256,205.5748,208.2209,1839723
2022-02-14,208.2209,210.4284,203.4781,206.1098,1652018
2022-02-15,209.2813,215.3448,209.2813,214.8628,2002736
2022-02-16,212.8095,214.1205,208.5969,213.0408,1408043
2022-02-17,212.0768,212.5974,208.0474,208.1341,1036975
2022-02-18,208.3944,211.7154,206.7460,209.9657,1096635
2022-02-22,208.4233,210.7851,203.7577,205.4061,962124
2022-02-23,205.8784,207.7196,200.0270,200.1620,906147
2022-02-24,195.2649,210.3802,195.1589,209.4741,1539956
2022-02-25,209.6090,215.2580,207.3499,214.5832,1035107
2022-02-28,211.4213,212.9532,209.3873,212.4914,948827
2022-03-01,211.3924,212.7083,206.9388,208.4233,1322994
2022-03-02,208.8957,215.9424,208.2402,214.6700,1346375
2022-03-03,215.5954,216.2895,212.0479,213.5903,791869
2022-03-04,211.4599,215.2387,209.7344,214.9302,1072720
2022-03-07,214.4193,214.9688,208.4141,208.7125,1061620
2022-03-08,208.2402,211.7877,205.6856,206.4183,877879
2022-03-09,210.3899,215.2146,210.2646,213.7156,813291
2022-03-10,210.8140,216.3087,210.8140,214.2940,785409
2022-03-11,216.4244,218.4681,213.6481,213.7831,932990
2022-03-14,214.5745,217.0803,210.3564,211.6334,843122
2022-03-15,213.6167,217.9993,212.9975,217.4189,1071001
2022-03-16,219.2571,221.7047,213.6264,219.4602,739450
2022-03-17,219.4699,223.5139,218.6282,223.2720,935577
2022-03-18,226.0003,227.1903,223.2333,225.5069,2176748
2022-03-21,225.0812,226.7452,223.6494,224.5201,1265457
2022-03-22,225.5069,227.3161,224.3750,224.5394,1151501
2022-03-23,222.4981,222.7303,219.0055,219.4022,628839
2022-03-24,220.3116,223.5526,219.4215,223.5236,678785
2022-03-25,224.4524,225.5891,223.0785,224.8393,480306
2022-03-28,225.0038,227.5192,223.7848,227.4708,625371
2022-03-29,229.2800,230.7409,227.2193,230.2862,522396
2022-03-30,229.6960,233.0725,229.5799,232.9467,687406
2022-03-31,232.7822,237.9485,231.7277,234.3205,1341413
2022-04-01,235.7330,236.7005,227.9836,230.3926,771644
2022-04-04,230.2572,232.3082,229.7831,232.0857,528411
2022-04-05,230.6828,233.4014,229.1833,229.7444,668399
2022-04-06,227.1419,232.5114,227.1419,231.3020,752058
2022-04-07,231.1472,234.8816,230.6925,233.4401,619561
2022-04-08,233.6143,234.0400,231.2633,231.6697,526542
2022-04-11,230.0443,230.1894,225.2844,225.7584,546678
2022-04-12,226.2228,229.1542,223.9541,224.8103,538055
2022-04-13,225.1683,228.7576,224.7716,228.5641,737148
2022-04-14,228.8350,229.7831,225.4682,225.6036,575422
2022-04-18,223.9976,226.3292,221.4532,222.4884,460644
2022-04-19,222.4884,227.1274,222.4303,226.6001,424563
2022-04-20,228.7189,231.2682,227.4757,229.2703,510680
2022-04-21,230.1120,231.5923,224.8297,225.3521,628250
2022-04-22,224.5781,225.6617,217.2525,217.6124,729662
2022-04-25,216.9158,217.7865,212.8427,217.7285,768857
2022-04-26,217.8349,218.6282,212.0011,212.1945,839146
2022-04-27,212.6493,213.3555,208.5859,209.1083,1386349
2022-04-28,210.9175,216.9545,209.9403,215.8999,729529
2022-04-29,214.2069,215.2034,206.2736,206.7380,1105883
2022-05-02,208.0925,210.2306,203.9227,207.7829,825621
2022-05-03,207.8313,210.6466,205.6593,208.1892,626975
2022-05-04,208.4021,212.6880,205.7222,212.2429,605113
2022-05-05,209.6308,209.9984,201.9152,203.5454,1156775
2022-05-06,201.1364,202.8682,198.0308,199.7916,1226315
2022-05-09,197.2278,198.6500,193.7063,195.5057,1181129
2022-05-10,197.8567,198.9402,194.7898,196.2507,943730
2022-05-11,195.3122,199.8884,194.3738,195.3800,1059833
2022-05-12,194.5092,197.7503,192.7581,194.9833,1587984
2022-05-13,200.3237,209.5921,200.2463,208.2860,1959538
2022-05-16,205.9641,207.8022,202.6263,202.6843,1156948
2022-05-17,206.6703,206.6703,202.9939,206.4478,941740
2022-05-18,204.1839,204.5370,196.0378,198.7855,1128258
2022-05-19,198.3985,206.6413,196.6764,203.4196,1548460
2022-05-20,205.3255,205.9834,198.9451,203.4390,1885780
2022-05-23,207.2798,207.9957,203.6472,205.8673,1024021
2022-05-24,204.1549,208.7504,202.7424,207.6668,1006890
2022-05-25,207.7152,209.2738,205.7385,206.4962,1363098
2022-05-26,208.4795,212.0688,207.7539,210.7917,825910
2022-05-27,212.8427,215.7645,212.6686,215.7548,527649
2022-05-31,213.0459,214.3859,210.8256,212.5912,1257375
2022-06-01,213.9940,215.2808,208.6488,210.5402,511109
2022-06-02,210.0468,217.0706,208.8955,216.8190,630798
2022-06-03,214.9325,219.5086,213.9496,218.2122,1030719
2022-06-06,219.7505,220.4857,212.9975,214.0521,574161
2022-06-07,212.0107,214.8502,210.7820,214.7487,506030
2022-06-08,213.2588,213.7425,210.4241,210.7724,415628
2022-06-09,210.4918,211.7495,207.2798,207.2798,508477
2022-06-10,203.8743,204.8031,200.6333,202.4425,574184
2022-06-13,197.8083,198.8387,195.0414,196.0185,902201
2022-06-14,196.9453,199.6356,195.5176,197.4600,893479
2022-06-15,199.5482,200.5777,194.5561,197.2658,694530
2022-06-16,193.1575,193.9636,189.5591,191.3316,846896
2022-06-17,192.0503,198.7809,191.8366,197.0035,1955554
2022-06-21,198.5964,200.7993,198.1010,199.2762,1127859
2022-06-22,199.6744,205.8514,198.2176,203.7730,923811
2022-06-23,204.4626,206.6867,204.0352,205.0065,618730
2022-06-24,206.7838,211.2514,206.7838,211.0766,946119
2022-06-27,210.9309,212.1644,207.7016,210.8727,598794
2022-06-28,211.1543,212.2858,204.1421,204.1906,472625
2022-06-29,203.8410,204.0061,200.8302,203.6953,484708
2022-06-30,201.3449,204.9870,200.9467,203.5690,753612
2022-07-01,202.6075,204.4140,200.6359,204.0352,503103
2022-07-05,200.6068,206.1234,199.3442,206.1234,738445
2022-07-06,207.2306,211.2272,206.4730,210.6784,767582
2022-07-07,210.6978,214.2817,210.3579,213.0968,716196
2022-07-08,211.2223,211.6982,208.4057,208.4737,586334
2022-07-11,207.1431,210.4453,206.7838,207.3083,645203
2022-07-12,207.3471,209.2313,201.3741,202.1802,726310
2022-07-13,198.9266,206.5313,198.6643,204.9579,567166
2022-07-14,201.3449,204.4286,200.6748,203.7341,428181
2022-07-15,206.5701,208.9011,205.2881,208.8331,502627
2022-07-18,209.0370,209.0370,205.1036,205.7931,438047
2022-07-19,208.3766,212.3392,207.7647,211.9993,549778
2022-07-20,211.8342,212.8734,210.4745,210.7852,629640
2022-07-21,210.6978,215.8648,210.6978,215.8259,489082
2022-07-22,216.0979,216.4961,213.9077,214.7964,387028
2022-07-25,214.8061,217.3702,213.1745,217.0788,587821
2022-07-26,216.1173,217.9917,215.6559,217.8169,552718
2022-07-27,218.4288,223.8677,216.9561,223.6249,601393
2022-07-28,224.8292,230.4526,223.9312,229.5202,948283
2022-07-29,230.5400,232.7155,229.5299,231.7249,810720
2022-08-01,229.9864,232.1231,229.3260,229.8213,890627
2022-08-02,230.7245,232.1134,227.4612,230.6274,646613
2022-08-03,231.0062,233.1235,229.8941,231.5889,623776
2022-08-04,231.5209,233.6479,230.0933,232.7932,944414
2022-08-05,236.0080,244.2246,231.6763,243.0105,1706619
2022-08-08,241.8839,242.7677,236.8870,241.0098,1019994
2022-08-09,240.3494,243.8264,239.0576,242.0782,882556
2022-08-10,245.5357,247.6044,242.9426,245.7203,759921
2022-08-11,245.8854,247.0460,244.8947,245.0210,812159
2022-08-12,246.4875,248.6145,245.1084,248.6048,897398
2022-08-15,247.5656,249.3041,246.5944,248.0221,470742
2022-08-16,247.5462,250.3821,247.0508,249.2070,397967
2022-08-17,246.6818,248.9107,245.5940,248.0706,457151
2022-08-18,248.8767,251.0523,247.7695,248.8670,485922
2022-08-19,248.4980,248.4980,245.7154,245.9631,612455
2022-08-22,242.5929,243.5981,241.0292,241.5051,444927
2022-08-23,239.5238,241.4857,238.4506,239.0868,369094
2022-08-24,239.8929,242.7774,239.3070,241.4760,706511
2022-08-25,242.2724,247.1965,241.6120,247.0606,699026
2022-08-26,247.0411,248.0026,241.1458,241.1749,802446
2022-08-29,238.5332,242.0102,237.8145,239.9609,463401
2022-08-30,241.3983,241.7431,237.0472,238.0767,514944
2022-08-31,239.7764,239.7764,236.0663,236.4062,789869
2022-09-01,236.1925,237.2220,232.8272,237.1443,663276
2022-09-02,239.1645,241.1069,235.6486,236.7558,594014
2022-09-06,236.7656,237.5231,233.3954,236.5616,806949
2022-09-07,237.1638,243.2533,236.9598,242.3695,573351
2022-09-08,241.3400,243.4379,240.5728,243.1562,516940
2022-09-09,243.8458,244.2051,241.5343,243.0202,640814
2022-09-12,244.7490,246.3807,244.1080,246.2156,724205
2022-09-13,242.1656,243.6321,237.8776,238.9994,735995
2022-09-14,237.2939,239.3791,234.1466,236.1051,993548
2022-09-15,235.3841,235.4036,230.8726,232.0614,898910
2022-09-16,231.2234,233.4060,229.4208,233.0748,1250491
2022-09-19,230.7752,234.7361,230.3318,234.4097,697819
2022-09-20,233.7861,234.1661,231.6521,233.3768,570173
2022-09-21,233.9712,237.5959,231.6911,231.7691,656350
2022-09-22,230.3270,230.9993,226.0299,226.0786,731314
2022-09-23,223.9252,224.4027,219.8912,222.9021,692166
2022-09-26,223.3601,224.1493,218.7220,220.0276,665159
2022-09-27,222.3759,223.1262,217.9424,219.8815,674067
2022-09-28,222.3564,224.6073,220.4076,223.7401,712596
2022-09-29,222.1226,222.2103,217.5770,219.5307,656836
2022-09-30,220.1153,222.7657,217.9522,218.2348,1074845
2022-10-03,221.5477,224.6170,220.1446,223.1067,877496
2022-10-04,226.7315,230.2198,226.1663,229.3916,607258
2022-10-05,226.7802,232.0906,226.5658,230.7947,476122
2022-10-06,230.6095,232.0419,227.5694,228.2028,459421
2022-10-07,226.1858,226.1858,222.3176,223.9642,554068
2022-10-10,224.8216,224.8216,220.6513,221.2067,402775
2022-10-11,220.1835,221.0995,216.8560,218.5076,666176
2022-10-12,219.6769,220.4807,217.5722,217.6111,709083
2022-10-13,214.2690,220.1348,211.4530,219.5989,783329
2022-10-14,220.1056,220.1056,207.3118,207.8185,1105883
2022-10-17,211.7453,216.5101,211.7453,215.0875,832561
2022-10-18,219.6963,221.6744,216.8511,219.5307,564491
2022-10-19,218.0886,219.5258,216.3834,218.1178,471898
2022-10-20,217.3578,218.7122,214.1618,215.5065,653812
2022-10-21,215.6526,221.2651,213.8110,220.5830,728802
2022-10-24,222.8144,229.6351,222.8144,229.0310,735261
2022-10-25,228.8849,234.1466,228.8849,233.5425,683442
2022-10-26,233.8932,235.2087,232.3147,234.1466,794648
2022-10-27,236.2318,238.3170,235.3256,235.9784,854469
2022-10-28,237.3913,244.0367,236.7774,243.7151,990803
2022-10-31,242.4971,245.4203,239.3304,243.3156,1125004
2022-11-01,244.3387,244.5531,236.3292,236.6703,968657
2022-11-02,236.2513,240.9381,233.7568,233.7568,677493
2022-11-03,231.7203,233.4255,229.4695,232.0809,920072
2022-11-04,245.4885,251.9080,237.7811,248.3435,1864943
2022-11-07,249.1133,250.9451,246.5360,248.9866,818273
2022-11-08,249.3179,253.7806,246.9111,250.2241,775966
2022-11-09,249.3081,249.4251,246.1803,247.1255,765906
2022-11-10,253.4006,254.7550,250.6918,252.9621,907116
2022-11-11,253.3421,253.3616,239.4668,243.1402,2209512
2022-11-14,243.7151,249.0548,243.7151,244.5239,718508
2022-11-15,246.6480,246.8137,242.3802,243.9977,704383
2022-11-16,244.6700,249.8733,244.5093,249.2107,599831
2022-11-17,248.1096,250.2436,246.2517,248.9671,553089
2022-11-18,251.5103,257.2300,250.4189,256.2068,931682
2022-11-21,255.9145,258.5454,255.1155,255.6612,515303
2022-11-22,257.1033,258.7500,256.0922,258.2726,620081
2022-11-23,258.6818,260.5916,258.3310,259.1885,447101
2022-11-25,260.4454,262.0234,259.3346,261.5563,212115
2022-11-28,260.0654,261.6537,258.2726,259.1690,897721
2022-11-29,258.0484,259.5393,256.7915,257.6879,706115
2022-11-30,256.9279,265.6000,256.9279,265.2297,1349521
2022-12-01,266.4087,268.1139,264.3430,264.8205,747982
2022-12-02,261.8778,267.0908,261.8778,265.7169,602546
2022-12-05,262.8717,265.2784,260.3431,261.3614,527412
2022-12-06,261.9655,263.0763,256.5381,259.3541,673416
2022-12-07,259.4516,262.4040,256.9376,259.9583,614523
2022-12-08,261.8778,263.1786,260.0849,262.8814,450400
2022-12-09,262.5989,264.3235,258.6672,258.7695,465382
2022-12-12,260.4162,264.0604,258.5454,263.9045,441044
2022-12-13,267.9580,267.9580,258.4090,260.3090,927098
2022-12-14,261.2294,266.9583,258.0522,259.8803,970644
2022-12-15,257.3385,257.7344,250.3779,251.3848,700243
2022-12-16,248.0902,249.3611,246.5016,246.7900,1191037
2022-12-19,247.5721,250.2312,246.9067,248.8919,644860
2022-12-20,249.7033,251.0035,248.1684,250.0943,419171
2022-12-21,251.1697,254.2101,250.6614,251.7367,432734
2022-12-22,250.5929,250.5929,245.8417,249.7033,610736
2022-12-23,249.7620,251.2039,248.7843,250.8862,230619
2022-12-27,251.7954,251.7954,248.9256,250.8862,271105
2022-12-28,250.3779,251.5412,247.8751,248.1196,290468
2022-12-29,250.2508,253.9217,250.2497,253.0174,322086
2022-12-30,251.9616,252.0495,249.1363,251.9420,360899
2023-01-03,252.5091,253.7897,249.8402,251.6390,531518
2023-01-04,253.5942,254.8358,250.3339,252.2451,646539
2023-01-05,251.1893,251.6976,248.5693,249.4100,497957
2023-01-06,253.0663,259.1569,250.9155,257.9348,359308
2023-01-09,258.5312,262.1288,254.4643,254.7771,492054
2023-01-10,255.1193,256.5232,253.8484,256.4782,411566
2023-01-11,252.5188,258.5801,251.3722,258.4237,830345
2023-01-12,259.8314,260.6526,256.6542,258.7854,884652
2023-01-13,254.9531,260.5940,254.1906,260.0563,556296
2023-01-17,259.9976,261.5716,256.5857,257.3972,749457
2023-01-18,257.9642,258.5067,250.7787,251.1111,533430
2023-01-19,249.7424,251.0084,246.0177,246.8780,829241
2023-01-20,246.9953,249.7424,245.3822,249.5958,488307
2023-01-23,249.4100,253.0859,248.2369,251.0720,419485
2023-01-24,249.8499,251.5412,246.5163,250.4952,418821
2023-01-25,248.7941,253.2227,248.5741,252.7828,479158
2023-01-26,255.1095,255.6081,249.7815,251.4923,620245
2023-01-27,250.9351,251.9518,248.3151,248.7061,507960
2023-01-30,247.9729,249.4784,246.3110,246.5945,732789
2023-01-31,247.6014,251.2773,247.0148,251.2577,713689
2023-02-01,249.7913,254.7405,248.2075,253.9559,583025
2023-02-02,254.7087,255.1780,248.6377,250.1921,856760
2023-02-03,249.5762,252.5970,248.6866,250.7005,588743
2023-02-06,249.8206,253.7457,249.2438,252.4602,619969
2023-02-07,250.0064,253.1054,245.6266,252.0300,778472
2023-02-08,250.8667,254.2002,249.5615,252.2255,633535
2023-02-09,253.6920,255.7743,251.3750,251.3946,817342
2023-02-10,258.6192,266.8898,256.3609,265.4430,1397976
2023-02-13,265.9122,267.6719,262.6079,265.4918,993495
2023-02-14,264.7879,266.0393,262.2461,264.3676,690340
2023-02-15,263.0673,265.9220,263.0331,265.9220,719255
2023-02-16,264.0645,265.0715,260.4278,261.3761,596937
2023-02-17,261.5520,265.1203,259.5577,263.3900,785572
2023-02-21,262.9794,263.2433,260.1931,262.4123,676266
2023-02-22,262.5492,262.9598,256.9181,258.1988,818323
2023-02-23,259.7532,260.1540,256.2582,258.0913,852386
2023-02-24,256.0480,257.4411,253.9462,255.9405,840436
2023-02-27,258.5507,259.1618,255.7792,257.0550,561610
2023-02-28,256.7813,259.0884,256.3902,256.9279,732168
2023-03-01,255.3735,257.6709,254.8505,257.4558,544394
2023-03-02,256.8497,258.5801,255.4126,257.6611,436045
2023-03-03,258.9907,260.6331,258.1988,260.5940,495401
2023-03-06,261.8551,263.7028,261.0730,262.0017,498556
2023-03-07,263.1847,263.6734,258.1010,260.0074,706806
2023-03-08,260.8872,262.2413,259.7092,261.6009,494553
2023-03-09,262.7349,264.9444,259.0542,259.2448,550171
2023-03-10,259.0298,259.6163,254.9042,255.6277,546274
2023-03-13,253.4476,258.4285,252.1180,255.3050,840749
2023-03-14,258.2479,262.2498,256.6785,261.1512,890741
2023-03-15,258.1302,258.4539,250.9504,253.7654,1030200
2023-03-16,256.3058,264.1232,255.8593,263.4366,952515
2023-03-17,263.7603,264.3390,257.1248,259.1797,1475738
2023-03-20,259.9251,265.1187,259.8712,262.9756,743281
2023-03-21,265.6435,267.8014,263.7603,266.4576,781485
2023-03-22,265.8102,267.8798,262.2301,262.4165,463620
2023-03-23,262.5440,267.0363,260.9109,263.0246,601510
2023-03-24,263.0246,266.7322,260.8570,266.4772,625324
2023-03-27,268.2820,270.5477,267.8259,268.9490,521226
2023-03-28,268.9490,269.8808,267.0902,267.6542,559717
2023-03-29,269.9690,272.3133,269.2628,271.5090,498941
2023-03-30,274.6379,276.7565,273.6080,276.2563,825969
2023-03-31,277.7374,280.7584,277.2764,280.6505,730600
2023-04-03,278.3749,280.7290,278.3063,279.9639,672558
2023-04-04,280.7290,280.7290,276.8546,280.4249,650137
2023-04-05,280.5328,280.7290,277.6589,280.6603,1043271
2023-04-06,278.5122,279.1106,276.5407,278.0316,795140
2023-04-10,277.5804,278.5024,276.0307,278.1886,590877
2023-04-11,277.5804,279.2822,277.1489,278.0709,625063
2023-04-12,279.2675,281.9158,277.7570,280.2483,639278
2023-04-13,281.7098,284.1914,280.2876,283.8579,755669
2023-04-14,284.3777,286.5552,283.4361,285.8784,969457
2023-04-17,285.8098,286.6974,283.9216,285.3488,656526
2023-04-18,286.6337,287.7028,283.4950,284.9368,563732
2023-04-19,284.1423,284.2306,281.9452,283.3380,512913
2023-04-20,282.1904,283.2301,280.5873,282.2100,599594
2023-04-21,284.1816,287.3693,283.3184,287.1437,615166
2023-04-24,287.3889,288.8993,285.8686,287.7813,501758
2023-04-25,287.9971,287.9971,283.4655,283.7598,564716
2023-04-26,281.3665,283.6715,281.1605,282.1806,610209
2023-04-27,283.3282,288.1736,281.9109,288.0265,841050
2023-04-28,286.9770,288.0167,283.2399,285.8196,886963
2023-05-01,286.8985,289.4438,286.8298,288.9289,460922
2023-05-02,288.3109,289.0147,284.6131,287.5459,665787
2023-05-03,289.3506,289.3506,282.9555,283.0928,595591
2023-05-04,282.6122,287.0653,282.3277,284.8485,968034
2023-05-05,279.6598,283.3282,271.6757,276.1680,1501282
2023-05-08,278.5711,281.6608,277.3843,279.4441,1096083
2023-05-09,279.0811,281.6313,278.4828,281.0821,590257
2023-05-10,282.5141,285.7803,281.7000,284.0050,545954
2023-05-11,284.3581,284.3581,281.5529,282.8966,461118
2023-05-12,284.5739,287.6832,283.7794,287.3497,610144
2023-05-15,286.9966,287.9873,283.4557,286.2904,508641
2023-05-16,286.0059,286.8200,284.8878,285.8000,455860
2023-05-17,287.5851,287.8892,283.6813,287.0456,651324
2023-05-18,285.3978,291.1946,285.3978,290.8513,654075
2023-05-19,292.7836,293.6958,291.4496,291.7537,727788
2023-05-22,290.7532,291.9695,287.5263,288.1344,792087
2023-05-23,285.9863,286.1138,279.5470,279.9639,751704
2023-05-24,279.3656,279.6206,276.4819,278.1493,595643
2023-05-25,279.2283,279.4490,276.4721,276.5996,946682
2023-05-26,278.4338,282.2248,278.1788,279.1204,932085
2023-05-30,279.3460,281.9992,277.7864,279.5716,1052753
2023-05-31,279.8364,281.3566,276.1876,276.5211,2279470
2023-06-01,276.5211,277.4235,274.4613,276.8154,912647
2023-06-02,276.0994,278.5809,275.5108,277.3156,1361475
2023-06-05,279.5618,281.0477,277.6491,277.8256,681383
2023-06-06,277.2862,277.9826,270.5968,272.9214,982153
2023-06-07,272.9214,275.7659,272.7939,275.4814,650302
2023-06-08,274.9518,275.2460,272.8920,273.8630,1193589
2023-06-09,274.6085,274.7360,271.4501,272.6664,716210
2023-06-12,273.0980,275.9424,271.6904,275.9130,736831
2023-06-13,276.0013,276.7712,272.9018,274.6281,695227
2023-06-14,274.6306,275.9097,272.1658,273.8434,1375354
2023-06-15,273.5187,278.1236,272.9800,277.7398,889414
2023-06-16,278.4581,280.1308,275.0733,275.7523,1303083
2023-06-20,275.4571,276.1655,273.0710,274.6306,744923
2023-06-21,274.4141,278.1088,272.3527,276.6477,927448
2023-06-22,277.2282,279.1666,276.0179,279.1272,679641
2023-06-23,277.3463,277.9268,271.9641,274.1386,4768386
2023-06-26,275.4276,278.2417,275.0487,275.8900,526065
2023-06-27,276.7756,280.4564,276.4170,279.3240,549009
2023-06-28,277.5923,280.4949,276.7165,278.9895,442547
2023-06-29,279.9833,284.3225,279.7963,283.9584,539075
2023-06-30,286.0739,289.6260,284.7653,288.5731,874822
2023-07-03,286.2215,288.0615,284.6865,288.0615,328360
2023-07-05,286.6446,288.3272,284.4996,288.0418,945805
2023-07-06,286.3888,291.5693,285.2376,290.8756,811711
2023-07-07,288.4157,289.5030,286.9988,287.1858,654625
2023-07-10,287.6679,291.4561,287.6679,290.2360,512712
2023-07-11,290.7477,292.4401,289.8424,291.5447,665358
2023-07-12,291.5053,293.3305,289.4489,290.1278,749766
2023-07-13,290.9838,292.5385,287.2350,287.4711,644354
2023-07-14,285.1687,287.4662,284.5389,286.3888,598567
2023-07-17,285.7295,287.7171,285.4934,286.8119,544809
2023-07-18,286.6151,287.0185,284.3028,286.0444,405786
2023-07-19,286.8020,288.4680,284.3717,287.2743,452425
2023-07-20,287.0775,291.0724,286.1821,290.7674,611243
2023-07-21,291.8792,293.6011,291.1708,291.4364,530983
2023-07-24,291.9284,292.0268,289.6358,290.8166,362597
2023-07-25,290.4230,293.3797,289.8523,293.1780,365597
2023-07-26,292.2630,292.8911,288.7109,290.6591,608592
2023-07-27,291.2889,292.0563,286.8316,287.0087,773643
2023-07-28,287.1464,290.0688,286.1034,286.3789,898922
2023-07-31,286.0149,286.0149,278.4581,282.0299,1800522
2023-08-01,284.1552,286.3297,282.1775,283.5058,882721
2023-08-02,282.5415,284.5980,280.7508,283.0335,651146
2023-08-03,280.2883,284.8637,278.8517,283.0925,799336
2023-08-04,288.4256,289.3800,273.9959,274.3747,1307823
2023-08-07,275.6539,278.3401,272.4855,275.9097,895312
2023-08-08,275.5850,279.0485,273.1251,273.3416,747479
2023-08-09,273.1743,279.1272,272.8103,276.7067,1085407
2023-08-10,277.3955,279.3929,276.0327,277.4643,838388
2023-08-11,277.4742,281.6166,277.4742,281.3706,645445
2023-08-14,281.9708,283.5408,279.8504,280.4654,650979
2023-08-15,280.2588,281.0607,276.6280,276.7756,472063
2023-08-16,276.5591,279.5897,276.4755,277.1200,798605
2023-08-17,278.7828,279.9144,272.7709,273.0070,848619
2023-08-18,271.7574,275.1914,271.6000,273.2235,1310067
2023-08-21,273.4597,274.7585,271.6590,272.7119,476724
2023-08-22,273.6663,274.3993,271.1179,271.4622,764693
2023-08-23,272.2986,273.6860,271.2064,273.3317,624728
2023-08-24,273.9221,275.4276,271.0588,271.1769,438799
2023-08-25,272.3478,275.5948,272.3478,274.3059,456755
2023-08-28,274.3944,277.1544,274.1189,276.3722,430621
2023-08-29,276.8149,278.4581,275.9884,277.5037,566617
2023-08-30,277.8973,280.2981,277.3364,278.6451,395662
2023-08-31,280.1702,280.1702,277.7792,279.0190,815538
2023-09-01,279.5306,280.2022,277.7103,279.1272,438537
2023-09-05,279.3535,279.5995,276.4607,276.5591,441713
2023-09-06,276.0474,277.8678,274.2271,276.4115,531919
2023-09-07,276.6575,280.1308,276.4830,277.8776,774049
2023-09-08,278.0547,280.3768,275.7228,277.9662,826040
2023-09-11,278.2318,279.6782,277.1790,278.9599,531069
2023-09-12,277.8284,279.0879,276.2541,276.7854,453078
2023-09-13,276.8543,277.5529,274.0500,275.5850,543965
2023-09-14,277.0582,281.6280,276.5055,281.1246,517421
2023-09-15,280.0389,282.0228,278.9483,279.5257,1036697
2023-09-18,279.7330,285.2503,278.2031,283.6612,786291
2023-09-19,284.0659,284.2435,280.7298,282.0820,619163
2023-09-20,282.7927,284.9542,281.7711,282.0228,684173
2023-09-21,280.8088,281.5589,275.4988,275.5383,490534
2023-09-22,275.1533,277.4432,274.0084,274.1269,572730
2023-09-25,273.4360,275.4100,272.0196,273.0609,509809
2023-09-26,271.8173,272.8882,269.6755,269.9420,613399
2023-09-27,270.4454,271.7877,267.7016,269.4288,539687
2023-09-28,270.2875,272.7352,270.2776,270.6231,478493
2023-09-29,271.3337,271.3633,268.0766,268.6984,715627
2023-10-02,267.8693,269.7940,267.5634,269.3696,496959
2023-10-03,268.7478,270.2945,266.1372,267.9582,526871
2023-10-04,268.3628,271.2547,268.2493,270.6625,558361
2023-10-05,270.1592,271.7186,269.4485,269.6755,459426
2023-10-06,268.6096,273.9887,267.5733,272.5477,442647
2023-10-09,276.1107,283.3059,276.0120,282.5854,669479
2023-10-10,282.4571,283.8981,280.1475,281.3418,583644
2023-10-11,281.6379,283.9376,280.5275,283.8586,440711
2023-10-12,284.8752,287.3723,283.2467,284.5298,450902
2023-10-13,285.2206,286.1209,281.8945,284.4014,463701
2023-10-16,286.5037,291.0834,286.5037,289.5042,838816
2023-10-17,287.3920,287.5697,284.3916,286.0793,614074
2023-10-18,285.4575,287.8460,283.8093,284.4705,443068
2023-10-19,282.7433,284.0067,277.7886,278.2722,594442
2023-10-20,279.5257,281.7464,277.4826,277.5912,936608
2023-10-23,276.7621,278.9533,275.2126,275.7949,607316
2023-10-24,276.5943,279.4764,275.3409,277.7787,474491
2023-10-25,278.3808,280.5670,276.6832,276.8608,409268
2023-10-26,275.9429,276.4266,269.8532,271.2646,723486
2023-10-27,270.4454,272.9622,268.1951,268.8465,574254
2023-10-30,270.0901,273.5347,268.8366,272.6266,458405
2023-10-31,274.3934,276.3575,272.6007,274.8375,618240
2023-11-01,274.9362,279.9501,274.0084,276.8510,895302
2023-11-02,276.5943,278.1439,272.8537,277.5122,1018777
2023-11-03,290.1753,295.5446,286.2274,295.5248,1307021
2023-11-06,295.1103,301.1507,294.7402,300.6177,1377331
2023-11-07,302.0587,304.1511,300.1736,301.0125,888606
2023-11-08,302.8582,306.5397,302.3696,305.1677,1063023
2023-11-09,305.2072,307.4773,302.8286,304.7828,859526
2023-11-10,304.8618,307.0701,301.7577,306.9739,642452
2023-11-13,306.9542,308.4840,304.5558,305.6119,465019
2023-11-14,306.1843,308.8591,303.5886,308.1978,609451
2023-11-15,308.4347,311.8201,307.8474,310.0336,962640
2023-11-16,308.4248,313.2117,308.1583,313.1328,652644
2023-11-17,315.8371,315.8371,312.9156,314.1099,694921
2023-11-20,313.8631,315.9654,311.4450,315.2745,619299
2023-11-21,315.9259,316.6859,314.2086,315.8272,426443
2023-11-22,317.5742,318.3342,314.5935,315.3634,441524
2023-11-24,315.8371,316.6662,313.8681,316.6662,275908
2023-11-27,316.7155,316.9327,314.4356,316.4984,599213
2023-11-28,316.8438,317.2386,313.6164,314.3171,634627
2023-11-29,316.2516,317.3077,314.4948,314.8896,653244
2023-11-30,314.3665,318.7783,313.4585,318.6698,1317344
2023-12-01,319.4495,321.6554,318.3638,321.0879,708354
2023-12-04,318.8178,320.2391,316.6761,319.4495,786203
2023-12-05,319.4495,320.7276,317.4360,320.3378,546058
2023-12-06,321.0484,321.0484,317.5347,318.2750,557145
2023-12-07,319.2422,321.1521,318.0282,319.1534,441298
2023-12-08,319.7851,320.9497,318.3638,320.2983,811825
2023-12-11,321.7591,323.4369,320.6536,322.1637,512400
2023-12-12,323.7330,325.5392,322.4796,324.6805,461608
2023-12-13,325.5195,325.5195,320.9793,322.6868,780027
2023-12-14,322.7575,322.7575,311.4956,312.6787,1375071
2023-12-15,307.8077,311.9164,305.1345,307.4117,2123392
2023-12-18,308.5403,311.9065,308.5403,311.8273,847745
2023-12-19,313.1342,313.1639,308.2680,309.8571,918737
2023-12-20,308.8472,310.5897,305.7484,306.3127,692302
2023-12-21,305.3424,307.8522,304.0356,307.4612,480130
2023-12-22,308.9066,309.3070,305.6098,306.7681,330751
2023-12-26,305.1147,307.8572,305.1147,306.9166,375884
2023-12-27,306.0949,308.0353,306.0949,307.3324,413173
2023-12-28,308.4809,308.8741,307.4414,307.9760,311243
2023-12-29,308.4017,310.7679,308.2878,309.9759,499124
2024-01-02,309.2532,311.3521,307.4513,308.5403,792271
2024-01-03,309.8472,311.1095,307.4414,308.8967,720205
2024-01-04,309.9759,311.1640,308.6096,308.6492,735706
2024-01-05,308.6096,309.0799,304.2534,306.0850,492790
2024-01-08,307.2730,309.9066,305.5405,309.7482,517732
2024-01-09,308.5997,309.7415,306.3572,308.9066,629126
2024-01-10,309.3522,311.9808,308.9165,311.9065,416193
2024-01-11,312.3322,312.8866,309.6195,311.1541,613956
2024-01-12,312.1540,313.1936,310.5501,313.1639,692334
2024-01-16,312.5005,313.9955,310.9560,312.5104,499897
2024-01-17,312.5797,314.7083,312.5797,313.8767,445698
2024-01-18,314.0153,317.8468,313.6490,317.7775,693173
2024-01-19,319.8071,324.7970,318.8765,323.0347,735709
2024-01-22,324.1832,324.8861,321.5496,321.7575,783347
2024-01-23,322.5991,326.2623,322.0050,326.1930,593206
2024-01-24,326.5494,327.6384,324.9059,325.0841,559223
2024-01-25,326.2623,327.5493,323.5743,325.3217,386124
2024-01-26,324.7376,325.9949,322.8367,322.8565,487019
2024-01-29,321.8664,324.9653,321.8367,323.5000,622752
2024-01-30,322.6189,324.8168,322.4110,324.2624,791136
2024-01-31,323.3317,323.3416,316.3122,316.3221,832389
2024-02-01,316.3221,321.9753,315.6291,321.9159,529819
2024-02-02,321.4902,326.7078,321.4902,324.3614,537260
2024-02-05,323.3515,323.3614,320.4111,322.0644,670241
2024-02-06,321.6783,323.7030,318.2626,322.1437,705052
2024-02-07,325.2326,325.6435,323.0941,324.6683,542981
2024-02-08,326.7177,327.1038,322.9060,325.0841,930054
2024-02-09,320.5992,329.6879,319.9556,327.5988,1198614
2024-02-12,326.7177,327.5097,316.3716,316.9063,906600
2024-02-13,316.5696,318.5597,311.7085,316.0449,741403
2024-02-14,316.6291,316.9261,313.1936,316.2132,496724
2024-02-15,315.6885,321.8763,315.2529,320.6784,706251
2024-02-16,320.9358,320.9358,316.2231,317.3023,548700
2024-02-20,316.1637,322.8268,315.0351,319.8269,641205
2024-02-21,321.8070,322.7426,318.7874,321.5892,425745
2024-02-22,324.4901,329.4502,322.5397,327.7474,562091
2024-02-23,328.0345,330.2918,326.8662,326.9850,439581
2024-02-26,328.4503,329.0938,324.7029,325.2821,553105
2024-02-27,325.0247,325.5098,322.9753,325.4108,351902
2024-02-28,325.5494,328.8067,324.8069,327.9553,369244
2024-02-29,329.3215,331.3511,324.8663,327.1038,986995
2024-03-01,327.5889,332.5392,326.7474,332.2224,463243
2024-03-04,331.7175,332.4600,329.5245,332.4303,388104
2024-03-05,331.9848,332.3411,326.3811,328.5097,397449
2024-03-06,331.6284,336.2519,330.6779,334.1728,767951
2024-03-07,334.8856,334.9302,330.6680,330.8759,492158
2024-03-08,330.5492,334.0243,329.0558,332.0739,592248
2024-03-11,328.6780,334.7569,326.4207,334.6678,477247
2024-03-12,335.2421,337.4103,332.7273,337.0341,592872
2024-03-13,337.6083,341.4200,336.0341,340.2616,864437
2024-03-14,342.0886,342.1779,338.2411,340.2517,774656
2024-03-15,337.5213,342.2176,336.6277,341.7411,1224965
2024-03-18,342.5552,344.6131,337.4022,337.6107,745553
2024-03-19,339.0901,344.6601,338.5787,343.3396,747546
2024-03-20,344.0346,344.7396,341.9794,343.5680,601054
2024-03-21,344.0743,347.2516,342.7935,346.6856,437110
2024-03-22,347.5097,348.8303,346.0105,346.0800,363717
2024-03-25,344.9084,346.6459,344.4914,345.4445,411028
2024-03-26,345.2261,347.6098,344.5509,345.1367,451765
2024-03-27,348.0062,351.0146,346.4573,350.8955,537506
2024-03-28,351.4316,352.8614,349.3962,352.4543,705394
2024-04-01,351.2926,351.9082,348.9295,351.0742,492172
2024-04-02,350.1607,351.6786,347.5296,349.5650,525584
2024-04-03,349.2771,351.6202,347.6289,347.8572,709092
2024-04-04,350.7465,352.7919,345.2757,345.4544,706325
2024-04-05,346.4573,350.1309,345.6729,349.7934,421662
2024-04-08,349.4856,351.6203,347.6735,349.5253,393702
2024-04-09,349.9522,350.6423,345.6027,350.4487,403576
2024-04-10,347.5991,347.5991,343.5680,344.9779,569941
2024-04-11,346.2686,349.1182,346.1395,346.2587,410130
2024-04-12,343.3098,345.0772,341.0113,341.3638,410503
2024-04-15,345.1566,345.1566,335.9724,336.1710,777973
2024-04-16,337.5213,339.1546,335.8135,337.6901,530262
2024-04-17,339.7652,340.7283,336.7965,338.0872,533558
2024-04-18,339.3482,340.1524,334.9199,337.0447,488706
2024-04-19,338.6433,338.6433,334.7600,337.2334,1392899
2024-04-22,338.9908,345.3849,337.3426,342.7737,1025863
2024-04-23,343.5084,347.5991,342.4659,343.0914,721301
2024-04-24,342.0687,344.4317,341.4134,342.6545,616815
2024-04-25,342.7439,347.1920,340.5695,346.5367,754438
2024-04-26,346.0403,346.7948,343.7665,344.0148,590624
2024-04-29,344.5410,346.5963,343.2800,345.2162,398126
2024-04-30,344.2332,344.6006,336.1263,336.7369,1132520
2024-05-01,335.6348,337.6552,333.2817,333.6093,1053254
2024-05-02,334.4136,334.6121,330.6108,333.8476,1156064
2024-05-03,349.6246,353.6358,344.9233,351.1834,1150140
2024-05-06,352.7323,352.7323,342.8135,347.1523,1103298
2024-05-07,351.1536,355.6514,348.8501,355.6216,765235
2024-05-08,357.2499,359.1066,355.6911,356.4655,624071
2024-05-09,355.9195,358.0144,355.5322,357.5478,526130
2024-05-10,358.6002,361.4726,357.8854,360.2683,611160
2024-05-13,360.6257,361.8768,353.7649,355.4528,733225
2024-05-14,357.1010,360.4073,356.2868,358.4811,851999
2024-05-15,358.3917,364.2299,358.3917,362.4328,522184
2024-05-16,363.4654,365.1930,362.4725,363.8030,450273
2024-05-17,366.9603,366.9603,363.6044,365.1831,422280
2024-05-20,364.3193,365.8384,364.0810,365.8086,290519
2024-05-21,366.1164,367.9830,365.2724,367.1093,605592
2024-05-22,367.3674,369.3631,366.5781,368.4298,410102
2024-05-23,367.2086,367.2086,359.9704,360.7647,563054
2024-05-24,361.6683,363.2172,360.8244,362.0058,518466
2024-05-28,360.9931,362.0952,355.9579,357.3294,599955
2024-05-29,355.8897,357.7959,354.5096,354.5691,563468
2024-05-30,354.4897,358.5208,354.3557,357.1308,609726
2024-05-31,357.7066,362.5619,354.2316,362.3136,1156642
2024-06-03,360.9236,363.8874,358.2229,363.7930,585620
2024-06-04,363.5845,366.8610,362.6363,366.5930,701461
2024-06-05,368.3603,369.3631,362.6711,368.0128,637715
2024-06-06,368.1617,368.1617,364.5675,367.8341,395648
2024-06-07,368.0823,371.0907,367.2781,368.4199,393773
2024-06-10,368.0525,371.3092,367.3674,371.1404,560020
2024-06-11,370.9120,374.3573,368.9660,374.2183,446401
2024-06-12,377.2863,378.0806,374.6155,376.6509,670686
2024-06-13,376.1147,378.8849,370.5695,374.0297,555795
2024-06-14,369.0830,374.3540,368.3264,373.7120,572351
2024-06-17,374.2993,381.1830,374.1151,381.0884,532901
2024-06-18,381.7355,382.8902,378.0373,381.8649,598195
2024-06-20,381.6957,383.9255,380.8595,382.8604,830642
2024-06-21,384.1545,384.5925,381.1183,384.2939,972676
2024-06-24,384.4233,389.1319,383.7862,386.4043,641773
2024-06-25,386.9319,389.8785,385.6577,388.5943,666071
2024-06-26,385.6179,385.6179,378.9979,382.4921,566550
2024-06-27,384.1346,386.2151,382.4124,384.6522,532338
2024-06-28,385.0007,388.1065,383.5672,384.3038,1400585
2024-07-01,387.3201,387.3201,382.9201,384.6224,413745
2024-07-02,385.3192,386.4142,383.2486,385.0106,368078
2024-07-03,384.5726,386.5735,383.3183,384.0550,277114
2024-07-05,385.4188,385.4287,382.7708,385.1201,835215
2024-07-08,386.5536,389.7242,386.2450,388.8034,679820
2024-07-09,389.4504,390.5654,387.8776,388.9527,626058
2024-07-10,390.7446,390.7446,386.2251,389.2812,631377
2024-07-11,388.5943,391.0235,384.7817,386.9319,578720
2024-07-12,387.5391,392.7156,387.0812,388.3952,479798
2024-07-15,388.5744,392.8152,388.2957,392.6061,493868
2024-07-16,393.7708,397.0758,392.9545,394.2785,486919
2024-07-17,393.2731,394.2437,389.3310,391.9292,514078
2024-07-18,392.2079,393.9301,390.6151,392.6758,364545
2024-07-19,395.0550,395.0550,387.0115,388.4251,790000
2024-07-22,390.4957,394.4876,389.0025,394.3581,589794
2024-07-23,394.5274,397.8120,394.0147,394.7563,444643
2024-07-24,393.2631,393.5667,387.7482,388.8332,519406
2024-07-25,391.3717,393.2579,383.4278,383.9056,767791
2024-07-26,383.8559,394.0595,383.8559,391.9292,397856
2024-07-29,392.3274,395.9509,392.1382,393.6314,350005
2024-07-30,395.8314,400.7391,392.1880,393.5419,539191
2024-07-31,396.4387,399.0867,394.0894,397.1156,666585
2024-08-01,398.0514,401.7048,392.4468,396.7772,799142
2024-08-02,397.7129,408.8125,394.3183,408.4441,1280936
2024-08-05,398.2007,408.9095,394.9057,397.8324,1402712
2024-08-06,399.5446,410.0369,399.5446,401.0278,1528489
2024-08-07,405.8459,410.7736,402.2423,402.5111,939169
2024-08-08,404.0143,411.0125,401.3763,410.3156,483504
2024-08-09,409.6387,411.4107,404.7509,408.9021,338274
2024-08-12,408.9021,412.1573,407.0704,410.8930,372572
2024-08-13,411.6794,415.5419,409.9772,410.1364,781310
2024-08-14,409.3401,417.6722,409.3401,416.6966,859410
2024-08-15,418.4785,422.6297,416.4876,420.0315,603242
2024-08-16,420.6387,421.5546,417.0849,419.4641,437255
2024-08-19,420.1012,421.3455,418.4785,420.5292,411839
2024-08-20,422.4903,424.9392,421.6939,424.4514,407284
2024-08-21,423.9138,427.3781,422.1718,423.7944,708454
2024-08-22,424.8496,425.4870,421.1365,422.5401,653696
2024-08-23,424.6107,428.8116,423.6351,428.4532,666123
2024-08-26,429.3392,431.3202,426.3428,428.2840,475001
2024-08-27,428.8813,431.5492,428.5876,430.4044,530348
2024-08-28,431.9971,434.4759,431.0886,433.2415,417661
2024-08-29,433.0324,437.1537,433.0324,435.1727,363765
2024-08-30,436.6261,441.8723,435.1727,440.0406,940972
2024-09-03,444.4904,446.9492,435.2424,438.3781,668420
2024-09-04,438.3781,438.4478,433.0623,435.4713,1000768
2024-09-05,434.8143,435.3718,429.6030,435.3320,561806
2024-09-06,434.4958,437.0805,428.5030,429.5482,663342
2024-09-09,432.2261,438.3980,430.5736,436.8849,937914
2024-09-10,437.0243,440.4388,435.5808,436.1184,742091
2024-09-11,434.5754,434.5754,426.9501,433.9184,789114
2024-09-12,431.9971,439.2243,431.5193,437.8107,879275
2024-09-13,438.2432,441.3560,437.2555,440.7374,528357
2024-09-16,442.1741,444.1794,440.0091,442.1541,611570
2024-09-17,442.0344,443.3513,436.5372,437.8940,642153
2024-09-18,437.1158,439.3905,432.2371,435.5694,551072
2024-09-19,438.9815,439.8994,436.1281,437.7942,903826
2024-09-20,436.3376,441.8648,435.5594,441.5455,1072261
2024-09-23,442.0843,446.4342,440.3782,446.0750,448271
2024-09-24,447.1625,449.4971,442.1143,449.0880,527255
2024-09-25,450.4050,450.9537,447.4618,449.4472,449400
2024-09-26,448.5792,450.2553,446.4983,447.0727,462277
2024-09-27,446.2247,447.0228,443.0720,445.3268,514517
2024-09-30,445.7258,449.9061,443.7604,448.5892,692436
2024-10-01,448.7688,448.8286,445.2469,448.0405,504130
2024-10-02,446.0950,449.1978,445.3867,448.4595,358485
2024-10-03,447.1625,448.5393,442.7926,448.0704,611912
2024-10-04,448.2101,449.4971,444.5891,449.2576,626657
2024-10-07,448.5792,451.4675,447.4419,448.1502,599301
2024-10-08,451.4725,457.8477,451.4326,456.8500,700490
2024-10-09,456.7004,466.8069,454.3259,465.4700,675985
2024-10-10,465.4700,466.3679,460.3918,463.5545,700500
2024-10-11,464.9113,467.9243,462.6366,466.8568,531264
2024-10-14,468.7424,474.8682,467.8744,471.8951,487471
2024-10-15,475.0179,476.7838,471.9350,472.3141,548951
2024-10-16,470.5582,475.7262,468.3335,475.4469,420816
2024-10-17,477.9311,479.1681,475.2673,476.5144,477060
2024-10-18,474.9680,475.7163,472.5536,474.1000,639839
2024-10-21,474.8582,477.3924,474.4093,475.9956,625579
2024-10-22,471.6058,475.0383,468.8921,469.0916,608788
2024-10-23,468.8721,471.2666,465.0211,465.9988,834723
2024-10-24,465.6895,467.1660,463.2599,464.3027,396995
2024-10-25,464.3027,465.9090,460.5115,461.2498,335622
2024-10-28,464.6519,464.6519,452.7496,456.3312,578147
2024-10-29,457.1493,459.8131,456.4709,457.1693,462911
2024-10-30,457.1394,457.3339,451.7419,451.9514,659012
2024-10-31,450.9537,452.8992,447.8309,448.3098,949310
2024-11-01,450.9737,455.5830,450.8943,452.8393,818454
2024-11-04,455.0642,459.4739,454.4107,457.1194,511127
2024-11-05,457.0097,461.8833,457.0097,461.0203,550427
2024-11-06,478.1706,478.6694,463.3420,468.0441,730281
2024-11-07,469.1415,470.5183,464.8764,468.8622,721102
2024-11-08,484.9299,505.5470,483.2687,503.4319,1163477
2024-11-11,504.8287,506.6445,495.7697,495.8096,754401
2024-11-12,499.2018,500.5878,491.8688,496.2985,748598
2024-11-13,495.8495,498.6530,492.2878,495.5502,543464
2024-11-14,494.8519,497.6254,491.1654,492.5572,553526
2024-11-15,488.3669,493.3753,486.0315,487.8681,722737
2024-11-18,487.4989,493.2356,485.4836,489.2149,593900
2024-11-19,486.6808,488.8059,483.4084,486.3316,481756
2024-11-20,488.8258,492.3776,484.0569,491.4597,481969
2024-11-21,493.5150,495.1224,490.1627,493.6945,686701
2024-11-22,495.9892,501.2969,495.2210,499.7405,520132
2024-11-25,499.4512,500.8629,486.0622,487.2395,2280483
2024-11-26,495.3208,496.8472,489.8934,495.4305,573951
2024-11-27,495.3507,501.0275,494.9017,499.5011,755669
2024-11-29,500.8978,502.4542,498.0295,498.5433,377912
2024-12-02,497.4658,498.6331,494.2931,495.5502,817243
2024-12-03,495.5502,497.1565,491.9486,496.6078,676612
2024-12-04,496.0391,499.1219,494.6224,496.7175,558594
2024-12-05,495.8894,499.7006,493.1458,493.8242,1214078
2024-12-06,491.3500,493.8542,484.5884,488.8258,1299788
2024-12-09,486.6409,487.5388,475.0378,477.8014,1459913
2024-12-10,478.1606,481.1437,474.6288,475.9158,977822
2024-12-11,476.8436,481.5527,475.0079,477.0033,974920
2024-12-12,479.2780,481.5727,467.6949,468.8322,1142614
2024-12-13,471.4400,472.4000,466.3000,469.7900,884427
2024-12-16,470.1300,472.3694,465.3100,467.2600,1159991
2024-12-17,463.9700,466.0350,460.1300,461.7500,1446354
2024-12-18,465.1200,468.2600,460.0300,462.6800,1237235
2024-12-19,464.4800,469.9500,462.9750,463.8100,886359
2024-12-20,461.0300,472.5700,460.0000,469.9400,2508271
2024-12-23,468.9400,470.2450,463.5954,469.7700,652462
2024-12-24,469.9600,472.4600,468.2900,472.4500,235380
2024-12-26,470.4600,472.0750,468.7500,471.3100,292348
2024-12-27,468.4200,470.6200,465.5700,467.3300,364829
2024-12-30,462.9300,465.7400,459.2600,463.5900,422835
2024-12-31,463.7600,464.9841,460.3700,462.2300,455355
2025-01-02,464.8600,465.2200,457.7100,459.2300,570890
2025-01-03,460.8100,463.5090,458.7600,461.8400,525618
2025-01-06,459.9000,460.5000,450.1800,456.4500,1179790
2025-01-07,458.9200,462.9099,454.6800,455.1500,856951
2025-01-08,456.4900,463.0000,455.9300,462.7300,719776
2025-01-10,459.1200,461.0250,453.7850,455.2600,604399
2025-01-13,452.4600,458.8500,452.2278,456.7700,917395
2025-01-14,457.8600,461.3299,454.3200,460.8400,512043
2025-01-15,462.8800,464.9990,457.1000,460.0800,812351
2025-01-16,462.6800,465.6400,461.1200,462.7000,460564
2025-01-17,466.1500,468.3400,462.8900,464.8600,621315
2025-01-21,467.4400,468.1700,464.8200,467.8400,976460
2025-01-22,469.8000,475.2000,466.2000,471.9200,848109
2025-01-23,472.6100,476.2900,469.3975,476.0500,600367
2025-01-24,474.3100,480.8050,474.3100,479.1800,866575
2025-01-27,476.5800,482.1500,465.7200,468.2700,1316869
2025-01-28,468.2800,471.1000,463.4577,465.2400,706362
2025-01-29,465.9400,469.8400,463.2600,463.4100,630285
2025-01-30,468.7600,475.1050,468.5293,472.6100,545082
2025-01-31,472.8400,473.8900,467.3130,469.2500,691694
2025-02-03,465.4700,474.1000,463.2000,473.3700,889595
2025-02-04,470.0300,473.5400,468.7450,471.3800,622125
2025-02-05,475.4700,481.2200,471.5000,481.0200,494603
2025-02-06,482.0500,483.1750,478.2901,482.1000,345931
2025-02-07,483.4500,485.9700,478.3300,479.3100,426766
2025-02-10,480.0000,484.7300,478.7275,481.7600,634855
2025-02-11,481.0000,481.0000,473.0100,474.5800,552639
2025-02-12,467.9950,472.6200,463.2700,466.9000,718689
2025-02-13,467.0200,470.5900,461.3900,466.0500,1369560
2025-02-14,471.0500,472.5800,436.8300,438.1400,1545196
2025-02-18,434.9600,439.6400,423.7900,425.9800,1674500
2025-02-19,426.0000,439.3100,426.0000,439.0800,1397622
2025-02-20,439.0700,439.5200,430.1600,434.5100,988409
2025-02-21,432.7300,433.1600,420.1400,421.9000,1180054
2025-02-24,421.0500,424.2500,418.9900,420.7000,712891
2025-02-25,424.4600,428.4400,421.5100,426.4700,893764
2025-02-26,424.8200,429.8200,424.7600,426.2700,638492
2025-02-27,426.8100,432.7300,426.3850,429.5500,827410
2025-02-28,433.7500,441.6300,430.9700,440.2200,1619998
2025-03-03,438.9700,440.6800,423.1600,427.3500,938742
2025-03-04,424.3900,428.3900,421.1200,423.0600,713928
2025-03-05,420.4900,427.3600,419.9000,426.1000,559646
2025-03-06,422.2450,428.3100,417.1700,423.3100,1288917
2025-03-07,421.6600,425.7950,416.3500,423.1300,856783
2025-03-10,420.1300,422.4150,412.0100,415.6700,1114688
2025-03-11,416.3300,416.9900,410.5000,411.7300,992481
2025-03-12,413.9600,417.0115,410.5900,412.8800,908623
2025-03-13,412.2800,416.7500,404.1400,414.1200,1034383
2025-03-14,415.0600,418.2900,412.6900,417.9600,714642
2025-03-17,416.8000,423.8950,415.4000,421.5900,856548
2025-03-18,420.2800,423.4300,419.4400,421.9000,567213
2025-03-19,422.5900,424.9700,420.0050,424.3600,495082
2025-03-20,422.1900,425.1600,419.1900,422.2800,556878
2025-03-21,422.3400,424.8850,419.0900,422.7100,1140629
2025-03-24,427.4900,430.3700,424.4900,429.3400,575434
2025-03-25,429.9500,435.4500,427.9900,429.1900,612620
2025-03-26,430.8800,436.2900,428.7300,431.2300,598342
2025-03-27,430.6700,433.5600,427.0000,432.3300,660655
